{
  "type": "FeatureCollection",
  "name": "AHR terkurasi gratis",
  "features": [
    {
      "type": "Feature",
      "properties": {
        "nama_ahr": "Komplek TNI AU Triloka (Main Entrance)",
        "tipe_ahr": "residential",
        "alamat": "Jalan Triloka",
        "status_sewa": "belum terverifikasi (kandidat OSM)",
        "kontak_telepon": null,
        "url_sumber": "https://www.openstreetmap.org/node/4240929793",
        "tanggal_akses": "2026-08-05T07:33:37.864840+00:00",
        "osm_type": "node",
        "osm_id": "4240929793",
        "jarak_ke_jalur_m": 280.9,
        "dalam_500m": true,
        "dalam_700m": true,
        "dalam_1000m": true,
        "layanan_terdekat": "LRT Jabodebek",
        "latitude": -6.2461285,
        "longitude": 106.8427251,
        "google_maps_url": "https://www.google.com/maps/search/?api=1&query=Komplek%20TNI%20AU%20Triloka%20(Main%20Entrance)%2C%20Jalan%20Triloka%2C%20Indonesia",
        "google_maps_pin_url": "https://www.google.com/maps/search/?api=1&query=-6.2461285%2C106.8427251",
        "google_directions_url": "https://www.google.com/maps/dir/?api=1&destination=-6.2461285%2C106.8427251",
        "tingkat_kepercayaan": "menengah",
        "status_verifikasi": "kandidat AHR terkurasi dari OSM",
        "sumber_kontak": null
      },
      "geometry": {
        "type": "Point",
        "coordinates": [
          106.8427251,
          -6.2461285
        ]
      }
    },
    {
      "type": "Feature",
      "properties": {
        "nama_ahr": "Perumahan Jakapermai",
        "tipe_ahr": "residential",
        "alamat": "Jalan Raya Kalimalang, Jaka Sampurna, Bekasi Barat",
        "status_sewa": "belum terverifikasi (kandidat OSM)",
        "kontak_telepon": null,
        "url_sumber": "https://www.openstreetmap.org/node/4242432589",
        "tanggal_akses": "2026-08-05T07:33:37.864840+00:00",
        "osm_type": "node",
        "osm_id": "4242432589",
        "jarak_ke_jalur_m": 248.2,
        "dalam_500m": true,
        "dalam_700m": true,
        "dalam_1000m": true,
        "layanan_terdekat": "LRT Jabodebek",
        "latitude": -6.2489802,
        "longitude": 106.9688466,
        "google_maps_url": "https://www.google.com/maps/search/?api=1&query=Perumahan%20Jakapermai%2C%20Jalan%20Raya%20Kalimalang%2C%20Jaka%20Sampurna%2C%20Bekasi%20Barat%2C%20Indonesia",
        "google_maps_pin_url": "https://www.google.com/maps/search/?api=1&query=-6.2489802%2C106.9688466",
        "google_directions_url": "https://www.google.com/maps/dir/?api=1&destination=-6.2489802%2C106.9688466",
        "tingkat_kepercayaan": "menengah",
        "status_verifikasi": "kandidat AHR terkurasi dari OSM",
        "sumber_kontak": null
      },
      "geometry": {
        "type": "Point",
        "coordinates": [
          106.9688466,
          -6.2489802
        ]
      }
    },
    {
      "type": "Feature",
      "properties": {
        "nama_ahr": "Perumahan Jatibening II",
        "tipe_ahr": "residential",
        "alamat": "Jalan Hanjuang VII Blok H7 , Jatibening Baru, Pondok Gede 117",
        "status_sewa": "belum terverifikasi (kandidat OSM)",
        "kontak_telepon": null,
        "url_sumber": "https://www.openstreetmap.org/node/4242437067",
        "tanggal_akses": "2026-08-05T07:33:37.864840+00:00",
        "osm_type": "node",
        "osm_id": "4242437067",
        "jarak_ke_jalur_m": 556.6,
        "dalam_500m": false,
        "dalam_700m": true,
        "dalam_1000m": true,
        "layanan_terdekat": "LRT Jabodebek",
        "latitude": -6.2622479,
        "longitude": 106.9386383,
        "google_maps_url": "https://www.google.com/maps/search/?api=1&query=Perumahan%20Jatibening%20II%2C%20Jalan%20Hanjuang%20VII%20Blok%20H7%20%2C%20Jatibening%20Baru%2C%20Pondok%20Gede%20117%2C%20Indonesia",
        "google_maps_pin_url": "https://www.google.com/maps/search/?api=1&query=-6.2622479%2C106.9386383",
        "google_directions_url": "https://www.google.com/maps/dir/?api=1&destination=-6.2622479%2C106.9386383",
        "tingkat_kepercayaan": "menengah",
        "status_verifikasi": "kandidat AHR terkurasi dari OSM",
        "sumber_kontak": null
      },
      "geometry": {
        "type": "Point",
        "coordinates": [
          106.9386383,
          -6.2622479
        ]
      }
    },
    {
      "type": "Feature",
      "properties": {
        "nama_ahr": "The 10 Residence",
        "tipe_ahr": "residential",
        "alamat": "Jl. Karet Karya",
        "status_sewa": "belum terverifikasi (kandidat OSM)",
        "kontak_telepon": null,
        "url_sumber": "https://www.openstreetmap.org/node/4242479752",
        "tanggal_akses": "2026-08-05T07:33:37.864840+00:00",
        "osm_type": "node",
        "osm_id": "4242479752",
        "jarak_ke_jalur_m": 425.5,
        "dalam_500m": true,
        "dalam_700m": true,
        "dalam_1000m": true,
        "layanan_terdekat": "LRT Jabodebek",
        "latitude": -6.2121637,
        "longitude": 106.8265701,
        "google_maps_url": "https://www.google.com/maps/search/?api=1&query=The%2010%20Residence%2C%20Jl.%20Karet%20Karya%2C%20Indonesia",
        "google_maps_pin_url": "https://www.google.com/maps/search/?api=1&query=-6.2121637%2C106.8265701",
        "google_directions_url": "https://www.google.com/maps/dir/?api=1&destination=-6.2121637%2C106.8265701",
        "tingkat_kepercayaan": "menengah",
        "status_verifikasi": "kandidat AHR terkurasi dari OSM",
        "sumber_kontak": null
      },
      "geometry": {
        "type": "Point",
        "coordinates": [
          106.8265701,
          -6.2121637
        ]
      }
    },
    {
      "type": "Feature",
      "properties": {
        "nama_ahr": "Pinang Ranti Mansion",
        "tipe_ahr": "residential",
        "alamat": "Jl. Pusdiklat Depnaker, Pinang Ranti, Makasar, Pinang Ranti",
        "status_sewa": "belum terverifikasi (kandidat OSM)",
        "kontak_telepon": null,
        "url_sumber": "https://www.openstreetmap.org/node/4242572491",
        "tanggal_akses": "2026-08-05T07:33:37.864840+00:00",
        "osm_type": "node",
        "osm_id": "4242572491",
        "jarak_ke_jalur_m": 383.2,
        "dalam_500m": true,
        "dalam_700m": true,
        "dalam_1000m": true,
        "layanan_terdekat": "LRT Jabodebek",
        "latitude": -6.2852521,
        "longitude": 106.8814677,
        "google_maps_url": "https://www.google.com/maps/search/?api=1&query=Pinang%20Ranti%20Mansion%2C%20Jl.%20Pusdiklat%20Depnaker%2C%20Pinang%20Ranti%2C%20Makasar%2C%20Pinang%20Ranti%2C%20Indonesia",
        "google_maps_pin_url": "https://www.google.com/maps/search/?api=1&query=-6.2852521%2C106.8814677",
        "google_directions_url": "https://www.google.com/maps/dir/?api=1&destination=-6.2852521%2C106.8814677",
        "tingkat_kepercayaan": "menengah",
        "status_verifikasi": "kandidat AHR terkurasi dari OSM",
        "sumber_kontak": null
      },
      "geometry": {
        "type": "Point",
        "coordinates": [
          106.8814677,
          -6.2852521
        ]
      }
    },
    {
      "type": "Feature",
      "properties": {
        "nama_ahr": "Pondok Hijau Permai",
        "tipe_ahr": "residential",
        "alamat": "Jalan Pondok Hijau Raya, Rawa Lumbu",
        "status_sewa": "belum terverifikasi (kandidat OSM)",
        "kontak_telepon": null,
        "url_sumber": "https://www.openstreetmap.org/node/4243800689",
        "tanggal_akses": "2026-08-05T07:33:37.864840+00:00",
        "osm_type": "node",
        "osm_id": "4243800689",
        "jarak_ke_jalur_m": 236.9,
        "dalam_500m": true,
        "dalam_700m": true,
        "dalam_1000m": true,
        "layanan_terdekat": "LRT Jabodebek",
        "latitude": -6.263877,
        "longitude": 107.0144553,
        "google_maps_url": "https://www.google.com/maps/search/?api=1&query=Pondok%20Hijau%20Permai%2C%20Jalan%20Pondok%20Hijau%20Raya%2C%20Rawa%20Lumbu%2C%20Indonesia",
        "google_maps_pin_url": "https://www.google.com/maps/search/?api=1&query=-6.263877%2C107.0144553",
        "google_directions_url": "https://www.google.com/maps/dir/?api=1&destination=-6.263877%2C107.0144553",
        "tingkat_kepercayaan": "menengah",
        "status_verifikasi": "kandidat AHR terkurasi dari OSM",
        "sumber_kontak": null
      },
      "geometry": {
        "type": "Point",
        "coordinates": [
          107.0144553,
          -6.263877
        ]
      }
    },
    {
      "type": "Feature",
      "properties": {
        "nama_ahr": "MT Haryono Residence Apartment (Main Entrance)",
        "tipe_ahr": "apartments",
        "alamat": "Jl. Otista 2 60",
        "status_sewa": "belum terverifikasi (kandidat OSM)",
        "kontak_telepon": null,
        "url_sumber": "https://www.openstreetmap.org/node/4243800718",
        "tanggal_akses": "2026-08-05T07:33:37.864840+00:00",
        "osm_type": "node",
        "osm_id": "4243800718",
        "jarak_ke_jalur_m": 135.6,
        "dalam_500m": true,
        "dalam_700m": true,
        "dalam_1000m": true,
        "layanan_terdekat": "LRT Jabodebek",
        "latitude": -6.2435667,
        "longitude": 106.8685556,
        "google_maps_url": "https://www.google.com/maps/search/?api=1&query=MT%20Haryono%20Residence%20Apartment%20(Main%20Entrance)%2C%20Jl.%20Otista%202%2060%2C%20Indonesia",
        "google_maps_pin_url": "https://www.google.com/maps/search/?api=1&query=-6.2435667%2C106.8685556",
        "google_directions_url": "https://www.google.com/maps/dir/?api=1&destination=-6.2435667%2C106.8685556",
        "tingkat_kepercayaan": "tinggi",
        "status_verifikasi": "kandidat AHR terkurasi dari OSM",
        "sumber_kontak": null
      },
      "geometry": {
        "type": "Point",
        "coordinates": [
          106.8685556,
          -6.2435667
        ]
      }
    },
    {
      "type": "Feature",
      "properties": {
        "nama_ahr": "Park Royal Apartment",
        "tipe_ahr": "apartments",
        "alamat": "Jalan Jend. Gatot Subroto 35",
        "status_sewa": "belum terverifikasi (kandidat OSM)",
        "kontak_telepon": null,
        "url_sumber": "https://www.openstreetmap.org/node/4243948148",
        "tanggal_akses": "2026-08-05T07:33:37.864840+00:00",
        "osm_type": "node",
        "osm_id": "4243948148",
        "jarak_ke_jalur_m": 807,
        "dalam_500m": false,
        "dalam_700m": false,
        "dalam_1000m": true,
        "layanan_terdekat": "MRT Jakarta",
        "latitude": -6.2125641,
        "longitude": 106.8092413,
        "google_maps_url": "https://www.google.com/maps/search/?api=1&query=Park%20Royal%20Apartment%2C%20Jalan%20Jend.%20Gatot%20Subroto%2035%2C%20Indonesia",
        "google_maps_pin_url": "https://www.google.com/maps/search/?api=1&query=-6.2125641%2C106.8092413",
        "google_directions_url": "https://www.google.com/maps/dir/?api=1&destination=-6.2125641%2C106.8092413",
        "tingkat_kepercayaan": "tinggi",
        "status_verifikasi": "kandidat AHR terkurasi dari OSM",
        "sumber_kontak": null
      },
      "geometry": {
        "type": "Point",
        "coordinates": [
          106.8092413,
          -6.2125641
        ]
      }
    },
    {
      "type": "Feature",
      "properties": {
        "nama_ahr": "Raffles Hills",
        "tipe_ahr": "residential",
        "alamat": "Jl. Boulevard Raffles Hills Blok HA, Cibubur, Harjamukti, 1",
        "status_sewa": "belum terverifikasi (kandidat OSM)",
        "kontak_telepon": null,
        "url_sumber": "https://www.openstreetmap.org/node/4244018641",
        "tanggal_akses": "2026-08-05T07:33:37.864840+00:00",
        "osm_type": "node",
        "osm_id": "4244018641",
        "jarak_ke_jalur_m": 848,
        "dalam_500m": false,
        "dalam_700m": false,
        "dalam_1000m": true,
        "layanan_terdekat": "LRT Jabodebek",
        "latitude": -6.3760765,
        "longitude": 106.9037498,
        "google_maps_url": "https://www.google.com/maps/search/?api=1&query=Raffles%20Hills%2C%20Jl.%20Boulevard%20Raffles%20Hills%20Blok%20HA%2C%20Cibubur%2C%20Harjamukti%2C%201%2C%20Indonesia",
        "google_maps_pin_url": "https://www.google.com/maps/search/?api=1&query=-6.3760765%2C106.9037498",
        "google_directions_url": "https://www.google.com/maps/dir/?api=1&destination=-6.3760765%2C106.9037498",
        "tingkat_kepercayaan": "menengah",
        "status_verifikasi": "kandidat AHR terkurasi dari OSM",
        "sumber_kontak": null
      },
      "geometry": {
        "type": "Point",
        "coordinates": [
          106.9037498,
          -6.3760765
        ]
      }
    },
    {
      "type": "Feature",
      "properties": {
        "nama_ahr": "Bumimas Jakarta Apartment",
        "tipe_ahr": "apartments",
        "alamat": "Jl. Raya Terogong No. 18",
        "status_sewa": "belum terverifikasi (kandidat OSM)",
        "kontak_telepon": null,
        "url_sumber": "https://www.openstreetmap.org/node/4245400492",
        "tanggal_akses": "2026-08-05T07:33:37.864840+00:00",
        "osm_type": "node",
        "osm_id": "4245400492",
        "jarak_ke_jalur_m": 152.8,
        "dalam_500m": true,
        "dalam_700m": true,
        "dalam_1000m": true,
        "layanan_terdekat": "MRT Jakarta",
        "latitude": -6.2809064,
        "longitude": 106.7949493,
        "google_maps_url": "https://www.google.com/maps/search/?api=1&query=Bumimas%20Jakarta%20Apartment%2C%20Jl.%20Raya%20Terogong%20No.%2018%2C%20Indonesia",
        "google_maps_pin_url": "https://www.google.com/maps/search/?api=1&query=-6.2809064%2C106.79494930000001",
        "google_directions_url": "https://www.google.com/maps/dir/?api=1&destination=-6.2809064%2C106.79494930000001",
        "tingkat_kepercayaan": "tinggi",
        "status_verifikasi": "kandidat AHR terkurasi dari OSM",
        "sumber_kontak": null
      },
      "geometry": {
        "type": "Point",
        "coordinates": [
          106.79494930000001,
          -6.2809064
        ]
      }
    },
    {
      "type": "Feature",
      "properties": {
        "nama_ahr": "Aditya Mansions",
        "tipe_ahr": "apartments",
        "alamat": "Jalan Aditiawarman Raya No. 38A, RT. 06 / RW. 02",
        "status_sewa": "belum terverifikasi (kandidat OSM)",
        "kontak_telepon": null,
        "url_sumber": "https://www.openstreetmap.org/node/4245400568",
        "tanggal_akses": "2026-08-05T07:33:37.864840+00:00",
        "osm_type": "node",
        "osm_id": "4245400568",
        "jarak_ke_jalur_m": 582.2,
        "dalam_500m": false,
        "dalam_700m": true,
        "dalam_1000m": true,
        "layanan_terdekat": "MRT Jakarta",
        "latitude": -6.2414286,
        "longitude": 106.8037334,
        "google_maps_url": "https://www.google.com/maps/search/?api=1&query=Aditya%20Mansions%2C%20Jalan%20Aditiawarman%20Raya%20No.%2038A%2C%20RT.%2006%20%2F%20RW.%2002%2C%20Indonesia",
        "google_maps_pin_url": "https://www.google.com/maps/search/?api=1&query=-6.2414286%2C106.8037334",
        "google_directions_url": "https://www.google.com/maps/dir/?api=1&destination=-6.2414286%2C106.8037334",
        "tingkat_kepercayaan": "tinggi",
        "status_verifikasi": "kandidat AHR terkurasi dari OSM",
        "sumber_kontak": null
      },
      "geometry": {
        "type": "Point",
        "coordinates": [
          106.8037334,
          -6.2414286
        ]
      }
    },
    {
      "type": "Feature",
      "properties": {
        "nama_ahr": "Rumah Susun Bidara Cina",
        "tipe_ahr": "apartments",
        "alamat": "Jalan Otista Raya, Jatinegara 15",
        "status_sewa": "belum terverifikasi (kandidat OSM)",
        "kontak_telepon": null,
        "url_sumber": "https://www.openstreetmap.org/node/4245884774",
        "tanggal_akses": "2026-08-05T07:33:37.864840+00:00",
        "osm_type": "node",
        "osm_id": "4245884774",
        "jarak_ke_jalur_m": 355.3,
        "dalam_500m": true,
        "dalam_700m": true,
        "dalam_1000m": true,
        "layanan_terdekat": "LRT Jabodebek",
        "latitude": -6.2412822,
        "longitude": 106.8682859,
        "google_maps_url": "https://www.google.com/maps/search/?api=1&query=Rumah%20Susun%20Bidara%20Cina%2C%20Jalan%20Otista%20Raya%2C%20Jatinegara%2015%2C%20Indonesia",
        "google_maps_pin_url": "https://www.google.com/maps/search/?api=1&query=-6.2412822%2C106.8682859",
        "google_directions_url": "https://www.google.com/maps/dir/?api=1&destination=-6.2412822%2C106.8682859",
        "tingkat_kepercayaan": "tinggi",
        "status_verifikasi": "kandidat AHR terkurasi dari OSM",
        "sumber_kontak": null
      },
      "geometry": {
        "type": "Point",
        "coordinates": [
          106.8682859,
          -6.2412822
        ]
      }
    },
    {
      "type": "Feature",
      "properties": {
        "nama_ahr": "Sienna Kost Rembang 4",
        "tipe_ahr": "hunian",
        "alamat": "Jalan Rembang 4",
        "status_sewa": "belum terverifikasi (kandidat OSM)",
        "kontak_telepon": null,
        "url_sumber": "https://www.openstreetmap.org/node/10761212286",
        "tanggal_akses": "2026-08-05T07:33:37.864840+00:00",
        "osm_type": "node",
        "osm_id": "10761212286",
        "jarak_ke_jalur_m": 224.6,
        "dalam_500m": true,
        "dalam_700m": true,
        "dalam_1000m": true,
        "layanan_terdekat": "MRT Jakarta",
        "latitude": -6.2006307,
        "longitude": 106.8249252,
        "google_maps_url": "https://www.google.com/maps/search/?api=1&query=Sienna%20Kost%20Rembang%204%2C%20Jalan%20Rembang%204%2C%20Indonesia",
        "google_maps_pin_url": "https://www.google.com/maps/search/?api=1&query=-6.2006307%2C106.8249252",
        "google_directions_url": "https://www.google.com/maps/dir/?api=1&destination=-6.2006307%2C106.8249252",
        "tingkat_kepercayaan": "menengah",
        "status_verifikasi": "kandidat AHR terkurasi dari OSM",
        "sumber_kontak": null
      },
      "geometry": {
        "type": "Point",
        "coordinates": [
          106.8249252,
          -6.2006307
        ]
      }
    },
    {
      "type": "Feature",
      "properties": {
        "nama_ahr": "kos bu ida",
        "tipe_ahr": "hunian",
        "alamat": "<NA>",
        "status_sewa": "belum terverifikasi (kandidat OSM)",
        "kontak_telepon": null,
        "url_sumber": "https://www.openstreetmap.org/node/13731328349",
        "tanggal_akses": "2026-08-05T07:33:37.864840+00:00",
        "osm_type": "node",
        "osm_id": "13731328349",
        "jarak_ke_jalur_m": 761.7,
        "dalam_500m": false,
        "dalam_700m": false,
        "dalam_1000m": true,
        "layanan_terdekat": "LRT Jabodebek",
        "latitude": -6.2238836,
        "longitude": 106.8397777,
        "google_maps_url": "https://www.google.com/maps/search/?api=1&query=kos%20bu%20ida%2C%20%3CNA%3E%2C%20Indonesia",
        "google_maps_pin_url": "https://www.google.com/maps/search/?api=1&query=-6.2238836%2C106.8397777",
        "google_directions_url": "https://www.google.com/maps/dir/?api=1&destination=-6.2238836%2C106.8397777",
        "tingkat_kepercayaan": "menengah",
        "status_verifikasi": "kandidat AHR terkurasi dari OSM",
        "sumber_kontak": null
      },
      "geometry": {
        "type": "Point",
        "coordinates": [
          106.8397777,
          -6.2238836
        ]
      }
    },
    {
      "type": "Feature",
      "properties": {
        "nama_ahr": "Mess Ba Wara",
        "tipe_ahr": "residential",
        "alamat": "<NA>",
        "status_sewa": "belum terverifikasi (kandidat OSM)",
        "kontak_telepon": null,
        "url_sumber": "https://www.openstreetmap.org/relation/3075290",
        "tanggal_akses": "2026-08-05T07:33:37.864840+00:00",
        "osm_type": "relation",
        "osm_id": "3075290",
        "jarak_ke_jalur_m": 275.2,
        "dalam_500m": true,
        "dalam_700m": true,
        "dalam_1000m": true,
        "layanan_terdekat": "LRT Jabodebek",
        "latitude": -6.2442333,
        "longitude": 106.8852109,
        "google_maps_url": "https://www.google.com/maps/search/?api=1&query=Mess%20Ba%20Wara%2C%20%3CNA%3E%2C%20Indonesia",
        "google_maps_pin_url": "https://www.google.com/maps/search/?api=1&query=-6.24423331192476%2C106.8852108947486",
        "google_directions_url": "https://www.google.com/maps/dir/?api=1&destination=-6.24423331192476%2C106.8852108947486",
        "tingkat_kepercayaan": "menengah",
        "status_verifikasi": "kandidat AHR terkurasi dari OSM",
        "sumber_kontak": null
      },
      "geometry": {
        "type": "Point",
        "coordinates": [
          106.8852108947486,
          -6.24423331192476
        ]
      }
    },
    {
      "type": "Feature",
      "properties": {
        "nama_ahr": "Apartemen Signature Park",
        "tipe_ahr": "apartments",
        "alamat": "Jalan Letnan Jenderal MT Haryono 22",
        "status_sewa": "belum terverifikasi (kandidat OSM)",
        "kontak_telepon": null,
        "url_sumber": "https://www.openstreetmap.org/relation/7099248",
        "tanggal_akses": "2026-08-05T07:33:37.864840+00:00",
        "osm_type": "relation",
        "osm_id": "7099248",
        "jarak_ke_jalur_m": 102.2,
        "dalam_500m": true,
        "dalam_700m": true,
        "dalam_1000m": true,
        "layanan_terdekat": "LRT Jabodebek",
        "latitude": -6.2424928,
        "longitude": 106.8544043,
        "google_maps_url": "https://www.google.com/maps/search/?api=1&query=Apartemen%20Signature%20Park%2C%20Jalan%20Letnan%20Jenderal%20MT%20Haryono%2022%2C%20Indonesia",
        "google_maps_pin_url": "https://www.google.com/maps/search/?api=1&query=-6.242492758316914%2C106.85440430052401",
        "google_directions_url": "https://www.google.com/maps/dir/?api=1&destination=-6.242492758316914%2C106.85440430052401",
        "tingkat_kepercayaan": "tinggi",
        "status_verifikasi": "kandidat AHR terkurasi dari OSM",
        "sumber_kontak": null
      },
      "geometry": {
        "type": "Point",
        "coordinates": [
          106.85440430052401,
          -6.242492758316914
        ]
      }
    },
    {
      "type": "Feature",
      "properties": {
        "nama_ahr": "Signature Park Grande",
        "tipe_ahr": "apartments",
        "alamat": "<NA>",
        "status_sewa": "belum terverifikasi (kandidat OSM)",
        "kontak_telepon": null,
        "url_sumber": "https://www.openstreetmap.org/relation/7117431",
        "tanggal_akses": "2026-08-05T07:33:37.864840+00:00",
        "osm_type": "relation",
        "osm_id": "7117431",
        "jarak_ke_jalur_m": 148.3,
        "dalam_500m": true,
        "dalam_700m": true,
        "dalam_1000m": true,
        "layanan_terdekat": "LRT Jabodebek",
        "latitude": -6.2454516,
        "longitude": 106.8663072,
        "google_maps_url": "https://www.google.com/maps/search/?api=1&query=Signature%20Park%20Grande%2C%20%3CNA%3E%2C%20Indonesia",
        "google_maps_pin_url": "https://www.google.com/maps/search/?api=1&query=-6.245451550019427%2C106.86630721546015",
        "google_directions_url": "https://www.google.com/maps/dir/?api=1&destination=-6.245451550019427%2C106.86630721546015",
        "tingkat_kepercayaan": "tinggi",
        "status_verifikasi": "kandidat AHR terkurasi dari OSM",
        "sumber_kontak": null
      },
      "geometry": {
        "type": "Point",
        "coordinates": [
          106.86630721546015,
          -6.245451550019427
        ]
      }
    },
    {
      "type": "Feature",
      "properties": {
        "nama_ahr": "Masterpiece Tower",
        "tipe_ahr": "apartments",
        "alamat": "Jalan Epicentrum Tengah",
        "status_sewa": "belum terverifikasi (kandidat OSM)",
        "kontak_telepon": null,
        "url_sumber": "https://www.openstreetmap.org/relation/17448026",
        "tanggal_akses": "2026-08-05T07:33:37.864840+00:00",
        "osm_type": "relation",
        "osm_id": "17448026",
        "jarak_ke_jalur_m": 360,
        "dalam_500m": true,
        "dalam_700m": true,
        "dalam_1000m": true,
        "layanan_terdekat": "LRT Jabodebek",
        "latitude": -6.2177707,
        "longitude": 106.83437,
        "google_maps_url": "https://www.google.com/maps/search/?api=1&query=Masterpiece%20Tower%2C%20Jalan%20Epicentrum%20Tengah%2C%20Indonesia",
        "google_maps_pin_url": "https://www.google.com/maps/search/?api=1&query=-6.217770690813712%2C106.83436996737366",
        "google_directions_url": "https://www.google.com/maps/dir/?api=1&destination=-6.217770690813712%2C106.83436996737366",
        "tingkat_kepercayaan": "tinggi",
        "status_verifikasi": "kandidat AHR terkurasi dari OSM",
        "sumber_kontak": null
      },
      "geometry": {
        "type": "Point",
        "coordinates": [
          106.83436996737366,
          -6.217770690813712
        ]
      }
    },
    {
      "type": "Feature",
      "properties": {
        "nama_ahr": "Apartment The Residences Dharmawangsa",
        "tipe_ahr": "apartments",
        "alamat": "<NA>",
        "status_sewa": "belum terverifikasi (kandidat OSM)",
        "kontak_telepon": null,
        "url_sumber": "https://www.openstreetmap.org/relation/18300997",
        "tanggal_akses": "2026-08-05T07:33:37.864840+00:00",
        "osm_type": "relation",
        "osm_id": "18300997",
        "jarak_ke_jalur_m": 791.3,
        "dalam_500m": false,
        "dalam_700m": false,
        "dalam_1000m": true,
        "layanan_terdekat": "MRT Jakarta",
        "latitude": -6.252188,
        "longitude": 106.804596,
        "google_maps_url": "https://www.google.com/maps/search/?api=1&query=Apartment%20The%20Residences%20Dharmawangsa%2C%20%3CNA%3E%2C%20Indonesia",
        "google_maps_pin_url": "https://www.google.com/maps/search/?api=1&query=-6.252187999429536%2C106.80459602129834",
        "google_directions_url": "https://www.google.com/maps/dir/?api=1&destination=-6.252187999429536%2C106.80459602129834",
        "tingkat_kepercayaan": "tinggi",
        "status_verifikasi": "kandidat AHR terkurasi dari OSM",
        "sumber_kontak": null
      },
      "geometry": {
        "type": "Point",
        "coordinates": [
          106.80459602129834,
          -6.252187999429536
        ]
      }
    },
    {
      "type": "Feature",
      "properties": {
        "nama_ahr": "Apartemen Kusuma Candra",
        "tipe_ahr": "hunian",
        "alamat": "<NA>",
        "status_sewa": "belum terverifikasi (kandidat OSM)",
        "kontak_telepon": null,
        "url_sumber": "https://www.openstreetmap.org/way/60882544",
        "tanggal_akses": "2026-08-05T07:33:37.864840+00:00",
        "osm_type": "way",
        "osm_id": "60882544",
        "jarak_ke_jalur_m": 640.2,
        "dalam_500m": false,
        "dalam_700m": true,
        "dalam_1000m": true,
        "layanan_terdekat": "MRT Jakarta",
        "latitude": -6.2270545,
        "longitude": 106.8121599,
        "google_maps_url": "https://www.google.com/maps/search/?api=1&query=Apartemen%20Kusuma%20Candra%2C%20%3CNA%3E%2C%20Indonesia",
        "google_maps_pin_url": "https://www.google.com/maps/search/?api=1&query=-6.227054504469464%2C106.81215987134816",
        "google_directions_url": "https://www.google.com/maps/dir/?api=1&destination=-6.227054504469464%2C106.81215987134816",
        "tingkat_kepercayaan": "tinggi",
        "status_verifikasi": "kandidat AHR terkurasi dari OSM",
        "sumber_kontak": null
      },
      "geometry": {
        "type": "Point",
        "coordinates": [
          106.81215987134816,
          -6.227054504469464
        ]
      }
    },
    {
      "type": "Feature",
      "properties": {
        "nama_ahr": "Tower A",
        "tipe_ahr": "residential",
        "alamat": "<NA>",
        "status_sewa": "belum terverifikasi (kandidat OSM)",
        "kontak_telepon": null,
        "url_sumber": "https://www.openstreetmap.org/way/119773146",
        "tanggal_akses": "2026-08-05T07:33:37.864840+00:00",
        "osm_type": "way",
        "osm_id": "119773146",
        "jarak_ke_jalur_m": 299,
        "dalam_500m": true,
        "dalam_700m": true,
        "dalam_1000m": true,
        "layanan_terdekat": "MRT Jakarta",
        "latitude": -6.2245633,
        "longitude": 106.8007795,
        "google_maps_url": "https://www.google.com/maps/search/?api=1&query=Tower%20A%2C%20%3CNA%3E%2C%20Indonesia",
        "google_maps_pin_url": "https://www.google.com/maps/search/?api=1&query=-6.224563300064424%2C106.8007794919527",
        "google_directions_url": "https://www.google.com/maps/dir/?api=1&destination=-6.224563300064424%2C106.8007794919527",
        "tingkat_kepercayaan": "menengah",
        "status_verifikasi": "kandidat AHR terkurasi dari OSM",
        "sumber_kontak": null
      },
      "geometry": {
        "type": "Point",
        "coordinates": [
          106.8007794919527,
          -6.224563300064424
        ]
      }
    },
    {
      "type": "Feature",
      "properties": {
        "nama_ahr": "Apartemen Menara Cawang",
        "tipe_ahr": "yes",
        "alamat": "Jalan SMA 14",
        "status_sewa": "belum terverifikasi (kandidat OSM)",
        "kontak_telepon": null,
        "url_sumber": "https://www.openstreetmap.org/way/120161328",
        "tanggal_akses": "2026-08-05T07:33:37.864840+00:00",
        "osm_type": "way",
        "osm_id": "120161328",
        "jarak_ke_jalur_m": 438.7,
        "dalam_500m": true,
        "dalam_700m": true,
        "dalam_1000m": true,
        "layanan_terdekat": "LRT Jabodebek",
        "latitude": -6.2558635,
        "longitude": 106.867691,
        "google_maps_url": "https://www.google.com/maps/search/?api=1&query=Apartemen%20Menara%20Cawang%2C%20Jalan%20SMA%2014%2C%20Indonesia",
        "google_maps_pin_url": "https://www.google.com/maps/search/?api=1&query=-6.255863460038432%2C106.86769102031299",
        "google_directions_url": "https://www.google.com/maps/dir/?api=1&destination=-6.255863460038432%2C106.86769102031299",
        "tingkat_kepercayaan": "tinggi",
        "status_verifikasi": "kandidat AHR terkurasi dari OSM",
        "sumber_kontak": null
      },
      "geometry": {
        "type": "Point",
        "coordinates": [
          106.86769102031299,
          -6.255863460038432
        ]
      }
    },
    {
      "type": "Feature",
      "properties": {
        "nama_ahr": "Wisma Millenia",
        "tipe_ahr": "yes",
        "alamat": "<NA>",
        "status_sewa": "belum terverifikasi (kandidat OSM)",
        "kontak_telepon": null,
        "url_sumber": "https://www.openstreetmap.org/way/120390222",
        "tanggal_akses": "2026-08-05T07:33:37.864840+00:00",
        "osm_type": "way",
        "osm_id": "120390222",
        "jarak_ke_jalur_m": 103.3,
        "dalam_500m": true,
        "dalam_700m": true,
        "dalam_1000m": true,
        "layanan_terdekat": "LRT Jabodebek",
        "latitude": -6.242521,
        "longitude": 106.8515388,
        "google_maps_url": "https://www.google.com/maps/search/?api=1&query=Wisma%20Millenia%2C%20%3CNA%3E%2C%20Indonesia",
        "google_maps_pin_url": "https://www.google.com/maps/search/?api=1&query=-6.242520950045785%2C106.8515387992557",
        "google_directions_url": "https://www.google.com/maps/dir/?api=1&destination=-6.242520950045785%2C106.8515387992557",
        "tingkat_kepercayaan": "menengah",
        "status_verifikasi": "kandidat AHR terkurasi dari OSM",
        "sumber_kontak": null
      },
      "geometry": {
        "type": "Point",
        "coordinates": [
          106.8515387992557,
          -6.242520950045785
        ]
      }
    },
    {
      "type": "Feature",
      "properties": {
        "nama_ahr": "Mugi Griya",
        "tipe_ahr": "yes",
        "alamat": "<NA>",
        "status_sewa": "belum terverifikasi (kandidat OSM)",
        "kontak_telepon": null,
        "url_sumber": "https://www.openstreetmap.org/way/120390228",
        "tanggal_akses": "2026-08-05T07:33:37.864840+00:00",
        "osm_type": "way",
        "osm_id": "120390228",
        "jarak_ke_jalur_m": 93.5,
        "dalam_500m": true,
        "dalam_700m": true,
        "dalam_1000m": true,
        "layanan_terdekat": "LRT Jabodebek",
        "latitude": -6.2427501,
        "longitude": 106.8488247,
        "google_maps_url": "https://www.google.com/maps/search/?api=1&query=Mugi%20Griya%2C%20%3CNA%3E%2C%20Indonesia",
        "google_maps_pin_url": "https://www.google.com/maps/search/?api=1&query=-6.242750100044376%2C106.84882470000144",
        "google_directions_url": "https://www.google.com/maps/dir/?api=1&destination=-6.242750100044376%2C106.84882470000144",
        "tingkat_kepercayaan": "menengah",
        "status_verifikasi": "kandidat AHR terkurasi dari OSM",
        "sumber_kontak": null
      },
      "geometry": {
        "type": "Point",
        "coordinates": [
          106.84882470000144,
          -6.242750100044376
        ]
      }
    },
    {
      "type": "Feature",
      "properties": {
        "nama_ahr": "Wisma Intiland",
        "tipe_ahr": "commercial",
        "alamat": "Jalan Jend. Sudirman 32",
        "status_sewa": "belum terverifikasi (kandidat OSM)",
        "kontak_telepon": null,
        "url_sumber": "https://www.openstreetmap.org/way/120827529",
        "tanggal_akses": "2026-08-05T07:33:37.864840+00:00",
        "osm_type": "way",
        "osm_id": "120827529",
        "jarak_ke_jalur_m": 61.7,
        "dalam_500m": true,
        "dalam_700m": true,
        "dalam_1000m": true,
        "layanan_terdekat": "MRT Jakarta",
        "latitude": -6.2144018,
        "longitude": 106.8177151,
        "google_maps_url": "https://www.google.com/maps/search/?api=1&query=Wisma%20Intiland%2C%20Jalan%20Jend.%20Sudirman%2032%2C%20Indonesia",
        "google_maps_pin_url": "https://www.google.com/maps/search/?api=1&query=-6.214401802398626%2C106.81771507080333",
        "google_directions_url": "https://www.google.com/maps/dir/?api=1&destination=-6.214401802398626%2C106.81771507080333",
        "tingkat_kepercayaan": "menengah",
        "status_verifikasi": "kandidat AHR terkurasi dari OSM",
        "sumber_kontak": null
      },
      "geometry": {
        "type": "Point",
        "coordinates": [
          106.81771507080333,
          -6.214401802398626
        ]
      }
    },
    {
      "type": "Feature",
      "properties": {
        "nama_ahr": "Tower 8 - Wisma Sedap Malam",
        "tipe_ahr": "apartments",
        "alamat": "<NA>",
        "status_sewa": "belum terverifikasi (kandidat OSM)",
        "kontak_telepon": null,
        "url_sumber": "https://www.openstreetmap.org/way/121129214",
        "tanggal_akses": "2026-08-05T07:33:37.864840+00:00",
        "osm_type": "way",
        "osm_id": "121129214",
        "jarak_ke_jalur_m": 627.1,
        "dalam_500m": false,
        "dalam_700m": true,
        "dalam_1000m": true,
        "layanan_terdekat": "LRT Jabodebek",
        "latitude": -6.2186016,
        "longitude": 106.8372976,
        "google_maps_url": "https://www.google.com/maps/search/?api=1&query=Tower%208%20-%20Wisma%20Sedap%20Malam%2C%20%3CNA%3E%2C%20Indonesia",
        "google_maps_pin_url": "https://www.google.com/maps/search/?api=1&query=-6.218601600000636%2C106.83729755172992",
        "google_directions_url": "https://www.google.com/maps/dir/?api=1&destination=-6.218601600000636%2C106.83729755172992",
        "tingkat_kepercayaan": "tinggi",
        "status_verifikasi": "kandidat AHR terkurasi dari OSM",
        "sumber_kontak": null
      },
      "geometry": {
        "type": "Point",
        "coordinates": [
          106.83729755172992,
          -6.218601600000636
        ]
      }
    },
    {
      "type": "Feature",
      "properties": {
        "nama_ahr": "Tower 16 - Wisma Srigading",
        "tipe_ahr": "apartments",
        "alamat": "<NA>",
        "status_sewa": "belum terverifikasi (kandidat OSM)",
        "kontak_telepon": null,
        "url_sumber": "https://www.openstreetmap.org/way/121129232",
        "tanggal_akses": "2026-08-05T07:33:37.864840+00:00",
        "osm_type": "way",
        "osm_id": "121129232",
        "jarak_ke_jalur_m": 572.5,
        "dalam_500m": false,
        "dalam_700m": true,
        "dalam_1000m": true,
        "layanan_terdekat": "LRT Jabodebek",
        "latitude": -6.2173283,
        "longitude": 106.8362448,
        "google_maps_url": "https://www.google.com/maps/search/?api=1&query=Tower%2016%20-%20Wisma%20Srigading%2C%20%3CNA%3E%2C%20Indonesia",
        "google_maps_pin_url": "https://www.google.com/maps/search/?api=1&query=-6.217328349847043%2C106.83624479593057",
        "google_directions_url": "https://www.google.com/maps/dir/?api=1&destination=-6.217328349847043%2C106.83624479593057",
        "tingkat_kepercayaan": "tinggi",
        "status_verifikasi": "kandidat AHR terkurasi dari OSM",
        "sumber_kontak": null
      },
      "geometry": {
        "type": "Point",
        "coordinates": [
          106.83624479593057,
          -6.217328349847043
        ]
      }
    },
    {
      "type": "Feature",
      "properties": {
        "nama_ahr": "Tower 10 - Wisma Johar",
        "tipe_ahr": "apartments",
        "alamat": "<NA>",
        "status_sewa": "belum terverifikasi (kandidat OSM)",
        "kontak_telepon": null,
        "url_sumber": "https://www.openstreetmap.org/way/121129236",
        "tanggal_akses": "2026-08-05T07:33:37.864840+00:00",
        "osm_type": "way",
        "osm_id": "121129236",
        "jarak_ke_jalur_m": 577.4,
        "dalam_500m": false,
        "dalam_700m": true,
        "dalam_1000m": true,
        "layanan_terdekat": "LRT Jabodebek",
        "latitude": -6.217964,
        "longitude": 106.8365322,
        "google_maps_url": "https://www.google.com/maps/search/?api=1&query=Tower%2010%20-%20Wisma%20Johar%2C%20%3CNA%3E%2C%20Indonesia",
        "google_maps_pin_url": "https://www.google.com/maps/search/?api=1&query=-6.217964048612931%2C106.83653215125425",
        "google_directions_url": "https://www.google.com/maps/dir/?api=1&destination=-6.217964048612931%2C106.83653215125425",
        "tingkat_kepercayaan": "tinggi",
        "status_verifikasi": "kandidat AHR terkurasi dari OSM",
        "sumber_kontak": null
      },
      "geometry": {
        "type": "Point",
        "coordinates": [
          106.83653215125425,
          -6.217964048612931
        ]
      }
    },
    {
      "type": "Feature",
      "properties": {
        "nama_ahr": "South Tower",
        "tipe_ahr": "apartments",
        "alamat": "Jl. Haji Cokong Rw 010",
        "status_sewa": "belum terverifikasi (kandidat OSM)",
        "kontak_telepon": null,
        "url_sumber": "https://www.openstreetmap.org/way/121129244",
        "tanggal_akses": "2026-08-05T07:33:37.864840+00:00",
        "osm_type": "way",
        "osm_id": "121129244",
        "jarak_ke_jalur_m": 168.6,
        "dalam_500m": true,
        "dalam_700m": true,
        "dalam_1000m": true,
        "layanan_terdekat": "LRT Jabodebek",
        "latitude": -6.2143204,
        "longitude": 106.8320963,
        "google_maps_url": "https://www.google.com/maps/search/?api=1&query=South%20Tower%2C%20Jl.%20Haji%20Cokong%20Rw%20010%2C%20Indonesia",
        "google_maps_pin_url": "https://www.google.com/maps/search/?api=1&query=-6.214320400401083%2C106.83209625418681",
        "google_directions_url": "https://www.google.com/maps/dir/?api=1&destination=-6.214320400401083%2C106.83209625418681",
        "tingkat_kepercayaan": "tinggi",
        "status_verifikasi": "kandidat AHR terkurasi dari OSM",
        "sumber_kontak": null
      },
      "geometry": {
        "type": "Point",
        "coordinates": [
          106.83209625418681,
          -6.214320400401083
        ]
      }
    },
    {
      "type": "Feature",
      "properties": {
        "nama_ahr": "Tower 15 - Wisma Kenari",
        "tipe_ahr": "apartments",
        "alamat": "Jalan Hajjah R. Rasuna Said",
        "status_sewa": "belum terverifikasi (kandidat OSM)",
        "kontak_telepon": null,
        "url_sumber": "https://www.openstreetmap.org/way/121129254",
        "tanggal_akses": "2026-08-05T07:33:37.864840+00:00",
        "osm_type": "way",
        "osm_id": "121129254",
        "jarak_ke_jalur_m": 616.9,
        "dalam_500m": false,
        "dalam_700m": true,
        "dalam_1000m": true,
        "layanan_terdekat": "LRT Jabodebek",
        "latitude": -6.2169177,
        "longitude": 106.8365398,
        "google_maps_url": "https://www.google.com/maps/search/?api=1&query=Tower%2015%20-%20Wisma%20Kenari%2C%20Jalan%20Hajjah%20R.%20Rasuna%20Said%2C%20Indonesia",
        "google_maps_pin_url": "https://www.google.com/maps/search/?api=1&query=-6.216917699863282%2C106.83653984126002",
        "google_directions_url": "https://www.google.com/maps/dir/?api=1&destination=-6.216917699863282%2C106.83653984126002",
        "tingkat_kepercayaan": "tinggi",
        "status_verifikasi": "kandidat AHR terkurasi dari OSM",
        "sumber_kontak": null
      },
      "geometry": {
        "type": "Point",
        "coordinates": [
          106.83653984126002,
          -6.216917699863282
        ]
      }
    },
    {
      "type": "Feature",
      "properties": {
        "nama_ahr": "Tower 12 - Wisma Cempaka",
        "tipe_ahr": "apartments",
        "alamat": "<NA>",
        "status_sewa": "belum terverifikasi (kandidat OSM)",
        "kontak_telepon": null,
        "url_sumber": "https://www.openstreetmap.org/way/121129264",
        "tanggal_akses": "2026-08-05T07:33:37.864840+00:00",
        "osm_type": "way",
        "osm_id": "121129264",
        "jarak_ke_jalur_m": 669,
        "dalam_500m": false,
        "dalam_700m": true,
        "dalam_1000m": true,
        "layanan_terdekat": "LRT Jabodebek",
        "latitude": -6.2172043,
        "longitude": 106.8371205,
        "google_maps_url": "https://www.google.com/maps/search/?api=1&query=Tower%2012%20-%20Wisma%20Cempaka%2C%20%3CNA%3E%2C%20Indonesia",
        "google_maps_pin_url": "https://www.google.com/maps/search/?api=1&query=-6.217204349843094%2C106.83712054704641",
        "google_directions_url": "https://www.google.com/maps/dir/?api=1&destination=-6.217204349843094%2C106.83712054704641",
        "tingkat_kepercayaan": "tinggi",
        "status_verifikasi": "kandidat AHR terkurasi dari OSM",
        "sumber_kontak": null
      },
      "geometry": {
        "type": "Point",
        "coordinates": [
          106.83712054704641,
          -6.217204349843094
        ]
      }
    },
    {
      "type": "Feature",
      "properties": {
        "nama_ahr": "Tower 4 - Wisma Melur",
        "tipe_ahr": "apartments",
        "alamat": "Jalan Hajjah R. Rasuna Said Tower 4",
        "status_sewa": "belum terverifikasi (kandidat OSM)",
        "kontak_telepon": null,
        "url_sumber": "https://www.openstreetmap.org/way/121129282",
        "tanggal_akses": "2026-08-05T07:33:37.864840+00:00",
        "osm_type": "way",
        "osm_id": "121129282",
        "jarak_ke_jalur_m": 500.3,
        "dalam_500m": false,
        "dalam_700m": true,
        "dalam_1000m": true,
        "layanan_terdekat": "LRT Jabodebek",
        "latitude": -6.2194621,
        "longitude": 106.8363756,
        "google_maps_url": "https://www.google.com/maps/search/?api=1&query=Tower%204%20-%20Wisma%20Melur%2C%20Jalan%20Hajjah%20R.%20Rasuna%20Said%20Tower%204%2C%20Indonesia",
        "google_maps_pin_url": "https://www.google.com/maps/search/?api=1&query=-6.21946214984311%2C106.83637564704641",
        "google_directions_url": "https://www.google.com/maps/dir/?api=1&destination=-6.21946214984311%2C106.83637564704641",
        "tingkat_kepercayaan": "tinggi",
        "status_verifikasi": "kandidat AHR terkurasi dari OSM",
        "sumber_kontak": null
      },
      "geometry": {
        "type": "Point",
        "coordinates": [
          106.83637564704641,
          -6.21946214984311
        ]
      }
    },
    {
      "type": "Feature",
      "properties": {
        "nama_ahr": "Tower 9 - Wisma Akasia",
        "tipe_ahr": "apartments",
        "alamat": "<NA>",
        "status_sewa": "belum terverifikasi (kandidat OSM)",
        "kontak_telepon": null,
        "url_sumber": "https://www.openstreetmap.org/way/121129286",
        "tanggal_akses": "2026-08-05T07:33:37.864840+00:00",
        "osm_type": "way",
        "osm_id": "121129286",
        "jarak_ke_jalur_m": 639,
        "dalam_500m": false,
        "dalam_700m": true,
        "dalam_1000m": true,
        "layanan_terdekat": "LRT Jabodebek",
        "latitude": -6.2182776,
        "longitude": 106.8372801,
        "google_maps_url": "https://www.google.com/maps/search/?api=1&query=Tower%209%20-%20Wisma%20Akasia%2C%20%3CNA%3E%2C%20Indonesia",
        "google_maps_pin_url": "https://www.google.com/maps/search/?api=1&query=-6.218277599847045%2C106.83728014590406",
        "google_directions_url": "https://www.google.com/maps/dir/?api=1&destination=-6.218277599847045%2C106.83728014590406",
        "tingkat_kepercayaan": "tinggi",
        "status_verifikasi": "kandidat AHR terkurasi dari OSM",
        "sumber_kontak": null
      },
      "geometry": {
        "type": "Point",
        "coordinates": [
          106.83728014590406,
          -6.218277599847045
        ]
      }
    },
    {
      "type": "Feature",
      "properties": {
        "nama_ahr": "North Tower",
        "tipe_ahr": "apartments",
        "alamat": "<NA>",
        "status_sewa": "belum terverifikasi (kandidat OSM)",
        "kontak_telepon": null,
        "url_sumber": "https://www.openstreetmap.org/way/121129287",
        "tanggal_akses": "2026-08-05T07:33:37.864840+00:00",
        "osm_type": "way",
        "osm_id": "121129287",
        "jarak_ke_jalur_m": 706.1,
        "dalam_500m": false,
        "dalam_700m": false,
        "dalam_1000m": true,
        "layanan_terdekat": "LRT Jabodebek",
        "latitude": -6.2163626,
        "longitude": 106.837237,
        "google_maps_url": "https://www.google.com/maps/search/?api=1&query=North%20Tower%2C%20%3CNA%3E%2C%20Indonesia",
        "google_maps_pin_url": "https://www.google.com/maps/search/?api=1&query=-6.216362581738142%2C106.83723697555673",
        "google_directions_url": "https://www.google.com/maps/dir/?api=1&destination=-6.216362581738142%2C106.83723697555673",
        "tingkat_kepercayaan": "tinggi",
        "status_verifikasi": "kandidat AHR terkurasi dari OSM",
        "sumber_kontak": null
      },
      "geometry": {
        "type": "Point",
        "coordinates": [
          106.83723697555673,
          -6.216362581738142
        ]
      }
    },
    {
      "type": "Feature",
      "properties": {
        "nama_ahr": "Tower 14 - Wisma Tanjung",
        "tipe_ahr": "apartments",
        "alamat": "<NA>",
        "status_sewa": "belum terverifikasi (kandidat OSM)",
        "kontak_telepon": null,
        "url_sumber": "https://www.openstreetmap.org/way/121129303",
        "tanggal_akses": "2026-08-05T07:33:37.864840+00:00",
        "osm_type": "way",
        "osm_id": "121129303",
        "jarak_ke_jalur_m": 612,
        "dalam_500m": false,
        "dalam_700m": true,
        "dalam_1000m": true,
        "layanan_terdekat": "LRT Jabodebek",
        "latitude": -6.2172798,
        "longitude": 106.8366042,
        "google_maps_url": "https://www.google.com/maps/search/?api=1&query=Tower%2014%20-%20Wisma%20Tanjung%2C%20%3CNA%3E%2C%20Indonesia",
        "google_maps_pin_url": "https://www.google.com/maps/search/?api=1&query=-6.217279848589303%2C106.83660415808184",
        "google_directions_url": "https://www.google.com/maps/dir/?api=1&destination=-6.217279848589303%2C106.83660415808184",
        "tingkat_kepercayaan": "tinggi",
        "status_verifikasi": "kandidat AHR terkurasi dari OSM",
        "sumber_kontak": null
      },
      "geometry": {
        "type": "Point",
        "coordinates": [
          106.83660415808184,
          -6.217279848589303
        ]
      }
    },
    {
      "type": "Feature",
      "properties": {
        "nama_ahr": "Tower 11 - Wisma Mayangsari",
        "tipe_ahr": "apartments",
        "alamat": "<NA>",
        "status_sewa": "belum terverifikasi (kandidat OSM)",
        "kontak_telepon": null,
        "url_sumber": "https://www.openstreetmap.org/way/121129306",
        "tanggal_akses": "2026-08-05T07:33:37.864840+00:00",
        "osm_type": "way",
        "osm_id": "121129306",
        "jarak_ke_jalur_m": 662.9,
        "dalam_500m": false,
        "dalam_700m": true,
        "dalam_1000m": true,
        "layanan_terdekat": "LRT Jabodebek",
        "latitude": -6.2175466,
        "longitude": 106.8371919,
        "google_maps_url": "https://www.google.com/maps/search/?api=1&query=Tower%2011%20-%20Wisma%20Mayangsari%2C%20%3CNA%3E%2C%20Indonesia",
        "google_maps_pin_url": "https://www.google.com/maps/search/?api=1&query=-6.21754659344182%2C106.83719188872455",
        "google_directions_url": "https://www.google.com/maps/dir/?api=1&destination=-6.21754659344182%2C106.83719188872455",
        "tingkat_kepercayaan": "tinggi",
        "status_verifikasi": "kandidat AHR terkurasi dari OSM",
        "sumber_kontak": null
      },
      "geometry": {
        "type": "Point",
        "coordinates": [
          106.83719188872455,
          -6.21754659344182
        ]
      }
    },
    {
      "type": "Feature",
      "properties": {
        "nama_ahr": "Tower 3 - Wisma Palem",
        "tipe_ahr": "apartments",
        "alamat": "Jalan Hajjah R. Rasuna Said Tower 3",
        "status_sewa": "belum terverifikasi (kandidat OSM)",
        "kontak_telepon": null,
        "url_sumber": "https://www.openstreetmap.org/way/121129307",
        "tanggal_akses": "2026-08-05T07:33:37.864840+00:00",
        "osm_type": "way",
        "osm_id": "121129307",
        "jarak_ke_jalur_m": 540.6,
        "dalam_500m": false,
        "dalam_700m": true,
        "dalam_1000m": true,
        "layanan_terdekat": "LRT Jabodebek",
        "latitude": -6.2194165,
        "longitude": 106.8367408,
        "google_maps_url": "https://www.google.com/maps/search/?api=1&query=Tower%203%20-%20Wisma%20Palem%2C%20Jalan%20Hajjah%20R.%20Rasuna%20Said%20Tower%203%2C%20Indonesia",
        "google_maps_pin_url": "https://www.google.com/maps/search/?api=1&query=-6.21941654895717%2C106.83674075210476",
        "google_directions_url": "https://www.google.com/maps/dir/?api=1&destination=-6.21941654895717%2C106.83674075210476",
        "tingkat_kepercayaan": "tinggi",
        "status_verifikasi": "kandidat AHR terkurasi dari OSM",
        "sumber_kontak": null
      },
      "geometry": {
        "type": "Point",
        "coordinates": [
          106.83674075210476,
          -6.21941654895717
        ]
      }
    },
    {
      "type": "Feature",
      "properties": {
        "nama_ahr": "Apartemen Setiabudi",
        "tipe_ahr": "apartments",
        "alamat": "Jalan RS. Mata Aini",
        "status_sewa": "belum terverifikasi (kandidat OSM)",
        "kontak_telepon": null,
        "url_sumber": "https://www.openstreetmap.org/way/121129318",
        "tanggal_akses": "2026-08-05T07:33:37.864840+00:00",
        "osm_type": "way",
        "osm_id": "121129318",
        "jarak_ke_jalur_m": 145.2,
        "dalam_500m": true,
        "dalam_700m": true,
        "dalam_1000m": true,
        "layanan_terdekat": "LRT Jabodebek",
        "latitude": -6.2144645,
        "longitude": 106.8292156,
        "google_maps_url": "https://www.google.com/maps/search/?api=1&query=Apartemen%20Setiabudi%2C%20Jalan%20RS.%20Mata%20Aini%2C%20Indonesia",
        "google_maps_pin_url": "https://www.google.com/maps/search/?api=1&query=-6.214464499435365%2C106.82921557458253",
        "google_directions_url": "https://www.google.com/maps/dir/?api=1&destination=-6.214464499435365%2C106.82921557458253",
        "tingkat_kepercayaan": "tinggi",
        "status_verifikasi": "kandidat AHR terkurasi dari OSM",
        "sumber_kontak": null
      },
      "geometry": {
        "type": "Point",
        "coordinates": [
          106.82921557458253,
          -6.214464499435365
        ]
      }
    },
    {
      "type": "Feature",
      "properties": {
        "nama_ahr": "Tower 1 - Wisma Turi",
        "tipe_ahr": "apartments",
        "alamat": "Jalan Hajjah R. Rasuna Said Tower 1",
        "status_sewa": "belum terverifikasi (kandidat OSM)",
        "kontak_telepon": null,
        "url_sumber": "https://www.openstreetmap.org/way/121129321",
        "tanggal_akses": "2026-08-05T07:33:37.864840+00:00",
        "osm_type": "way",
        "osm_id": "121129321",
        "jarak_ke_jalur_m": 565.3,
        "dalam_500m": false,
        "dalam_700m": true,
        "dalam_1000m": true,
        "layanan_terdekat": "LRT Jabodebek",
        "latitude": -6.2199893,
        "longitude": 106.83712,
        "google_maps_url": "https://www.google.com/maps/search/?api=1&query=Tower%201%20-%20Wisma%20Turi%2C%20Jalan%20Hajjah%20R.%20Rasuna%20Said%20Tower%201%2C%20Indonesia",
        "google_maps_pin_url": "https://www.google.com/maps/search/?api=1&query=-6.219989251826991%2C106.83712000811725",
        "google_directions_url": "https://www.google.com/maps/dir/?api=1&destination=-6.219989251826991%2C106.83712000811725",
        "tingkat_kepercayaan": "tinggi",
        "status_verifikasi": "kandidat AHR terkurasi dari OSM",
        "sumber_kontak": null
      },
      "geometry": {
        "type": "Point",
        "coordinates": [
          106.83712000811725,
          -6.219989251826991
        ]
      }
    },
    {
      "type": "Feature",
      "properties": {
        "nama_ahr": "Somerset Grand Citra",
        "tipe_ahr": "apartments",
        "alamat": "<NA>",
        "status_sewa": "belum terverifikasi (kandidat OSM)",
        "kontak_telepon": null,
        "url_sumber": "https://www.openstreetmap.org/way/121158398",
        "tanggal_akses": "2026-08-05T07:33:37.864840+00:00",
        "osm_type": "way",
        "osm_id": "121158398",
        "jarak_ke_jalur_m": 890.8,
        "dalam_500m": false,
        "dalam_700m": false,
        "dalam_1000m": true,
        "layanan_terdekat": "LRT Jabodebek",
        "latitude": -6.2248845,
        "longitude": 106.8247336,
        "google_maps_url": "https://www.google.com/maps/search/?api=1&query=Somerset%20Grand%20Citra%2C%20%3CNA%3E%2C%20Indonesia",
        "google_maps_pin_url": "https://www.google.com/maps/search/?api=1&query=-6.224884543793702%2C106.8247336312087",
        "google_directions_url": "https://www.google.com/maps/dir/?api=1&destination=-6.224884543793702%2C106.8247336312087",
        "tingkat_kepercayaan": "tinggi",
        "status_verifikasi": "kandidat AHR terkurasi dari OSM",
        "sumber_kontak": null
      },
      "geometry": {
        "type": "Point",
        "coordinates": [
          106.8247336312087,
          -6.224884543793702
        ]
      }
    },
    {
      "type": "Feature",
      "properties": {
        "nama_ahr": "Apartement Parama",
        "tipe_ahr": "apartments",
        "alamat": "<NA>",
        "status_sewa": "belum terverifikasi (kandidat OSM)",
        "kontak_telepon": null,
        "url_sumber": "https://www.openstreetmap.org/way/121370601",
        "tanggal_akses": "2026-08-05T07:33:37.864840+00:00",
        "osm_type": "way",
        "osm_id": "121370601",
        "jarak_ke_jalur_m": 103.9,
        "dalam_500m": true,
        "dalam_700m": true,
        "dalam_1000m": true,
        "layanan_terdekat": "MRT Jakarta",
        "latitude": -6.2914634,
        "longitude": 106.7874107,
        "google_maps_url": "https://www.google.com/maps/search/?api=1&query=Apartement%20Parama%2C%20%3CNA%3E%2C%20Indonesia",
        "google_maps_pin_url": "https://www.google.com/maps/search/?api=1&query=-6.291463361415277%2C106.78741071523463",
        "google_directions_url": "https://www.google.com/maps/dir/?api=1&destination=-6.291463361415277%2C106.78741071523463",
        "tingkat_kepercayaan": "tinggi",
        "status_verifikasi": "kandidat AHR terkurasi dari OSM",
        "sumber_kontak": null
      },
      "geometry": {
        "type": "Point",
        "coordinates": [
          106.78741071523463,
          -6.291463361415277
        ]
      }
    },
    {
      "type": "Feature",
      "properties": {
        "nama_ahr": "Menara Biduri I",
        "tipe_ahr": "apartments",
        "alamat": "<NA>",
        "status_sewa": "belum terverifikasi (kandidat OSM)",
        "kontak_telepon": null,
        "url_sumber": "https://www.openstreetmap.org/way/121370642",
        "tanggal_akses": "2026-08-05T07:33:37.864840+00:00",
        "osm_type": "way",
        "osm_id": "121370642",
        "jarak_ke_jalur_m": 117.3,
        "dalam_500m": true,
        "dalam_700m": true,
        "dalam_1000m": true,
        "layanan_terdekat": "MRT Jakarta",
        "latitude": -6.2912858,
        "longitude": 106.7863382,
        "google_maps_url": "https://www.google.com/maps/search/?api=1&query=Menara%20Biduri%20I%2C%20%3CNA%3E%2C%20Indonesia",
        "google_maps_pin_url": "https://www.google.com/maps/search/?api=1&query=-6.291285820202486%2C106.78633823221007",
        "google_directions_url": "https://www.google.com/maps/dir/?api=1&destination=-6.291285820202486%2C106.78633823221007",
        "tingkat_kepercayaan": "tinggi",
        "status_verifikasi": "kandidat AHR terkurasi dari OSM",
        "sumber_kontak": null
      },
      "geometry": {
        "type": "Point",
        "coordinates": [
          106.78633823221007,
          -6.291285820202486
        ]
      }
    },
    {
      "type": "Feature",
      "properties": {
        "nama_ahr": "Tower Dahlia",
        "tipe_ahr": "apartments",
        "alamat": "1",
        "status_sewa": "belum terverifikasi (kandidat OSM)",
        "kontak_telepon": null,
        "url_sumber": "https://www.openstreetmap.org/way/122140823",
        "tanggal_akses": "2026-08-05T07:33:37.864840+00:00",
        "osm_type": "way",
        "osm_id": "122140823",
        "jarak_ke_jalur_m": 667.8,
        "dalam_500m": false,
        "dalam_700m": true,
        "dalam_1000m": true,
        "layanan_terdekat": "LRT Jabodebek",
        "latitude": -6.2242112,
        "longitude": 106.8389511,
        "google_maps_url": "https://www.google.com/maps/search/?api=1&query=Tower%20Dahlia%2C%201%2C%20Indonesia",
        "google_maps_pin_url": "https://www.google.com/maps/search/?api=1&query=-6.224211150011991%2C106.83895110765451",
        "google_directions_url": "https://www.google.com/maps/dir/?api=1&destination=-6.224211150011991%2C106.83895110765451",
        "tingkat_kepercayaan": "tinggi",
        "status_verifikasi": "kandidat AHR terkurasi dari OSM",
        "sumber_kontak": null
      },
      "geometry": {
        "type": "Point",
        "coordinates": [
          106.83895110765451,
          -6.224211150011991
        ]
      }
    },
    {
      "type": "Feature",
      "properties": {
        "nama_ahr": "Tower Allamanda",
        "tipe_ahr": "apartments",
        "alamat": "2",
        "status_sewa": "belum terverifikasi (kandidat OSM)",
        "kontak_telepon": null,
        "url_sumber": "https://www.openstreetmap.org/way/122140845",
        "tanggal_akses": "2026-08-05T07:33:37.864840+00:00",
        "osm_type": "way",
        "osm_id": "122140845",
        "jarak_ke_jalur_m": 625,
        "dalam_500m": false,
        "dalam_700m": true,
        "dalam_1000m": true,
        "layanan_terdekat": "LRT Jabodebek",
        "latitude": -6.222763,
        "longitude": 106.838378,
        "google_maps_url": "https://www.google.com/maps/search/?api=1&query=Tower%20Allamanda%2C%202%2C%20Indonesia",
        "google_maps_pin_url": "https://www.google.com/maps/search/?api=1&query=-6.222762999947234%2C106.8383779769958",
        "google_directions_url": "https://www.google.com/maps/dir/?api=1&destination=-6.222762999947234%2C106.8383779769958",
        "tingkat_kepercayaan": "tinggi",
        "status_verifikasi": "kandidat AHR terkurasi dari OSM",
        "sumber_kontak": null
      },
      "geometry": {
        "type": "Point",
        "coordinates": [
          106.8383779769958,
          -6.222762999947234
        ]
      }
    },
    {
      "type": "Feature",
      "properties": {
        "nama_ahr": "Tower Bougainvillea",
        "tipe_ahr": "apartments",
        "alamat": "2",
        "status_sewa": "belum terverifikasi (kandidat OSM)",
        "kontak_telepon": null,
        "url_sumber": "https://www.openstreetmap.org/way/122140851",
        "tanggal_akses": "2026-08-05T07:33:37.864840+00:00",
        "osm_type": "way",
        "osm_id": "122140851",
        "jarak_ke_jalur_m": 632.7,
        "dalam_500m": false,
        "dalam_700m": true,
        "dalam_1000m": true,
        "layanan_terdekat": "LRT Jabodebek",
        "latitude": -6.223113,
        "longitude": 106.8385178,
        "google_maps_url": "https://www.google.com/maps/search/?api=1&query=Tower%20Bougainvillea%2C%202%2C%20Indonesia",
        "google_maps_pin_url": "https://www.google.com/maps/search/?api=1&query=-6.223113049941271%2C106.83851777846328",
        "google_directions_url": "https://www.google.com/maps/dir/?api=1&destination=-6.223113049941271%2C106.83851777846328",
        "tingkat_kepercayaan": "tinggi",
        "status_verifikasi": "kandidat AHR terkurasi dari OSM",
        "sumber_kontak": null
      },
      "geometry": {
        "type": "Point",
        "coordinates": [
          106.83851777846328,
          -6.223113049941271
        ]
      }
    },
    {
      "type": "Feature",
      "properties": {
        "nama_ahr": "The Kuningan Place",
        "tipe_ahr": "apartments",
        "alamat": "Jalan Kuningan Utama lot 15",
        "status_sewa": "belum terverifikasi (kandidat OSM)",
        "kontak_telepon": null,
        "url_sumber": "https://www.openstreetmap.org/way/122140860",
        "tanggal_akses": "2026-08-05T07:33:37.864840+00:00",
        "osm_type": "way",
        "osm_id": "122140860",
        "jarak_ke_jalur_m": 553.6,
        "dalam_500m": false,
        "dalam_700m": true,
        "dalam_1000m": true,
        "layanan_terdekat": "LRT Jabodebek",
        "latitude": -6.212666,
        "longitude": 106.8354556,
        "google_maps_url": "https://www.google.com/maps/search/?api=1&query=The%20Kuningan%20Place%2C%20Jalan%20Kuningan%20Utama%20lot%2015%2C%20Indonesia",
        "google_maps_pin_url": "https://www.google.com/maps/search/?api=1&query=-6.212666008805048%2C106.83545564968571",
        "google_directions_url": "https://www.google.com/maps/dir/?api=1&destination=-6.212666008805048%2C106.83545564968571",
        "tingkat_kepercayaan": "tinggi",
        "status_verifikasi": "kandidat AHR terkurasi dari OSM",
        "sumber_kontak": null
      },
      "geometry": {
        "type": "Point",
        "coordinates": [
          106.83545564968571,
          -6.212666008805048
        ]
      }
    },
    {
      "type": "Feature",
      "properties": {
        "nama_ahr": "Apartment Pavillion Tower 2",
        "tipe_ahr": "apartments",
        "alamat": "<NA>",
        "status_sewa": "belum terverifikasi (kandidat OSM)",
        "kontak_telepon": null,
        "url_sumber": "https://www.openstreetmap.org/way/122152063",
        "tanggal_akses": "2026-08-05T07:33:37.864840+00:00",
        "osm_type": "way",
        "osm_id": "122152063",
        "jarak_ke_jalur_m": 418.6,
        "dalam_500m": true,
        "dalam_700m": true,
        "dalam_1000m": true,
        "layanan_terdekat": "MRT Jakarta",
        "latitude": -6.2080452,
        "longitude": 106.8179566,
        "google_maps_url": "https://www.google.com/maps/search/?api=1&query=Apartment%20Pavillion%20Tower%202%2C%20%3CNA%3E%2C%20Indonesia",
        "google_maps_pin_url": "https://www.google.com/maps/search/?api=1&query=-6.208045155003401%2C106.81795660239297",
        "google_directions_url": "https://www.google.com/maps/dir/?api=1&destination=-6.208045155003401%2C106.81795660239297",
        "tingkat_kepercayaan": "tinggi",
        "status_verifikasi": "kandidat AHR terkurasi dari OSM",
        "sumber_kontak": null
      },
      "geometry": {
        "type": "Point",
        "coordinates": [
          106.81795660239297,
          -6.208045155003401
        ]
      }
    },
    {
      "type": "Feature",
      "properties": {
        "nama_ahr": "Apartment Pavillion Tower 3",
        "tipe_ahr": "apartments",
        "alamat": "<NA>",
        "status_sewa": "belum terverifikasi (kandidat OSM)",
        "kontak_telepon": null,
        "url_sumber": "https://www.openstreetmap.org/way/122152105",
        "tanggal_akses": "2026-08-05T07:33:37.864840+00:00",
        "osm_type": "way",
        "osm_id": "122152105",
        "jarak_ke_jalur_m": 409.6,
        "dalam_500m": true,
        "dalam_700m": true,
        "dalam_1000m": true,
        "layanan_terdekat": "MRT Jakarta",
        "latitude": -6.2070791,
        "longitude": 106.8183181,
        "google_maps_url": "https://www.google.com/maps/search/?api=1&query=Apartment%20Pavillion%20Tower%203%2C%20%3CNA%3E%2C%20Indonesia",
        "google_maps_pin_url": "https://www.google.com/maps/search/?api=1&query=-6.207079100021907%2C106.81831810207937",
        "google_directions_url": "https://www.google.com/maps/dir/?api=1&destination=-6.207079100021907%2C106.81831810207937",
        "tingkat_kepercayaan": "tinggi",
        "status_verifikasi": "kandidat AHR terkurasi dari OSM",
        "sumber_kontak": null
      },
      "geometry": {
        "type": "Point",
        "coordinates": [
          106.81831810207937,
          -6.207079100021907
        ]
      }
    },
    {
      "type": "Feature",
      "properties": {
        "nama_ahr": "Apartment Pavillion Tower 1",
        "tipe_ahr": "apartments",
        "alamat": "<NA>",
        "status_sewa": "belum terverifikasi (kandidat OSM)",
        "kontak_telepon": null,
        "url_sumber": "https://www.openstreetmap.org/way/122152122",
        "tanggal_akses": "2026-08-05T07:33:37.864840+00:00",
        "osm_type": "way",
        "osm_id": "122152122",
        "jarak_ke_jalur_m": 465.2,
        "dalam_500m": true,
        "dalam_700m": true,
        "dalam_1000m": true,
        "layanan_terdekat": "MRT Jakarta",
        "latitude": -6.2072139,
        "longitude": 106.8177803,
        "google_maps_url": "https://www.google.com/maps/search/?api=1&query=Apartment%20Pavillion%20Tower%201%2C%20%3CNA%3E%2C%20Indonesia",
        "google_maps_pin_url": "https://www.google.com/maps/search/?api=1&query=-6.207213949986035%2C106.81778031316412",
        "google_directions_url": "https://www.google.com/maps/dir/?api=1&destination=-6.207213949986035%2C106.81778031316412",
        "tingkat_kepercayaan": "tinggi",
        "status_verifikasi": "kandidat AHR terkurasi dari OSM",
        "sumber_kontak": null
      },
      "geometry": {
        "type": "Point",
        "coordinates": [
          106.81778031316412,
          -6.207213949986035
        ]
      }
    },
    {
      "type": "Feature",
      "properties": {
        "nama_ahr": "Palm Court Apartment",
        "tipe_ahr": "yes",
        "alamat": "Jl. Jend. Gatot Subroto, RT.3/RW.2",
        "status_sewa": "belum terverifikasi (kandidat OSM)",
        "kontak_telepon": null,
        "url_sumber": "https://www.openstreetmap.org/way/122152149",
        "tanggal_akses": "2026-08-05T07:33:37.864840+00:00",
        "osm_type": "way",
        "osm_id": "122152149",
        "jarak_ke_jalur_m": 277.7,
        "dalam_500m": true,
        "dalam_700m": true,
        "dalam_1000m": true,
        "layanan_terdekat": "LRT Jabodebek",
        "latitude": -6.2369586,
        "longitude": 106.8248714,
        "google_maps_url": "https://www.google.com/maps/search/?api=1&query=Palm%20Court%20Apartment%2C%20Jl.%20Jend.%20Gatot%20Subroto%2C%20RT.3%2FRW.2%2C%20Indonesia",
        "google_maps_pin_url": "https://www.google.com/maps/search/?api=1&query=-6.236958600426409%2C106.82487143829877",
        "google_directions_url": "https://www.google.com/maps/dir/?api=1&destination=-6.236958600426409%2C106.82487143829877",
        "tingkat_kepercayaan": "tinggi",
        "status_verifikasi": "kandidat AHR terkurasi dari OSM",
        "sumber_kontak": null
      },
      "geometry": {
        "type": "Point",
        "coordinates": [
          106.82487143829877,
          -6.236958600426409
        ]
      }
    },
    {
      "type": "Feature",
      "properties": {
        "nama_ahr": "Apartemen Pearl Garden",
        "tipe_ahr": "apartments",
        "alamat": "<NA>",
        "status_sewa": "belum terverifikasi (kandidat OSM)",
        "kontak_telepon": null,
        "url_sumber": "https://www.openstreetmap.org/way/122152176",
        "tanggal_akses": "2026-08-05T07:33:37.864840+00:00",
        "osm_type": "way",
        "osm_id": "122152176",
        "jarak_ke_jalur_m": 590.5,
        "dalam_500m": false,
        "dalam_700m": true,
        "dalam_1000m": true,
        "layanan_terdekat": "MRT Jakarta",
        "latitude": -6.2227397,
        "longitude": 106.8169139,
        "google_maps_url": "https://www.google.com/maps/search/?api=1&query=Apartemen%20Pearl%20Garden%2C%20%3CNA%3E%2C%20Indonesia",
        "google_maps_pin_url": "https://www.google.com/maps/search/?api=1&query=-6.222739689391437%2C106.8169138678577",
        "google_directions_url": "https://www.google.com/maps/dir/?api=1&destination=-6.222739689391437%2C106.8169138678577",
        "tingkat_kepercayaan": "tinggi",
        "status_verifikasi": "kandidat AHR terkurasi dari OSM",
        "sumber_kontak": null
      },
      "geometry": {
        "type": "Point",
        "coordinates": [
          106.8169138678577,
          -6.222739689391437
        ]
      }
    },
    {
      "type": "Feature",
      "properties": {
        "nama_ahr": "Apartment Pavillion Tower 4",
        "tipe_ahr": "apartments",
        "alamat": "<NA>",
        "status_sewa": "belum terverifikasi (kandidat OSM)",
        "kontak_telepon": null,
        "url_sumber": "https://www.openstreetmap.org/way/122152183",
        "tanggal_akses": "2026-08-05T07:33:37.864840+00:00",
        "osm_type": "way",
        "osm_id": "122152183",
        "jarak_ke_jalur_m": 368.4,
        "dalam_500m": true,
        "dalam_700m": true,
        "dalam_1000m": true,
        "layanan_terdekat": "MRT Jakarta",
        "latitude": -6.2079143,
        "longitude": 106.818506,
        "google_maps_url": "https://www.google.com/maps/search/?api=1&query=Apartment%20Pavillion%20Tower%204%2C%20%3CNA%3E%2C%20Indonesia",
        "google_maps_pin_url": "https://www.google.com/maps/search/?api=1&query=-6.207914300018344%2C106.81850595437761",
        "google_directions_url": "https://www.google.com/maps/dir/?api=1&destination=-6.207914300018344%2C106.81850595437761",
        "tingkat_kepercayaan": "tinggi",
        "status_verifikasi": "kandidat AHR terkurasi dari OSM",
        "sumber_kontak": null
      },
      "geometry": {
        "type": "Point",
        "coordinates": [
          106.81850595437761,
          -6.207914300018344
        ]
      }
    },
    {
      "type": "Feature",
      "properties": {
        "nama_ahr": "The Sultan Residence Tower 2",
        "tipe_ahr": "apartments",
        "alamat": "<NA>",
        "status_sewa": "belum terverifikasi (kandidat OSM)",
        "kontak_telepon": null,
        "url_sumber": "https://www.openstreetmap.org/way/122152220",
        "tanggal_akses": "2026-08-05T07:33:37.864840+00:00",
        "osm_type": "way",
        "osm_id": "122152220",
        "jarak_ke_jalur_m": 233.8,
        "dalam_500m": true,
        "dalam_700m": true,
        "dalam_1000m": true,
        "layanan_terdekat": "MRT Jakarta",
        "latitude": -6.2193772,
        "longitude": 106.8089357,
        "google_maps_url": "https://www.google.com/maps/search/?api=1&query=The%20Sultan%20Residence%20Tower%202%2C%20%3CNA%3E%2C%20Indonesia",
        "google_maps_pin_url": "https://www.google.com/maps/search/?api=1&query=-6.219377200077577%2C106.80893569798697",
        "google_directions_url": "https://www.google.com/maps/dir/?api=1&destination=-6.219377200077577%2C106.80893569798697",
        "tingkat_kepercayaan": "tinggi",
        "status_verifikasi": "kandidat AHR terkurasi dari OSM",
        "sumber_kontak": null
      },
      "geometry": {
        "type": "Point",
        "coordinates": [
          106.80893569798697,
          -6.219377200077577
        ]
      }
    },
    {
      "type": "Feature",
      "properties": {
        "nama_ahr": "Palm Court Apartment",
        "tipe_ahr": "yes",
        "alamat": "Jl. Jend. Gatot Subroto, RT.3/RW.2",
        "status_sewa": "belum terverifikasi (kandidat OSM)",
        "kontak_telepon": null,
        "url_sumber": "https://www.openstreetmap.org/way/122152268",
        "tanggal_akses": "2026-08-05T07:33:37.864840+00:00",
        "osm_type": "way",
        "osm_id": "122152268",
        "jarak_ke_jalur_m": 233.7,
        "dalam_500m": true,
        "dalam_700m": true,
        "dalam_1000m": true,
        "layanan_terdekat": "LRT Jabodebek",
        "latitude": -6.2363979,
        "longitude": 106.8253005,
        "google_maps_url": "https://www.google.com/maps/search/?api=1&query=Palm%20Court%20Apartment%2C%20Jl.%20Jend.%20Gatot%20Subroto%2C%20RT.3%2FRW.2%2C%20Indonesia",
        "google_maps_pin_url": "https://www.google.com/maps/search/?api=1&query=-6.236397920392154%2C106.82530052139525",
        "google_directions_url": "https://www.google.com/maps/dir/?api=1&destination=-6.236397920392154%2C106.82530052139525",
        "tingkat_kepercayaan": "tinggi",
        "status_verifikasi": "kandidat AHR terkurasi dari OSM",
        "sumber_kontak": null
      },
      "geometry": {
        "type": "Point",
        "coordinates": [
          106.82530052139525,
          -6.236397920392154
        ]
      }
    },
    {
      "type": "Feature",
      "properties": {
        "nama_ahr": "Sudirman Mansion",
        "tipe_ahr": "apartments",
        "alamat": "<NA>",
        "status_sewa": "belum terverifikasi (kandidat OSM)",
        "kontak_telepon": null,
        "url_sumber": "https://www.openstreetmap.org/way/122160054",
        "tanggal_akses": "2026-08-05T07:33:37.864840+00:00",
        "osm_type": "way",
        "osm_id": "122160054",
        "jarak_ke_jalur_m": 154.2,
        "dalam_500m": true,
        "dalam_700m": true,
        "dalam_1000m": true,
        "layanan_terdekat": "MRT Jakarta",
        "latitude": -6.226189,
        "longitude": 106.8056391,
        "google_maps_url": "https://www.google.com/maps/search/?api=1&query=Sudirman%20Mansion%2C%20%3CNA%3E%2C%20Indonesia",
        "google_maps_pin_url": "https://www.google.com/maps/search/?api=1&query=-6.2261889500707%2C106.80563905002211",
        "google_directions_url": "https://www.google.com/maps/dir/?api=1&destination=-6.2261889500707%2C106.80563905002211",
        "tingkat_kepercayaan": "tinggi",
        "status_verifikasi": "kandidat AHR terkurasi dari OSM",
        "sumber_kontak": null
      },
      "geometry": {
        "type": "Point",
        "coordinates": [
          106.80563905002211,
          -6.2261889500707
        ]
      }
    },
    {
      "type": "Feature",
      "properties": {
        "nama_ahr": "The Sultan Residence Tower 1",
        "tipe_ahr": "apartments",
        "alamat": "<NA>",
        "status_sewa": "belum terverifikasi (kandidat OSM)",
        "kontak_telepon": null,
        "url_sumber": "https://www.openstreetmap.org/way/122160062",
        "tanggal_akses": "2026-08-05T07:33:37.864840+00:00",
        "osm_type": "way",
        "osm_id": "122160062",
        "jarak_ke_jalur_m": 171.5,
        "dalam_500m": true,
        "dalam_700m": true,
        "dalam_1000m": true,
        "layanan_terdekat": "MRT Jakarta",
        "latitude": -6.2201017,
        "longitude": 106.808932,
        "google_maps_url": "https://www.google.com/maps/search/?api=1&query=The%20Sultan%20Residence%20Tower%201%2C%20%3CNA%3E%2C%20Indonesia",
        "google_maps_pin_url": "https://www.google.com/maps/search/?api=1&query=-6.220101700087944%2C106.80893204652921",
        "google_directions_url": "https://www.google.com/maps/dir/?api=1&destination=-6.220101700087944%2C106.80893204652921",
        "tingkat_kepercayaan": "tinggi",
        "status_verifikasi": "kandidat AHR terkurasi dari OSM",
        "sumber_kontak": null
      },
      "geometry": {
        "type": "Point",
        "coordinates": [
          106.80893204652921,
          -6.220101700087944
        ]
      }
    },
    {
      "type": "Feature",
      "properties": {
        "nama_ahr": "The Lavande Residences",
        "tipe_ahr": "apartments",
        "alamat": "Jalan Professor Doktor Supomo No.231",
        "status_sewa": "belum terverifikasi (kandidat OSM)",
        "kontak_telepon": null,
        "url_sumber": "https://www.openstreetmap.org/way/122211521",
        "tanggal_akses": "2026-08-05T07:33:37.864840+00:00",
        "osm_type": "way",
        "osm_id": "122211521",
        "jarak_ke_jalur_m": 722.6,
        "dalam_500m": false,
        "dalam_700m": false,
        "dalam_1000m": true,
        "layanan_terdekat": "LRT Jabodebek",
        "latitude": -6.2365721,
        "longitude": 106.8429913,
        "google_maps_url": "https://www.google.com/maps/search/?api=1&query=The%20Lavande%20Residences%2C%20Jalan%20Professor%20Doktor%20Supomo%20No.231%2C%20Indonesia",
        "google_maps_pin_url": "https://www.google.com/maps/search/?api=1&query=-6.236572079283468%2C106.84299128530206",
        "google_directions_url": "https://www.google.com/maps/dir/?api=1&destination=-6.236572079283468%2C106.84299128530206",
        "tingkat_kepercayaan": "tinggi",
        "status_verifikasi": "kandidat AHR terkurasi dari OSM",
        "sumber_kontak": null
      },
      "geometry": {
        "type": "Point",
        "coordinates": [
          106.84299128530206,
          -6.236572079283468
        ]
      }
    },
    {
      "type": "Feature",
      "properties": {
        "nama_ahr": "Splendor Wing",
        "tipe_ahr": "apartments",
        "alamat": "<NA>",
        "status_sewa": "belum terverifikasi (kandidat OSM)",
        "kontak_telepon": null,
        "url_sumber": "https://www.openstreetmap.org/way/123422066",
        "tanggal_akses": "2026-08-05T07:33:37.864840+00:00",
        "osm_type": "way",
        "osm_id": "123422066",
        "jarak_ke_jalur_m": 98.6,
        "dalam_500m": true,
        "dalam_700m": true,
        "dalam_1000m": true,
        "layanan_terdekat": "LRT Jabodebek",
        "latitude": -6.2428216,
        "longitude": 106.8450904,
        "google_maps_url": "https://www.google.com/maps/search/?api=1&query=Splendor%20Wing%2C%20%3CNA%3E%2C%20Indonesia",
        "google_maps_pin_url": "https://www.google.com/maps/search/?api=1&query=-6.242821593154957%2C106.84509041360232",
        "google_directions_url": "https://www.google.com/maps/dir/?api=1&destination=-6.242821593154957%2C106.84509041360232",
        "tingkat_kepercayaan": "tinggi",
        "status_verifikasi": "kandidat AHR terkurasi dari OSM",
        "sumber_kontak": null
      },
      "geometry": {
        "type": "Point",
        "coordinates": [
          106.84509041360232,
          -6.242821593154957
        ]
      }
    },
    {
      "type": "Feature",
      "properties": {
        "nama_ahr": "Tower 2 - Wisma Melati",
        "tipe_ahr": "apartments",
        "alamat": "Jalan Hajjah R. Rasuna Said Tower 2",
        "status_sewa": "belum terverifikasi (kandidat OSM)",
        "kontak_telepon": null,
        "url_sumber": "https://www.openstreetmap.org/way/125586129",
        "tanggal_akses": "2026-08-05T07:33:37.864840+00:00",
        "osm_type": "way",
        "osm_id": "125586129",
        "jarak_ke_jalur_m": 497.3,
        "dalam_500m": true,
        "dalam_700m": true,
        "dalam_1000m": true,
        "layanan_terdekat": "LRT Jabodebek",
        "latitude": -6.2198016,
        "longitude": 106.8364386,
        "google_maps_url": "https://www.google.com/maps/search/?api=1&query=Tower%202%20-%20Wisma%20Melati%2C%20Jalan%20Hajjah%20R.%20Rasuna%20Said%20Tower%202%2C%20Indonesia",
        "google_maps_pin_url": "https://www.google.com/maps/search/?api=1&query=-6.219801593565307%2C106.83643860319727",
        "google_directions_url": "https://www.google.com/maps/dir/?api=1&destination=-6.219801593565307%2C106.83643860319727",
        "tingkat_kepercayaan": "tinggi",
        "status_verifikasi": "kandidat AHR terkurasi dari OSM",
        "sumber_kontak": null
      },
      "geometry": {
        "type": "Point",
        "coordinates": [
          106.83643860319727,
          -6.219801593565307
        ]
      }
    },
    {
      "type": "Feature",
      "properties": {
        "nama_ahr": "Apartemen Patria Park",
        "tipe_ahr": "apartments",
        "alamat": "Jalan DI. Panjaitan Kav 5-7",
        "status_sewa": "belum terverifikasi (kandidat OSM)",
        "kontak_telepon": null,
        "url_sumber": "https://www.openstreetmap.org/way/133488698",
        "tanggal_akses": "2026-08-05T07:33:37.864840+00:00",
        "osm_type": "way",
        "osm_id": "133488698",
        "jarak_ke_jalur_m": 421.3,
        "dalam_500m": true,
        "dalam_700m": true,
        "dalam_1000m": true,
        "layanan_terdekat": "LRT Jabodebek",
        "latitude": -6.2433948,
        "longitude": 106.8758995,
        "google_maps_url": "https://www.google.com/maps/search/?api=1&query=Apartemen%20Patria%20Park%2C%20Jalan%20DI.%20Panjaitan%20Kav%205-7%2C%20Indonesia",
        "google_maps_pin_url": "https://www.google.com/maps/search/?api=1&query=-6.24339482201693%2C106.87589945712612",
        "google_directions_url": "https://www.google.com/maps/dir/?api=1&destination=-6.24339482201693%2C106.87589945712612",
        "tingkat_kepercayaan": "tinggi",
        "status_verifikasi": "kandidat AHR terkurasi dari OSM",
        "sumber_kontak": null
      },
      "geometry": {
        "type": "Point",
        "coordinates": [
          106.87589945712612,
          -6.24339482201693
        ]
      }
    },
    {
      "type": "Feature",
      "properties": {
        "nama_ahr": "CityLofts Sudirman",
        "tipe_ahr": "apartments",
        "alamat": "Jalan KH. Mas Mansyur 121",
        "status_sewa": "belum terverifikasi (kandidat OSM)",
        "kontak_telepon": null,
        "url_sumber": "https://www.openstreetmap.org/way/155097883",
        "tanggal_akses": "2026-08-05T07:33:37.864840+00:00",
        "osm_type": "way",
        "osm_id": "155097883",
        "jarak_ke_jalur_m": 325.1,
        "dalam_500m": true,
        "dalam_700m": true,
        "dalam_1000m": true,
        "layanan_terdekat": "MRT Jakarta",
        "latitude": -6.2091014,
        "longitude": 106.8183845,
        "google_maps_url": "https://www.google.com/maps/search/?api=1&query=CityLofts%20Sudirman%2C%20Jalan%20KH.%20Mas%20Mansyur%20121%2C%20Indonesia",
        "google_maps_pin_url": "https://www.google.com/maps/search/?api=1&query=-6.209101448514364%2C106.81838448524488",
        "google_directions_url": "https://www.google.com/maps/dir/?api=1&destination=-6.209101448514364%2C106.81838448524488",
        "tingkat_kepercayaan": "tinggi",
        "status_verifikasi": "kandidat AHR terkurasi dari OSM",
        "sumber_kontak": null
      },
      "geometry": {
        "type": "Point",
        "coordinates": [
          106.81838448524488,
          -6.209101448514364
        ]
      }
    },
    {
      "type": "Feature",
      "properties": {
        "nama_ahr": "MT Haryono Square (MTH Square)",
        "tipe_ahr": "apartments",
        "alamat": "<NA>",
        "status_sewa": "belum terverifikasi (kandidat OSM)",
        "kontak_telepon": null,
        "url_sumber": "https://www.openstreetmap.org/way/155962706",
        "tanggal_akses": "2026-08-05T07:33:37.864840+00:00",
        "osm_type": "way",
        "osm_id": "155962706",
        "jarak_ke_jalur_m": 159.1,
        "dalam_500m": true,
        "dalam_700m": true,
        "dalam_1000m": true,
        "layanan_terdekat": "LRT Jabodebek",
        "latitude": -6.2436863,
        "longitude": 106.8693889,
        "google_maps_url": "https://www.google.com/maps/search/?api=1&query=MT%20Haryono%20Square%20(MTH%20Square)%2C%20%3CNA%3E%2C%20Indonesia",
        "google_maps_pin_url": "https://www.google.com/maps/search/?api=1&query=-6.243686310773357%2C106.86938893962561",
        "google_directions_url": "https://www.google.com/maps/dir/?api=1&destination=-6.243686310773357%2C106.86938893962561",
        "tingkat_kepercayaan": "tinggi",
        "status_verifikasi": "kandidat AHR terkurasi dari OSM",
        "sumber_kontak": null
      },
      "geometry": {
        "type": "Point",
        "coordinates": [
          106.86938893962561,
          -6.243686310773357
        ]
      }
    },
    {
      "type": "Feature",
      "properties": {
        "nama_ahr": "Apartemen Taman Rasuna",
        "tipe_ahr": "hunian",
        "alamat": "<NA>",
        "status_sewa": "belum terverifikasi (kandidat OSM)",
        "kontak_telepon": null,
        "url_sumber": "https://www.openstreetmap.org/way/157357278",
        "tanggal_akses": "2026-08-05T07:33:37.864840+00:00",
        "osm_type": "way",
        "osm_id": "157357278",
        "jarak_ke_jalur_m": 608.3,
        "dalam_500m": false,
        "dalam_700m": true,
        "dalam_1000m": true,
        "layanan_terdekat": "LRT Jabodebek",
        "latitude": -6.2182411,
        "longitude": 106.8369633,
        "google_maps_url": "https://www.google.com/maps/search/?api=1&query=Apartemen%20Taman%20Rasuna%2C%20%3CNA%3E%2C%20Indonesia",
        "google_maps_pin_url": "https://www.google.com/maps/search/?api=1&query=-6.218241058710468%2C106.83696330979751",
        "google_directions_url": "https://www.google.com/maps/dir/?api=1&destination=-6.218241058710468%2C106.83696330979751",
        "tingkat_kepercayaan": "tinggi",
        "status_verifikasi": "kandidat AHR terkurasi dari OSM",
        "sumber_kontak": null
      },
      "geometry": {
        "type": "Point",
        "coordinates": [
          106.83696330979751,
          -6.218241058710468
        ]
      }
    },
    {
      "type": "Feature",
      "properties": {
        "nama_ahr": "Ambassade Residences",
        "tipe_ahr": "apartments",
        "alamat": "<NA>",
        "status_sewa": "belum terverifikasi (kandidat OSM)",
        "kontak_telepon": null,
        "url_sumber": "https://www.openstreetmap.org/way/157361031",
        "tanggal_akses": "2026-08-05T07:33:37.864840+00:00",
        "osm_type": "way",
        "osm_id": "157361031",
        "jarak_ke_jalur_m": 166.2,
        "dalam_500m": true,
        "dalam_700m": true,
        "dalam_1000m": true,
        "layanan_terdekat": "LRT Jabodebek",
        "latitude": -6.2225528,
        "longitude": 106.8308995,
        "google_maps_url": "https://www.google.com/maps/search/?api=1&query=Ambassade%20Residences%2C%20%3CNA%3E%2C%20Indonesia",
        "google_maps_pin_url": "https://www.google.com/maps/search/?api=1&query=-6.222552849999043%2C106.83089950000567",
        "google_directions_url": "https://www.google.com/maps/dir/?api=1&destination=-6.222552849999043%2C106.83089950000567",
        "tingkat_kepercayaan": "tinggi",
        "status_verifikasi": "kandidat AHR terkurasi dari OSM",
        "sumber_kontak": null
      },
      "geometry": {
        "type": "Point",
        "coordinates": [
          106.83089950000567,
          -6.222552849999043
        ]
      }
    },
    {
      "type": "Feature",
      "properties": {
        "nama_ahr": "Apartemen Taman Sari Sudirman",
        "tipe_ahr": "apartments",
        "alamat": "<NA>",
        "status_sewa": "belum terverifikasi (kandidat OSM)",
        "kontak_telepon": null,
        "url_sumber": "https://www.openstreetmap.org/way/157361032",
        "tanggal_akses": "2026-08-05T07:33:37.864840+00:00",
        "osm_type": "way",
        "osm_id": "157361032",
        "jarak_ke_jalur_m": 367.1,
        "dalam_500m": true,
        "dalam_700m": true,
        "dalam_1000m": true,
        "layanan_terdekat": "MRT Jakarta",
        "latitude": -6.2163698,
        "longitude": 106.8213949,
        "google_maps_url": "https://www.google.com/maps/search/?api=1&query=Apartemen%20Taman%20Sari%20Sudirman%2C%20%3CNA%3E%2C%20Indonesia",
        "google_maps_pin_url": "https://www.google.com/maps/search/?api=1&query=-6.216369800009403%2C106.82139490215847",
        "google_directions_url": "https://www.google.com/maps/dir/?api=1&destination=-6.216369800009403%2C106.82139490215847",
        "tingkat_kepercayaan": "tinggi",
        "status_verifikasi": "kandidat AHR terkurasi dari OSM",
        "sumber_kontak": null
      },
      "geometry": {
        "type": "Point",
        "coordinates": [
          106.82139490215847,
          -6.216369800009403
        ]
      }
    },
    {
      "type": "Feature",
      "properties": {
        "nama_ahr": "Apartemen Simpruk Teras",
        "tipe_ahr": "apartments",
        "alamat": "<NA>",
        "status_sewa": "belum terverifikasi (kandidat OSM)",
        "kontak_telepon": null,
        "url_sumber": "https://www.openstreetmap.org/way/159611851",
        "tanggal_akses": "2026-08-05T07:33:37.864840+00:00",
        "osm_type": "way",
        "osm_id": "159611851",
        "jarak_ke_jalur_m": 999.9,
        "dalam_500m": false,
        "dalam_700m": false,
        "dalam_1000m": true,
        "layanan_terdekat": "MRT Jakarta",
        "latitude": -6.2323084,
        "longitude": 106.789399,
        "google_maps_url": "https://www.google.com/maps/search/?api=1&query=Apartemen%20Simpruk%20Teras%2C%20%3CNA%3E%2C%20Indonesia",
        "google_maps_pin_url": "https://www.google.com/maps/search/?api=1&query=-6.232308350098897%2C106.78939903283906",
        "google_directions_url": "https://www.google.com/maps/dir/?api=1&destination=-6.232308350098897%2C106.78939903283906",
        "tingkat_kepercayaan": "tinggi",
        "status_verifikasi": "kandidat AHR terkurasi dari OSM",
        "sumber_kontak": null
      },
      "geometry": {
        "type": "Point",
        "coordinates": [
          106.78939903283906,
          -6.232308350098897
        ]
      }
    },
    {
      "type": "Feature",
      "properties": {
        "nama_ahr": "Empyreal Tower",
        "tipe_ahr": "apartments",
        "alamat": "Jalan Epicentrum Tengah",
        "status_sewa": "belum terverifikasi (kandidat OSM)",
        "kontak_telepon": null,
        "url_sumber": "https://www.openstreetmap.org/way/161264735",
        "tanggal_akses": "2026-08-05T07:33:37.864840+00:00",
        "osm_type": "way",
        "osm_id": "161264735",
        "jarak_ke_jalur_m": 337.2,
        "dalam_500m": true,
        "dalam_700m": true,
        "dalam_1000m": true,
        "layanan_terdekat": "LRT Jabodebek",
        "latitude": -6.2182724,
        "longitude": 106.834315,
        "google_maps_url": "https://www.google.com/maps/search/?api=1&query=Empyreal%20Tower%2C%20Jalan%20Epicentrum%20Tengah%2C%20Indonesia",
        "google_maps_pin_url": "https://www.google.com/maps/search/?api=1&query=-6.218272354822907%2C106.83431502030315",
        "google_directions_url": "https://www.google.com/maps/dir/?api=1&destination=-6.218272354822907%2C106.83431502030315",
        "tingkat_kepercayaan": "tinggi",
        "status_verifikasi": "kandidat AHR terkurasi dari OSM",
        "sumber_kontak": null
      },
      "geometry": {
        "type": "Point",
        "coordinates": [
          106.83431502030315,
          -6.218272354822907
        ]
      }
    },
    {
      "type": "Feature",
      "properties": {
        "nama_ahr": "Permata Kuningan",
        "tipe_ahr": "apartments",
        "alamat": "<NA>",
        "status_sewa": "belum terverifikasi (kandidat OSM)",
        "kontak_telepon": null,
        "url_sumber": "https://www.openstreetmap.org/way/162221113",
        "tanggal_akses": "2026-08-05T07:33:37.864840+00:00",
        "osm_type": "way",
        "osm_id": "162221113",
        "jarak_ke_jalur_m": 388.2,
        "dalam_500m": true,
        "dalam_700m": true,
        "dalam_1000m": true,
        "layanan_terdekat": "LRT Jabodebek",
        "latitude": -6.212105,
        "longitude": 106.833973,
        "google_maps_url": "https://www.google.com/maps/search/?api=1&query=Permata%20Kuningan%2C%20%3CNA%3E%2C%20Indonesia",
        "google_maps_pin_url": "https://www.google.com/maps/search/?api=1&query=-6.212104957178746%2C106.83397304896174",
        "google_directions_url": "https://www.google.com/maps/dir/?api=1&destination=-6.212104957178746%2C106.83397304896174",
        "tingkat_kepercayaan": "tinggi",
        "status_verifikasi": "kandidat AHR terkurasi dari OSM",
        "sumber_kontak": null
      },
      "geometry": {
        "type": "Point",
        "coordinates": [
          106.83397304896174,
          -6.212104957178746
        ]
      }
    },
    {
      "type": "Feature",
      "properties": {
        "nama_ahr": "Bumimas Apartemen Tower 1",
        "tipe_ahr": "apartments",
        "alamat": "<NA>",
        "status_sewa": "belum terverifikasi (kandidat OSM)",
        "kontak_telepon": null,
        "url_sumber": "https://www.openstreetmap.org/way/166320185",
        "tanggal_akses": "2026-08-05T07:33:37.864840+00:00",
        "osm_type": "way",
        "osm_id": "166320185",
        "jarak_ke_jalur_m": 136.3,
        "dalam_500m": true,
        "dalam_700m": true,
        "dalam_1000m": true,
        "layanan_terdekat": "MRT Jakarta",
        "latitude": -6.2807379,
        "longitude": 106.7951527,
        "google_maps_url": "https://www.google.com/maps/search/?api=1&query=Bumimas%20Apartemen%20Tower%201%2C%20%3CNA%3E%2C%20Indonesia",
        "google_maps_pin_url": "https://www.google.com/maps/search/?api=1&query=-6.280737850052464%2C106.79515269999486",
        "google_directions_url": "https://www.google.com/maps/dir/?api=1&destination=-6.280737850052464%2C106.79515269999486",
        "tingkat_kepercayaan": "tinggi",
        "status_verifikasi": "kandidat AHR terkurasi dari OSM",
        "sumber_kontak": null
      },
      "geometry": {
        "type": "Point",
        "coordinates": [
          106.79515269999486,
          -6.280737850052464
        ]
      }
    },
    {
      "type": "Feature",
      "properties": {
        "nama_ahr": "Bumimas Apartemen Tower 2",
        "tipe_ahr": "apartments",
        "alamat": "<NA>",
        "status_sewa": "belum terverifikasi (kandidat OSM)",
        "kontak_telepon": null,
        "url_sumber": "https://www.openstreetmap.org/way/166320240",
        "tanggal_akses": "2026-08-05T07:33:37.864840+00:00",
        "osm_type": "way",
        "osm_id": "166320240",
        "jarak_ke_jalur_m": 129.1,
        "dalam_500m": true,
        "dalam_700m": true,
        "dalam_1000m": true,
        "layanan_terdekat": "MRT Jakarta",
        "latitude": -6.2812204,
        "longitude": 106.7950833,
        "google_maps_url": "https://www.google.com/maps/search/?api=1&query=Bumimas%20Apartemen%20Tower%202%2C%20%3CNA%3E%2C%20Indonesia",
        "google_maps_pin_url": "https://www.google.com/maps/search/?api=1&query=-6.281220400055458%2C106.79508325001284",
        "google_directions_url": "https://www.google.com/maps/dir/?api=1&destination=-6.281220400055458%2C106.79508325001284",
        "tingkat_kepercayaan": "tinggi",
        "status_verifikasi": "kandidat AHR terkurasi dari OSM",
        "sumber_kontak": null
      },
      "geometry": {
        "type": "Point",
        "coordinates": [
          106.79508325001284,
          -6.281220400055458
        ]
      }
    },
    {
      "type": "Feature",
      "properties": {
        "nama_ahr": "Tower 6 - Wisma Teratai",
        "tipe_ahr": "apartments",
        "alamat": "<NA>",
        "status_sewa": "belum terverifikasi (kandidat OSM)",
        "kontak_telepon": null,
        "url_sumber": "https://www.openstreetmap.org/way/176638809",
        "tanggal_akses": "2026-08-05T07:33:37.864840+00:00",
        "osm_type": "way",
        "osm_id": "176638809",
        "jarak_ke_jalur_m": 518,
        "dalam_500m": false,
        "dalam_700m": true,
        "dalam_1000m": true,
        "layanan_terdekat": "LRT Jabodebek",
        "latitude": -6.2187602,
        "longitude": 106.8362971,
        "google_maps_url": "https://www.google.com/maps/search/?api=1&query=Tower%206%20-%20Wisma%20Teratai%2C%20%3CNA%3E%2C%20Indonesia",
        "google_maps_pin_url": "https://www.google.com/maps/search/?api=1&query=-6.218760199829775%2C106.83629710088988",
        "google_directions_url": "https://www.google.com/maps/dir/?api=1&destination=-6.218760199829775%2C106.83629710088988",
        "tingkat_kepercayaan": "tinggi",
        "status_verifikasi": "kandidat AHR terkurasi dari OSM",
        "sumber_kontak": null
      },
      "geometry": {
        "type": "Point",
        "coordinates": [
          106.83629710088988,
          -6.218760199829775
        ]
      }
    },
    {
      "type": "Feature",
      "properties": {
        "nama_ahr": "Tower 7 - Wisma Kenanga",
        "tipe_ahr": "apartments",
        "alamat": "<NA>",
        "status_sewa": "belum terverifikasi (kandidat OSM)",
        "kontak_telepon": null,
        "url_sumber": "https://www.openstreetmap.org/way/176638810",
        "tanggal_akses": "2026-08-05T07:33:37.864840+00:00",
        "osm_type": "way",
        "osm_id": "176638810",
        "jarak_ke_jalur_m": 557.2,
        "dalam_500m": false,
        "dalam_700m": true,
        "dalam_1000m": true,
        "layanan_terdekat": "LRT Jabodebek",
        "latitude": -6.2187146,
        "longitude": 106.8366623,
        "google_maps_url": "https://www.google.com/maps/search/?api=1&query=Tower%207%20-%20Wisma%20Kenanga%2C%20%3CNA%3E%2C%20Indonesia",
        "google_maps_pin_url": "https://www.google.com/maps/search/?api=1&query=-6.218714648612655%2C106.83666225125434",
        "google_directions_url": "https://www.google.com/maps/dir/?api=1&destination=-6.218714648612655%2C106.83666225125434",
        "tingkat_kepercayaan": "tinggi",
        "status_verifikasi": "kandidat AHR terkurasi dari OSM",
        "sumber_kontak": null
      },
      "geometry": {
        "type": "Point",
        "coordinates": [
          106.83666225125434,
          -6.218714648612655
        ]
      }
    },
    {
      "type": "Feature",
      "properties": {
        "nama_ahr": "Coral Tower",
        "tipe_ahr": "apartments",
        "alamat": "Jl. Menteng Atas No.2",
        "status_sewa": "belum terverifikasi (kandidat OSM)",
        "kontak_telepon": null,
        "url_sumber": "https://www.openstreetmap.org/way/176733020",
        "tanggal_akses": "2026-08-05T07:33:37.864840+00:00",
        "osm_type": "way",
        "osm_id": "176733020",
        "jarak_ke_jalur_m": 782.1,
        "dalam_500m": false,
        "dalam_700m": false,
        "dalam_1000m": true,
        "layanan_terdekat": "LRT Jabodebek",
        "latitude": -6.2139195,
        "longitude": 106.8376247,
        "google_maps_url": "https://www.google.com/maps/search/?api=1&query=Coral%20Tower%2C%20Jl.%20Menteng%20Atas%20No.2%2C%20Indonesia",
        "google_maps_pin_url": "https://www.google.com/maps/search/?api=1&query=-6.213919450008122%2C106.83762465052837",
        "google_directions_url": "https://www.google.com/maps/dir/?api=1&destination=-6.213919450008122%2C106.83762465052837",
        "tingkat_kepercayaan": "tinggi",
        "status_verifikasi": "kandidat AHR terkurasi dari OSM",
        "sumber_kontak": null
      },
      "geometry": {
        "type": "Point",
        "coordinates": [
          106.83762465052837,
          -6.213919450008122
        ]
      }
    },
    {
      "type": "Feature",
      "properties": {
        "nama_ahr": "The 18th Residence",
        "tipe_ahr": "hunian",
        "alamat": "<NA>",
        "status_sewa": "belum terverifikasi (kandidat OSM)",
        "kontak_telepon": null,
        "url_sumber": "https://www.openstreetmap.org/way/180536787",
        "tanggal_akses": "2026-08-05T07:33:37.864840+00:00",
        "osm_type": "way",
        "osm_id": "180536787",
        "jarak_ke_jalur_m": 711.6,
        "dalam_500m": false,
        "dalam_700m": false,
        "dalam_1000m": true,
        "layanan_terdekat": "LRT Jabodebek",
        "latitude": -6.2165142,
        "longitude": 106.8373206,
        "google_maps_url": "https://www.google.com/maps/search/?api=1&query=The%2018th%20Residence%2C%20%3CNA%3E%2C%20Indonesia",
        "google_maps_pin_url": "https://www.google.com/maps/search/?api=1&query=-6.216514200473073%2C106.83732059373473",
        "google_directions_url": "https://www.google.com/maps/dir/?api=1&destination=-6.216514200473073%2C106.83732059373473",
        "tingkat_kepercayaan": "menengah",
        "status_verifikasi": "kandidat AHR terkurasi dari OSM",
        "sumber_kontak": null
      },
      "geometry": {
        "type": "Point",
        "coordinates": [
          106.83732059373473,
          -6.216514200473073
        ]
      }
    },
    {
      "type": "Feature",
      "properties": {
        "nama_ahr": "Sand Tower",
        "tipe_ahr": "apartments",
        "alamat": "<NA>",
        "status_sewa": "belum terverifikasi (kandidat OSM)",
        "kontak_telepon": null,
        "url_sumber": "https://www.openstreetmap.org/way/180537074",
        "tanggal_akses": "2026-08-05T07:33:37.864840+00:00",
        "osm_type": "way",
        "osm_id": "180537074",
        "jarak_ke_jalur_m": 785.8,
        "dalam_500m": false,
        "dalam_700m": false,
        "dalam_1000m": true,
        "layanan_terdekat": "LRT Jabodebek",
        "latitude": -6.2142873,
        "longitude": 106.8376887,
        "google_maps_url": "https://www.google.com/maps/search/?api=1&query=Sand%20Tower%2C%20%3CNA%3E%2C%20Indonesia",
        "google_maps_pin_url": "https://www.google.com/maps/search/?api=1&query=-6.214287250012053%2C106.83768870000303",
        "google_directions_url": "https://www.google.com/maps/dir/?api=1&destination=-6.214287250012053%2C106.83768870000303",
        "tingkat_kepercayaan": "tinggi",
        "status_verifikasi": "kandidat AHR terkurasi dari OSM",
        "sumber_kontak": null
      },
      "geometry": {
        "type": "Point",
        "coordinates": [
          106.83768870000303,
          -6.214287250012053
        ]
      }
    },
    {
      "type": "Feature",
      "properties": {
        "nama_ahr": "South Tower",
        "tipe_ahr": "apartments",
        "alamat": "<NA>",
        "status_sewa": "belum terverifikasi (kandidat OSM)",
        "kontak_telepon": null,
        "url_sumber": "https://www.openstreetmap.org/way/180537075",
        "tanggal_akses": "2026-08-05T07:33:37.864840+00:00",
        "osm_type": "way",
        "osm_id": "180537075",
        "jarak_ke_jalur_m": 702.4,
        "dalam_500m": false,
        "dalam_700m": false,
        "dalam_1000m": true,
        "layanan_terdekat": "LRT Jabodebek",
        "latitude": -6.2167003,
        "longitude": 106.8372815,
        "google_maps_url": "https://www.google.com/maps/search/?api=1&query=South%20Tower%2C%20%3CNA%3E%2C%20Indonesia",
        "google_maps_pin_url": "https://www.google.com/maps/search/?api=1&query=-6.21670028174055%2C106.83728147557635",
        "google_directions_url": "https://www.google.com/maps/dir/?api=1&destination=-6.21670028174055%2C106.83728147557635",
        "tingkat_kepercayaan": "tinggi",
        "status_verifikasi": "kandidat AHR terkurasi dari OSM",
        "sumber_kontak": null
      },
      "geometry": {
        "type": "Point",
        "coordinates": [
          106.83728147557635,
          -6.21670028174055
        ]
      }
    },
    {
      "type": "Feature",
      "properties": {
        "nama_ahr": "SCBD Suites",
        "tipe_ahr": "apartments",
        "alamat": "<NA>",
        "status_sewa": "belum terverifikasi (kandidat OSM)",
        "kontak_telepon": null,
        "url_sumber": "https://www.openstreetmap.org/way/189016559",
        "tanggal_akses": "2026-08-05T07:33:37.864840+00:00",
        "osm_type": "way",
        "osm_id": "189016559",
        "jarak_ke_jalur_m": 493.9,
        "dalam_500m": true,
        "dalam_700m": true,
        "dalam_1000m": true,
        "layanan_terdekat": "MRT Jakarta",
        "latitude": -6.22552,
        "longitude": 106.8119844,
        "google_maps_url": "https://www.google.com/maps/search/?api=1&query=SCBD%20Suites%2C%20%3CNA%3E%2C%20Indonesia",
        "google_maps_pin_url": "https://www.google.com/maps/search/?api=1&query=-6.225520012193077%2C106.81198442827254",
        "google_directions_url": "https://www.google.com/maps/dir/?api=1&destination=-6.225520012193077%2C106.81198442827254",
        "tingkat_kepercayaan": "tinggi",
        "status_verifikasi": "kandidat AHR terkurasi dari OSM",
        "sumber_kontak": null
      },
      "geometry": {
        "type": "Point",
        "coordinates": [
          106.81198442827254,
          -6.225520012193077
        ]
      }
    },
    {
      "type": "Feature",
      "properties": {
        "nama_ahr": "Apartemen Senayan Residence Tower 1",
        "tipe_ahr": "apartments",
        "alamat": "<NA>",
        "status_sewa": "belum terverifikasi (kandidat OSM)",
        "kontak_telepon": null,
        "url_sumber": "https://www.openstreetmap.org/way/227727334",
        "tanggal_akses": "2026-08-05T07:33:37.864840+00:00",
        "osm_type": "way",
        "osm_id": "227727334",
        "jarak_ke_jalur_m": 901.6,
        "dalam_500m": false,
        "dalam_700m": false,
        "dalam_1000m": true,
        "layanan_terdekat": "MRT Jakarta",
        "latitude": -6.2226699,
        "longitude": 106.7944767,
        "google_maps_url": "https://www.google.com/maps/search/?api=1&query=Apartemen%20Senayan%20Residence%20Tower%201%2C%20%3CNA%3E%2C%20Indonesia",
        "google_maps_pin_url": "https://www.google.com/maps/search/?api=1&query=-6.222669850124307%2C106.79447667538231",
        "google_directions_url": "https://www.google.com/maps/dir/?api=1&destination=-6.222669850124307%2C106.79447667538231",
        "tingkat_kepercayaan": "tinggi",
        "status_verifikasi": "kandidat AHR terkurasi dari OSM",
        "sumber_kontak": null
      },
      "geometry": {
        "type": "Point",
        "coordinates": [
          106.79447667538231,
          -6.222669850124307
        ]
      }
    },
    {
      "type": "Feature",
      "properties": {
        "nama_ahr": "Apartemen Senayan Residence Tower 2",
        "tipe_ahr": "apartments",
        "alamat": "<NA>",
        "status_sewa": "belum terverifikasi (kandidat OSM)",
        "kontak_telepon": null,
        "url_sumber": "https://www.openstreetmap.org/way/227727336",
        "tanggal_akses": "2026-08-05T07:33:37.864840+00:00",
        "osm_type": "way",
        "osm_id": "227727336",
        "jarak_ke_jalur_m": 917.1,
        "dalam_500m": false,
        "dalam_700m": false,
        "dalam_1000m": true,
        "layanan_terdekat": "MRT Jakarta",
        "latitude": -6.2229557,
        "longitude": 106.7939623,
        "google_maps_url": "https://www.google.com/maps/search/?api=1&query=Apartemen%20Senayan%20Residence%20Tower%202%2C%20%3CNA%3E%2C%20Indonesia",
        "google_maps_pin_url": "https://www.google.com/maps/search/?api=1&query=-6.222955700017821%2C106.79396230000502",
        "google_directions_url": "https://www.google.com/maps/dir/?api=1&destination=-6.222955700017821%2C106.79396230000502",
        "tingkat_kepercayaan": "tinggi",
        "status_verifikasi": "kandidat AHR terkurasi dari OSM",
        "sumber_kontak": null
      },
      "geometry": {
        "type": "Point",
        "coordinates": [
          106.79396230000502,
          -6.222955700017821
        ]
      }
    },
    {
      "type": "Feature",
      "properties": {
        "nama_ahr": "Apartemen Senayan Residence Tower 3",
        "tipe_ahr": "apartments",
        "alamat": "<NA>",
        "status_sewa": "belum terverifikasi (kandidat OSM)",
        "kontak_telepon": null,
        "url_sumber": "https://www.openstreetmap.org/way/227727338",
        "tanggal_akses": "2026-08-05T07:33:37.864840+00:00",
        "osm_type": "way",
        "osm_id": "227727338",
        "jarak_ke_jalur_m": 973.6,
        "dalam_500m": false,
        "dalam_700m": false,
        "dalam_1000m": true,
        "layanan_terdekat": "MRT Jakarta",
        "latitude": -6.2222745,
        "longitude": 106.7939446,
        "google_maps_url": "https://www.google.com/maps/search/?api=1&query=Apartemen%20Senayan%20Residence%20Tower%203%2C%20%3CNA%3E%2C%20Indonesia",
        "google_maps_pin_url": "https://www.google.com/maps/search/?api=1&query=-6.222274450018987%2C106.79394455000553",
        "google_directions_url": "https://www.google.com/maps/dir/?api=1&destination=-6.222274450018987%2C106.79394455000553",
        "tingkat_kepercayaan": "tinggi",
        "status_verifikasi": "kandidat AHR terkurasi dari OSM",
        "sumber_kontak": null
      },
      "geometry": {
        "type": "Point",
        "coordinates": [
          106.79394455000553,
          -6.222274450018987
        ]
      }
    },
    {
      "type": "Feature",
      "properties": {
        "nama_ahr": "Tower C",
        "tipe_ahr": "residential",
        "alamat": "<NA>",
        "status_sewa": "belum terverifikasi (kandidat OSM)",
        "kontak_telepon": null,
        "url_sumber": "https://www.openstreetmap.org/way/228318461",
        "tanggal_akses": "2026-08-05T07:33:37.864840+00:00",
        "osm_type": "way",
        "osm_id": "228318461",
        "jarak_ke_jalur_m": 428.7,
        "dalam_500m": true,
        "dalam_700m": true,
        "dalam_1000m": true,
        "layanan_terdekat": "MRT Jakarta",
        "latitude": -6.2233322,
        "longitude": 106.8004655,
        "google_maps_url": "https://www.google.com/maps/search/?api=1&query=Tower%20C%2C%20%3CNA%3E%2C%20Indonesia",
        "google_maps_pin_url": "https://www.google.com/maps/search/?api=1&query=-6.223332156105393%2C106.80046547169201",
        "google_directions_url": "https://www.google.com/maps/dir/?api=1&destination=-6.223332156105393%2C106.80046547169201",
        "tingkat_kepercayaan": "menengah",
        "status_verifikasi": "kandidat AHR terkurasi dari OSM",
        "sumber_kontak": null
      },
      "geometry": {
        "type": "Point",
        "coordinates": [
          106.80046547169201,
          -6.223332156105393
        ]
      }
    },
    {
      "type": "Feature",
      "properties": {
        "nama_ahr": "Tower B",
        "tipe_ahr": "residential",
        "alamat": "<NA>",
        "status_sewa": "belum terverifikasi (kandidat OSM)",
        "kontak_telepon": null,
        "url_sumber": "https://www.openstreetmap.org/way/228318462",
        "tanggal_akses": "2026-08-05T07:33:37.864840+00:00",
        "osm_type": "way",
        "osm_id": "228318462",
        "jarak_ke_jalur_m": 340.4,
        "dalam_500m": true,
        "dalam_700m": true,
        "dalam_1000m": true,
        "layanan_terdekat": "MRT Jakarta",
        "latitude": -6.2240627,
        "longitude": 106.8008218,
        "google_maps_url": "https://www.google.com/maps/search/?api=1&query=Tower%20B%2C%20%3CNA%3E%2C%20Indonesia",
        "google_maps_pin_url": "https://www.google.com/maps/search/?api=1&query=-6.224062677602434%2C106.80082182195801",
        "google_directions_url": "https://www.google.com/maps/dir/?api=1&destination=-6.224062677602434%2C106.80082182195801",
        "tingkat_kepercayaan": "menengah",
        "status_verifikasi": "kandidat AHR terkurasi dari OSM",
        "sumber_kontak": null
      },
      "geometry": {
        "type": "Point",
        "coordinates": [
          106.80082182195801,
          -6.224062677602434
        ]
      }
    },
    {
      "type": "Feature",
      "properties": {
        "nama_ahr": "Tower D",
        "tipe_ahr": "residential",
        "alamat": "<NA>",
        "status_sewa": "belum terverifikasi (kandidat OSM)",
        "kontak_telepon": null,
        "url_sumber": "https://www.openstreetmap.org/way/228318464",
        "tanggal_akses": "2026-08-05T07:33:37.864840+00:00",
        "osm_type": "way",
        "osm_id": "228318464",
        "jarak_ke_jalur_m": 478,
        "dalam_500m": true,
        "dalam_700m": true,
        "dalam_1000m": true,
        "layanan_terdekat": "MRT Jakarta",
        "latitude": -6.2232122,
        "longitude": 106.7998824,
        "google_maps_url": "https://www.google.com/maps/search/?api=1&query=Tower%20D%2C%20%3CNA%3E%2C%20Indonesia",
        "google_maps_pin_url": "https://www.google.com/maps/search/?api=1&query=-6.223212217253071%2C106.79988240684769",
        "google_directions_url": "https://www.google.com/maps/dir/?api=1&destination=-6.223212217253071%2C106.79988240684769",
        "tingkat_kepercayaan": "menengah",
        "status_verifikasi": "kandidat AHR terkurasi dari OSM",
        "sumber_kontak": null
      },
      "geometry": {
        "type": "Point",
        "coordinates": [
          106.79988240684769,
          -6.223212217253071
        ]
      }
    },
    {
      "type": "Feature",
      "properties": {
        "nama_ahr": "Apartment Capital Residences",
        "tipe_ahr": "apartments",
        "alamat": "<NA>",
        "status_sewa": "belum terverifikasi (kandidat OSM)",
        "kontak_telepon": null,
        "url_sumber": "https://www.openstreetmap.org/way/228320888",
        "tanggal_akses": "2026-08-05T07:33:37.864840+00:00",
        "osm_type": "way",
        "osm_id": "228320888",
        "jarak_ke_jalur_m": 423.3,
        "dalam_500m": true,
        "dalam_700m": true,
        "dalam_1000m": true,
        "layanan_terdekat": "MRT Jakarta",
        "latitude": -6.2252656,
        "longitude": 106.8112686,
        "google_maps_url": "https://www.google.com/maps/search/?api=1&query=Apartment%20Capital%20Residences%2C%20%3CNA%3E%2C%20Indonesia",
        "google_maps_pin_url": "https://www.google.com/maps/search/?api=1&query=-6.225265572062207%2C106.81126859389137",
        "google_directions_url": "https://www.google.com/maps/dir/?api=1&destination=-6.225265572062207%2C106.81126859389137",
        "tingkat_kepercayaan": "tinggi",
        "status_verifikasi": "kandidat AHR terkurasi dari OSM",
        "sumber_kontak": null
      },
      "geometry": {
        "type": "Point",
        "coordinates": [
          106.81126859389137,
          -6.225265572062207
        ]
      }
    },
    {
      "type": "Feature",
      "properties": {
        "nama_ahr": "Bellagio Mansion",
        "tipe_ahr": "apartments",
        "alamat": "Jalan Dr Ide Anak Agung Gde Agung",
        "status_sewa": "belum terverifikasi (kandidat OSM)",
        "kontak_telepon": null,
        "url_sumber": "https://www.openstreetmap.org/way/228911939",
        "tanggal_akses": "2026-08-05T07:33:37.864840+00:00",
        "osm_type": "way",
        "osm_id": "228911939",
        "jarak_ke_jalur_m": 568.6,
        "dalam_500m": false,
        "dalam_700m": true,
        "dalam_1000m": true,
        "layanan_terdekat": "LRT Jabodebek",
        "latitude": -6.2283315,
        "longitude": 106.828002,
        "google_maps_url": "https://www.google.com/maps/search/?api=1&query=Bellagio%20Mansion%2C%20Jalan%20Dr%20Ide%20Anak%20Agung%20Gde%20Agung%2C%20Indonesia",
        "google_maps_pin_url": "https://www.google.com/maps/search/?api=1&query=-6.228331508284878%2C106.82800204565756",
        "google_directions_url": "https://www.google.com/maps/dir/?api=1&destination=-6.228331508284878%2C106.82800204565756",
        "tingkat_kepercayaan": "tinggi",
        "status_verifikasi": "kandidat AHR terkurasi dari OSM",
        "sumber_kontak": null
      },
      "geometry": {
        "type": "Point",
        "coordinates": [
          106.82800204565756,
          -6.228331508284878
        ]
      }
    },
    {
      "type": "Feature",
      "properties": {
        "nama_ahr": "Tower 17 - Wisma Kemuning",
        "tipe_ahr": "apartments",
        "alamat": "<NA>",
        "status_sewa": "belum terverifikasi (kandidat OSM)",
        "kontak_telepon": null,
        "url_sumber": "https://www.openstreetmap.org/way/228952240",
        "tanggal_akses": "2026-08-05T07:33:37.864840+00:00",
        "osm_type": "way",
        "osm_id": "228952240",
        "jarak_ke_jalur_m": 635.8,
        "dalam_500m": false,
        "dalam_700m": true,
        "dalam_1000m": true,
        "layanan_terdekat": "LRT Jabodebek",
        "latitude": -6.2164241,
        "longitude": 106.8366005,
        "google_maps_url": "https://www.google.com/maps/search/?api=1&query=Tower%2017%20-%20Wisma%20Kemuning%2C%20%3CNA%3E%2C%20Indonesia",
        "google_maps_pin_url": "https://www.google.com/maps/search/?api=1&query=-6.216424148633218%2C106.83660054549729",
        "google_directions_url": "https://www.google.com/maps/dir/?api=1&destination=-6.216424148633218%2C106.83660054549729",
        "tingkat_kepercayaan": "tinggi",
        "status_verifikasi": "kandidat AHR terkurasi dari OSM",
        "sumber_kontak": null
      },
      "geometry": {
        "type": "Point",
        "coordinates": [
          106.83660054549729,
          -6.216424148633218
        ]
      }
    },
    {
      "type": "Feature",
      "properties": {
        "nama_ahr": "Shangri-La Residences",
        "tipe_ahr": "apartments",
        "alamat": "<NA>",
        "status_sewa": "belum terverifikasi (kandidat OSM)",
        "kontak_telepon": null,
        "url_sumber": "https://www.openstreetmap.org/way/228954339",
        "tanggal_akses": "2026-08-05T07:33:37.864840+00:00",
        "osm_type": "way",
        "osm_id": "228954339",
        "jarak_ke_jalur_m": 559.9,
        "dalam_500m": false,
        "dalam_700m": true,
        "dalam_1000m": true,
        "layanan_terdekat": "MRT Jakarta",
        "latitude": -6.2021627,
        "longitude": 106.8173952,
        "google_maps_url": "https://www.google.com/maps/search/?api=1&query=Shangri-La%20Residences%2C%20%3CNA%3E%2C%20Indonesia",
        "google_maps_pin_url": "https://www.google.com/maps/search/?api=1&query=-6.202162693872974%2C106.81739515229684",
        "google_directions_url": "https://www.google.com/maps/dir/?api=1&destination=-6.202162693872974%2C106.81739515229684",
        "tingkat_kepercayaan": "tinggi",
        "status_verifikasi": "kandidat AHR terkurasi dari OSM",
        "sumber_kontak": null
      },
      "geometry": {
        "type": "Point",
        "coordinates": [
          106.81739515229684,
          -6.202162693872974
        ]
      }
    },
    {
      "type": "Feature",
      "properties": {
        "nama_ahr": "Swiss-Belresidences",
        "tipe_ahr": "apartments",
        "alamat": "<NA>",
        "status_sewa": "belum terverifikasi (kandidat OSM)",
        "kontak_telepon": null,
        "url_sumber": "https://www.openstreetmap.org/way/229124388",
        "tanggal_akses": "2026-08-05T07:33:37.864840+00:00",
        "osm_type": "way",
        "osm_id": "229124388",
        "jarak_ke_jalur_m": 720.3,
        "dalam_500m": false,
        "dalam_700m": false,
        "dalam_1000m": true,
        "layanan_terdekat": "LRT Jabodebek",
        "latitude": -6.2138509,
        "longitude": 106.837059,
        "google_maps_url": "https://www.google.com/maps/search/?api=1&query=Swiss-Belresidences%2C%20%3CNA%3E%2C%20Indonesia",
        "google_maps_pin_url": "https://www.google.com/maps/search/?api=1&query=-6.213850899916499%2C106.83705897902739",
        "google_directions_url": "https://www.google.com/maps/dir/?api=1&destination=-6.213850899916499%2C106.83705897902739",
        "tingkat_kepercayaan": "tinggi",
        "status_verifikasi": "kandidat AHR terkurasi dari OSM",
        "sumber_kontak": null
      },
      "geometry": {
        "type": "Point",
        "coordinates": [
          106.83705897902739,
          -6.213850899916499
        ]
      }
    },
    {
      "type": "Feature",
      "properties": {
        "nama_ahr": "Garden Tower",
        "tipe_ahr": "apartments",
        "alamat": "<NA>",
        "status_sewa": "belum terverifikasi (kandidat OSM)",
        "kontak_telepon": null,
        "url_sumber": "https://www.openstreetmap.org/way/243873182",
        "tanggal_akses": "2026-08-05T07:33:37.864840+00:00",
        "osm_type": "way",
        "osm_id": "243873182",
        "jarak_ke_jalur_m": 208.5,
        "dalam_500m": true,
        "dalam_700m": true,
        "dalam_1000m": true,
        "layanan_terdekat": "LRT Jabodebek",
        "latitude": -6.2153825,
        "longitude": 106.8287181,
        "google_maps_url": "https://www.google.com/maps/search/?api=1&query=Garden%20Tower%2C%20%3CNA%3E%2C%20Indonesia",
        "google_maps_pin_url": "https://www.google.com/maps/search/?api=1&query=-6.215382500055831%2C106.82871805001206",
        "google_directions_url": "https://www.google.com/maps/dir/?api=1&destination=-6.215382500055831%2C106.82871805001206",
        "tingkat_kepercayaan": "tinggi",
        "status_verifikasi": "kandidat AHR terkurasi dari OSM",
        "sumber_kontak": null
      },
      "geometry": {
        "type": "Point",
        "coordinates": [
          106.82871805001206,
          -6.215382500055831
        ]
      }
    },
    {
      "type": "Feature",
      "properties": {
        "nama_ahr": "Sky Tower",
        "tipe_ahr": "apartments",
        "alamat": "<NA>",
        "status_sewa": "belum terverifikasi (kandidat OSM)",
        "kontak_telepon": null,
        "url_sumber": "https://www.openstreetmap.org/way/243873183",
        "tanggal_akses": "2026-08-05T07:33:37.864840+00:00",
        "osm_type": "way",
        "osm_id": "243873183",
        "jarak_ke_jalur_m": 263,
        "dalam_500m": true,
        "dalam_700m": true,
        "dalam_1000m": true,
        "layanan_terdekat": "LRT Jabodebek",
        "latitude": -6.215898,
        "longitude": 106.8282668,
        "google_maps_url": "https://www.google.com/maps/search/?api=1&query=Sky%20Tower%2C%20%3CNA%3E%2C%20Indonesia",
        "google_maps_pin_url": "https://www.google.com/maps/search/?api=1&query=-6.215897950197867%2C106.82826677639643",
        "google_directions_url": "https://www.google.com/maps/dir/?api=1&destination=-6.215897950197867%2C106.82826677639643",
        "tingkat_kepercayaan": "tinggi",
        "status_verifikasi": "kandidat AHR terkurasi dari OSM",
        "sumber_kontak": null
      },
      "geometry": {
        "type": "Point",
        "coordinates": [
          106.82826677639643,
          -6.215897950197867
        ]
      }
    },
    {
      "type": "Feature",
      "properties": {
        "nama_ahr": "Fraser Tower",
        "tipe_ahr": "apartments",
        "alamat": "<NA>",
        "status_sewa": "belum terverifikasi (kandidat OSM)",
        "kontak_telepon": null,
        "url_sumber": "https://www.openstreetmap.org/way/243873184",
        "tanggal_akses": "2026-08-05T07:33:37.864840+00:00",
        "osm_type": "way",
        "osm_id": "243873184",
        "jarak_ke_jalur_m": 154.3,
        "dalam_500m": true,
        "dalam_700m": true,
        "dalam_1000m": true,
        "layanan_terdekat": "LRT Jabodebek",
        "latitude": -6.2153795,
        "longitude": 106.8292092,
        "google_maps_url": "https://www.google.com/maps/search/?api=1&query=Fraser%20Tower%2C%20%3CNA%3E%2C%20Indonesia",
        "google_maps_pin_url": "https://www.google.com/maps/search/?api=1&query=-6.21537945006409%2C106.8292091993026",
        "google_directions_url": "https://www.google.com/maps/dir/?api=1&destination=-6.21537945006409%2C106.8292091993026",
        "tingkat_kepercayaan": "tinggi",
        "status_verifikasi": "kandidat AHR terkurasi dari OSM",
        "sumber_kontak": null
      },
      "geometry": {
        "type": "Point",
        "coordinates": [
          106.8292091993026,
          -6.21537945006409
        ]
      }
    },
    {
      "type": "Feature",
      "properties": {
        "nama_ahr": "Apartemen Mutiara",
        "tipe_ahr": "apartments",
        "alamat": "Jalan Ahmad Yani 8",
        "status_sewa": "belum terverifikasi (kandidat OSM)",
        "kontak_telepon": null,
        "url_sumber": "https://www.openstreetmap.org/way/258732228",
        "tanggal_akses": "2026-08-05T07:33:37.864840+00:00",
        "osm_type": "way",
        "osm_id": "258732228",
        "jarak_ke_jalur_m": 89.4,
        "dalam_500m": true,
        "dalam_700m": true,
        "dalam_1000m": true,
        "layanan_terdekat": "LRT Jabodebek",
        "latitude": -6.2522366,
        "longitude": 106.9909,
        "google_maps_url": "https://www.google.com/maps/search/?api=1&query=Apartemen%20Mutiara%2C%20Jalan%20Ahmad%20Yani%208%2C%20Indonesia",
        "google_maps_pin_url": "https://www.google.com/maps/search/?api=1&query=-6.252236570054447%2C106.99089995933038",
        "google_directions_url": "https://www.google.com/maps/dir/?api=1&destination=-6.252236570054447%2C106.99089995933038",
        "tingkat_kepercayaan": "tinggi",
        "status_verifikasi": "kandidat AHR terkurasi dari OSM",
        "sumber_kontak": null
      },
      "geometry": {
        "type": "Point",
        "coordinates": [
          106.99089995933038,
          -6.252236570054447
        ]
      }
    },
    {
      "type": "Feature",
      "properties": {
        "nama_ahr": "Pancoran Riverside Apartment, Tower 1",
        "tipe_ahr": "apartments",
        "alamat": "Jalan Pengadegan Timur I 30",
        "status_sewa": "belum terverifikasi (kandidat OSM)",
        "kontak_telepon": null,
        "url_sumber": "https://www.openstreetmap.org/way/337564720",
        "tanggal_akses": "2026-08-05T07:33:37.864840+00:00",
        "osm_type": "way",
        "osm_id": "337564720",
        "jarak_ke_jalur_m": 896.1,
        "dalam_500m": false,
        "dalam_700m": false,
        "dalam_1000m": true,
        "layanan_terdekat": "LRT Jabodebek",
        "latitude": -6.2515632,
        "longitude": 106.8619245,
        "google_maps_url": "https://www.google.com/maps/search/?api=1&query=Pancoran%20Riverside%20Apartment%2C%20Tower%201%2C%20Jalan%20Pengadegan%20Timur%20I%2030%2C%20Indonesia",
        "google_maps_pin_url": "https://www.google.com/maps/search/?api=1&query=-6.251563238236714%2C106.86192453507275",
        "google_directions_url": "https://www.google.com/maps/dir/?api=1&destination=-6.251563238236714%2C106.86192453507275",
        "tingkat_kepercayaan": "tinggi",
        "status_verifikasi": "kandidat AHR terkurasi dari OSM",
        "sumber_kontak": null
      },
      "geometry": {
        "type": "Point",
        "coordinates": [
          106.86192453507275,
          -6.251563238236714
        ]
      }
    },
    {
      "type": "Feature",
      "properties": {
        "nama_ahr": "kos intan ujung",
        "tipe_ahr": "residential",
        "alamat": "intan ujung C 10",
        "status_sewa": "belum terverifikasi (kandidat OSM)",
        "kontak_telepon": null,
        "url_sumber": "https://www.openstreetmap.org/way/337725676",
        "tanggal_akses": "2026-08-05T07:33:37.864840+00:00",
        "osm_type": "way",
        "osm_id": "337725676",
        "jarak_ke_jalur_m": 759,
        "dalam_500m": false,
        "dalam_700m": false,
        "dalam_1000m": true,
        "layanan_terdekat": "MRT Jakarta",
        "latitude": -6.2933637,
        "longitude": 106.8017055,
        "google_maps_url": "https://www.google.com/maps/search/?api=1&query=kos%20intan%20ujung%2C%20intan%20ujung%20C%2010%2C%20Indonesia",
        "google_maps_pin_url": "https://www.google.com/maps/search/?api=1&query=-6.293363749921277%2C106.80170552339018",
        "google_directions_url": "https://www.google.com/maps/dir/?api=1&destination=-6.293363749921277%2C106.80170552339018",
        "tingkat_kepercayaan": "menengah",
        "status_verifikasi": "kandidat AHR terkurasi dari OSM",
        "sumber_kontak": null
      },
      "geometry": {
        "type": "Point",
        "coordinates": [
          106.80170552339018,
          -6.293363749921277
        ]
      }
    },
    {
      "type": "Feature",
      "properties": {
        "nama_ahr": "Bella's Home",
        "tipe_ahr": "house",
        "alamat": "Jalan Harapan III no 12 RT 05",
        "status_sewa": "belum terverifikasi (kandidat OSM)",
        "kontak_telepon": null,
        "url_sumber": "https://www.openstreetmap.org/way/363670339",
        "tanggal_akses": "2026-08-05T07:33:37.864840+00:00",
        "osm_type": "way",
        "osm_id": "363670339",
        "jarak_ke_jalur_m": 211,
        "dalam_500m": true,
        "dalam_700m": true,
        "dalam_1000m": true,
        "layanan_terdekat": "LRT Jabodebek",
        "latitude": -6.2469819,
        "longitude": 106.9011206,
        "google_maps_url": "https://www.google.com/maps/search/?api=1&query=Bella's%20Home%2C%20Jalan%20Harapan%20III%20no%2012%20RT%2005%2C%20Indonesia",
        "google_maps_pin_url": "https://www.google.com/maps/search/?api=1&query=-6.24698185000153%2C106.90112064999929",
        "google_directions_url": "https://www.google.com/maps/dir/?api=1&destination=-6.24698185000153%2C106.90112064999929",
        "tingkat_kepercayaan": "menengah",
        "status_verifikasi": "kandidat AHR terkurasi dari OSM",
        "sumber_kontak": null
      },
      "geometry": {
        "type": "Point",
        "coordinates": [
          106.90112064999929,
          -6.24698185000153
        ]
      }
    },
    {
      "type": "Feature",
      "properties": {
        "nama_ahr": "The Hive Tamansari",
        "tipe_ahr": "apartments",
        "alamat": "<NA>",
        "status_sewa": "belum terverifikasi (kandidat OSM)",
        "kontak_telepon": null,
        "url_sumber": "https://www.openstreetmap.org/way/473314058",
        "tanggal_akses": "2026-08-05T07:33:37.864840+00:00",
        "osm_type": "way",
        "osm_id": "473314058",
        "jarak_ke_jalur_m": 258.4,
        "dalam_500m": true,
        "dalam_700m": true,
        "dalam_1000m": true,
        "layanan_terdekat": "LRT Jabodebek",
        "latitude": -6.2448282,
        "longitude": 106.875376,
        "google_maps_url": "https://www.google.com/maps/search/?api=1&query=The%20Hive%20Tamansari%2C%20%3CNA%3E%2C%20Indonesia",
        "google_maps_pin_url": "https://www.google.com/maps/search/?api=1&query=-6.244828210866991%2C106.8753759666989",
        "google_directions_url": "https://www.google.com/maps/dir/?api=1&destination=-6.244828210866991%2C106.8753759666989",
        "tingkat_kepercayaan": "tinggi",
        "status_verifikasi": "kandidat AHR terkurasi dari OSM",
        "sumber_kontak": null
      },
      "geometry": {
        "type": "Point",
        "coordinates": [
          106.8753759666989,
          -6.244828210866991
        ]
      }
    },
    {
      "type": "Feature",
      "properties": {
        "nama_ahr": "MT Haryono Residence",
        "tipe_ahr": "apartments",
        "alamat": "<NA>",
        "status_sewa": "belum terverifikasi (kandidat OSM)",
        "kontak_telepon": null,
        "url_sumber": "https://www.openstreetmap.org/way/481721488",
        "tanggal_akses": "2026-08-05T07:33:37.864840+00:00",
        "osm_type": "way",
        "osm_id": "481721488",
        "jarak_ke_jalur_m": 162,
        "dalam_500m": true,
        "dalam_700m": true,
        "dalam_1000m": true,
        "layanan_terdekat": "LRT Jabodebek",
        "latitude": -6.2430507,
        "longitude": 106.867989,
        "google_maps_url": "https://www.google.com/maps/search/?api=1&query=MT%20Haryono%20Residence%2C%20%3CNA%3E%2C%20Indonesia",
        "google_maps_pin_url": "https://www.google.com/maps/search/?api=1&query=-6.243050741977743%2C106.86798897340229",
        "google_directions_url": "https://www.google.com/maps/dir/?api=1&destination=-6.243050741977743%2C106.86798897340229",
        "tingkat_kepercayaan": "tinggi",
        "status_verifikasi": "kandidat AHR terkurasi dari OSM",
        "sumber_kontak": null
      },
      "geometry": {
        "type": "Point",
        "coordinates": [
          106.86798897340229,
          -6.243050741977743
        ]
      }
    },
    {
      "type": "Feature",
      "properties": {
        "nama_ahr": "Montana Tower",
        "tipe_ahr": "apartments",
        "alamat": "<NA>",
        "status_sewa": "belum terverifikasi (kandidat OSM)",
        "kontak_telepon": null,
        "url_sumber": "https://www.openstreetmap.org/way/482088712",
        "tanggal_akses": "2026-08-05T07:33:37.864840+00:00",
        "osm_type": "way",
        "osm_id": "482088712",
        "jarak_ke_jalur_m": 973.1,
        "dalam_500m": false,
        "dalam_700m": false,
        "dalam_1000m": true,
        "layanan_terdekat": "LRT Jabodebek",
        "latitude": -6.2230974,
        "longitude": 106.8416213,
        "google_maps_url": "https://www.google.com/maps/search/?api=1&query=Montana%20Tower%2C%20%3CNA%3E%2C%20Indonesia",
        "google_maps_pin_url": "https://www.google.com/maps/search/?api=1&query=-6.223097400034082%2C106.84162130057686",
        "google_directions_url": "https://www.google.com/maps/dir/?api=1&destination=-6.223097400034082%2C106.84162130057686",
        "tingkat_kepercayaan": "tinggi",
        "status_verifikasi": "kandidat AHR terkurasi dari OSM",
        "sumber_kontak": null
      },
      "geometry": {
        "type": "Point",
        "coordinates": [
          106.84162130057686,
          -6.223097400034082
        ]
      }
    },
    {
      "type": "Feature",
      "properties": {
        "nama_ahr": "Avalon Tower",
        "tipe_ahr": "apartments",
        "alamat": "<NA>",
        "status_sewa": "belum terverifikasi (kandidat OSM)",
        "kontak_telepon": null,
        "url_sumber": "https://www.openstreetmap.org/way/482088716",
        "tanggal_akses": "2026-08-05T07:33:37.864840+00:00",
        "osm_type": "way",
        "osm_id": "482088716",
        "jarak_ke_jalur_m": 971.6,
        "dalam_500m": false,
        "dalam_700m": false,
        "dalam_1000m": true,
        "layanan_terdekat": "LRT Jabodebek",
        "latitude": -6.2237262,
        "longitude": 106.8416676,
        "google_maps_url": "https://www.google.com/maps/search/?api=1&query=Avalon%20Tower%2C%20%3CNA%3E%2C%20Indonesia",
        "google_maps_pin_url": "https://www.google.com/maps/search/?api=1&query=-6.223726150042333%2C106.84166759820548",
        "google_directions_url": "https://www.google.com/maps/dir/?api=1&destination=-6.223726150042333%2C106.84166759820548",
        "tingkat_kepercayaan": "tinggi",
        "status_verifikasi": "kandidat AHR terkurasi dari OSM",
        "sumber_kontak": null
      },
      "geometry": {
        "type": "Point",
        "coordinates": [
          106.84166759820548,
          -6.223726150042333
        ]
      }
    },
    {
      "type": "Feature",
      "properties": {
        "nama_ahr": "Rusun Harum Tebet",
        "tipe_ahr": "residential",
        "alamat": "Jl. Tebet Barat Raya RT.14/RW.7",
        "status_sewa": "belum terverifikasi (kandidat OSM)",
        "kontak_telepon": null,
        "url_sumber": "https://www.openstreetmap.org/way/482089111",
        "tanggal_akses": "2026-08-05T07:33:37.864840+00:00",
        "osm_type": "way",
        "osm_id": "482089111",
        "jarak_ke_jalur_m": 935.5,
        "dalam_500m": false,
        "dalam_700m": false,
        "dalam_1000m": true,
        "layanan_terdekat": "LRT Jabodebek",
        "latitude": -6.2349463,
        "longitude": 106.8524082,
        "google_maps_url": "https://www.google.com/maps/search/?api=1&query=Rusun%20Harum%20Tebet%2C%20Jl.%20Tebet%20Barat%20Raya%20RT.14%2FRW.7%2C%20Indonesia",
        "google_maps_pin_url": "https://www.google.com/maps/search/?api=1&query=-6.234946300029118%2C106.85240819997797",
        "google_directions_url": "https://www.google.com/maps/dir/?api=1&destination=-6.234946300029118%2C106.85240819997797",
        "tingkat_kepercayaan": "tinggi",
        "status_verifikasi": "kandidat AHR terkurasi dari OSM",
        "sumber_kontak": null
      },
      "geometry": {
        "type": "Point",
        "coordinates": [
          106.85240819997797,
          -6.234946300029118
        ]
      }
    },
    {
      "type": "Feature",
      "properties": {
        "nama_ahr": "Sofi Residence",
        "tipe_ahr": "residential",
        "alamat": "<NA>",
        "status_sewa": "belum terverifikasi (kandidat OSM)",
        "kontak_telepon": null,
        "url_sumber": "https://www.openstreetmap.org/way/482164135",
        "tanggal_akses": "2026-08-05T07:33:37.864840+00:00",
        "osm_type": "way",
        "osm_id": "482164135",
        "jarak_ke_jalur_m": 397.2,
        "dalam_500m": true,
        "dalam_700m": true,
        "dalam_1000m": true,
        "layanan_terdekat": "LRT Jabodebek",
        "latitude": -6.2180301,
        "longitude": 106.8273528,
        "google_maps_url": "https://www.google.com/maps/search/?api=1&query=Sofi%20Residence%2C%20%3CNA%3E%2C%20Indonesia",
        "google_maps_pin_url": "https://www.google.com/maps/search/?api=1&query=-6.218030099941291%2C106.82735282082822",
        "google_directions_url": "https://www.google.com/maps/dir/?api=1&destination=-6.218030099941291%2C106.82735282082822",
        "tingkat_kepercayaan": "menengah",
        "status_verifikasi": "kandidat AHR terkurasi dari OSM",
        "sumber_kontak": null
      },
      "geometry": {
        "type": "Point",
        "coordinates": [
          106.82735282082822,
          -6.218030099941291
        ]
      }
    },
    {
      "type": "Feature",
      "properties": {
        "nama_ahr": "Wisma Lestari",
        "tipe_ahr": "residential",
        "alamat": "<NA>",
        "status_sewa": "belum terverifikasi (kandidat OSM)",
        "kontak_telepon": null,
        "url_sumber": "https://www.openstreetmap.org/way/482164152",
        "tanggal_akses": "2026-08-05T07:33:37.864840+00:00",
        "osm_type": "way",
        "osm_id": "482164152",
        "jarak_ke_jalur_m": 523.8,
        "dalam_500m": false,
        "dalam_700m": true,
        "dalam_1000m": true,
        "layanan_terdekat": "LRT Jabodebek",
        "latitude": -6.2182071,
        "longitude": 106.8262202,
        "google_maps_url": "https://www.google.com/maps/search/?api=1&query=Wisma%20Lestari%2C%20%3CNA%3E%2C%20Indonesia",
        "google_maps_pin_url": "https://www.google.com/maps/search/?api=1&query=-6.218207100030184%2C106.82622015000993",
        "google_directions_url": "https://www.google.com/maps/dir/?api=1&destination=-6.218207100030184%2C106.82622015000993",
        "tingkat_kepercayaan": "menengah",
        "status_verifikasi": "kandidat AHR terkurasi dari OSM",
        "sumber_kontak": null
      },
      "geometry": {
        "type": "Point",
        "coordinates": [
          106.82622015000993,
          -6.218207100030184
        ]
      }
    },
    {
      "type": "Feature",
      "properties": {
        "nama_ahr": "Iresidence Guest House Kebon Kacang",
        "tipe_ahr": "residential",
        "alamat": "<NA>",
        "status_sewa": "belum terverifikasi (kandidat OSM)",
        "kontak_telepon": null,
        "url_sumber": "https://www.openstreetmap.org/way/483396809",
        "tanggal_akses": "2026-08-05T07:33:37.864840+00:00",
        "osm_type": "way",
        "osm_id": "483396809",
        "jarak_ke_jalur_m": 315.1,
        "dalam_500m": true,
        "dalam_700m": true,
        "dalam_1000m": true,
        "layanan_terdekat": "MRT Jakarta",
        "latitude": -6.1922688,
        "longitude": 106.8201148,
        "google_maps_url": "https://www.google.com/maps/search/?api=1&query=Iresidence%20Guest%20House%20Kebon%20Kacang%2C%20%3CNA%3E%2C%20Indonesia",
        "google_maps_pin_url": "https://www.google.com/maps/search/?api=1&query=-6.192268849942757%2C106.82011481710677",
        "google_directions_url": "https://www.google.com/maps/dir/?api=1&destination=-6.192268849942757%2C106.82011481710677",
        "tingkat_kepercayaan": "menengah",
        "status_verifikasi": "kandidat AHR terkurasi dari OSM",
        "sumber_kontak": null
      },
      "geometry": {
        "type": "Point",
        "coordinates": [
          106.82011481710677,
          -6.192268849942757
        ]
      }
    },
    {
      "type": "Feature",
      "properties": {
        "nama_ahr": "Pancoran Riverside Apartment, Tower 2",
        "tipe_ahr": "apartments",
        "alamat": "Jalan Pengadegan Timur I 30",
        "status_sewa": "belum terverifikasi (kandidat OSM)",
        "kontak_telepon": null,
        "url_sumber": "https://www.openstreetmap.org/way/483633877",
        "tanggal_akses": "2026-08-05T07:33:37.864840+00:00",
        "osm_type": "way",
        "osm_id": "483633877",
        "jarak_ke_jalur_m": 929.8,
        "dalam_500m": false,
        "dalam_700m": false,
        "dalam_1000m": true,
        "layanan_terdekat": "LRT Jabodebek",
        "latitude": -6.2518961,
        "longitude": 106.8613288,
        "google_maps_url": "https://www.google.com/maps/search/?api=1&query=Pancoran%20Riverside%20Apartment%2C%20Tower%202%2C%20Jalan%20Pengadegan%20Timur%20I%2030%2C%20Indonesia",
        "google_maps_pin_url": "https://www.google.com/maps/search/?api=1&query=-6.251896125779525%2C106.8613287636187",
        "google_directions_url": "https://www.google.com/maps/dir/?api=1&destination=-6.251896125779525%2C106.8613287636187",
        "tingkat_kepercayaan": "tinggi",
        "status_verifikasi": "kandidat AHR terkurasi dari OSM",
        "sumber_kontak": null
      },
      "geometry": {
        "type": "Point",
        "coordinates": [
          106.8613287636187,
          -6.251896125779525
        ]
      }
    },
    {
      "type": "Feature",
      "properties": {
        "nama_ahr": "The Orchard Apartment",
        "tipe_ahr": "apartments",
        "alamat": "<NA>",
        "status_sewa": "belum terverifikasi (kandidat OSM)",
        "kontak_telepon": null,
        "url_sumber": "https://www.openstreetmap.org/way/484647441",
        "tanggal_akses": "2026-08-05T07:33:37.864840+00:00",
        "osm_type": "way",
        "osm_id": "484647441",
        "jarak_ke_jalur_m": 722.5,
        "dalam_500m": false,
        "dalam_700m": false,
        "dalam_1000m": true,
        "layanan_terdekat": "MRT Jakarta",
        "latitude": -6.2224292,
        "longitude": 106.8192563,
        "google_maps_url": "https://www.google.com/maps/search/?api=1&query=The%20Orchard%20Apartment%2C%20%3CNA%3E%2C%20Indonesia",
        "google_maps_pin_url": "https://www.google.com/maps/search/?api=1&query=-6.222429200979263%2C106.81925626675016",
        "google_directions_url": "https://www.google.com/maps/dir/?api=1&destination=-6.222429200979263%2C106.81925626675016",
        "tingkat_kepercayaan": "tinggi",
        "status_verifikasi": "kandidat AHR terkurasi dari OSM",
        "sumber_kontak": null
      },
      "geometry": {
        "type": "Point",
        "coordinates": [
          106.81925626675016,
          -6.222429200979263
        ]
      }
    },
    {
      "type": "Feature",
      "properties": {
        "nama_ahr": "The Newton 1",
        "tipe_ahr": "residential",
        "alamat": "<NA>",
        "status_sewa": "belum terverifikasi (kandidat OSM)",
        "kontak_telepon": null,
        "url_sumber": "https://www.openstreetmap.org/way/484647525",
        "tanggal_akses": "2026-08-05T07:33:37.864840+00:00",
        "osm_type": "way",
        "osm_id": "484647525",
        "jarak_ke_jalur_m": 562.5,
        "dalam_500m": false,
        "dalam_700m": true,
        "dalam_1000m": true,
        "layanan_terdekat": "MRT Jakarta",
        "latitude": -6.2210969,
        "longitude": 106.8186086,
        "google_maps_url": "https://www.google.com/maps/search/?api=1&query=The%20Newton%201%2C%20%3CNA%3E%2C%20Indonesia",
        "google_maps_pin_url": "https://www.google.com/maps/search/?api=1&query=-6.221096860304583%2C106.81860860175942",
        "google_directions_url": "https://www.google.com/maps/dir/?api=1&destination=-6.221096860304583%2C106.81860860175942",
        "tingkat_kepercayaan": "menengah",
        "status_verifikasi": "kandidat AHR terkurasi dari OSM",
        "sumber_kontak": null
      },
      "geometry": {
        "type": "Point",
        "coordinates": [
          106.81860860175942,
          -6.221096860304583
        ]
      }
    },
    {
      "type": "Feature",
      "properties": {
        "nama_ahr": "The Newton 2",
        "tipe_ahr": "apartments",
        "alamat": "<NA>",
        "status_sewa": "belum terverifikasi (kandidat OSM)",
        "kontak_telepon": null,
        "url_sumber": "https://www.openstreetmap.org/way/484672660",
        "tanggal_akses": "2026-08-05T07:33:37.864840+00:00",
        "osm_type": "way",
        "osm_id": "484672660",
        "jarak_ke_jalur_m": 446.7,
        "dalam_500m": true,
        "dalam_700m": true,
        "dalam_1000m": true,
        "layanan_terdekat": "MRT Jakarta",
        "latitude": -6.2207764,
        "longitude": 106.8173127,
        "google_maps_url": "https://www.google.com/maps/search/?api=1&query=The%20Newton%202%2C%20%3CNA%3E%2C%20Indonesia",
        "google_maps_pin_url": "https://www.google.com/maps/search/?api=1&query=-6.220776383728959%2C106.81731268013195",
        "google_directions_url": "https://www.google.com/maps/dir/?api=1&destination=-6.220776383728959%2C106.81731268013195",
        "tingkat_kepercayaan": "tinggi",
        "status_verifikasi": "kandidat AHR terkurasi dari OSM",
        "sumber_kontak": null
      },
      "geometry": {
        "type": "Point",
        "coordinates": [
          106.81731268013195,
          -6.220776383728959
        ]
      }
    },
    {
      "type": "Feature",
      "properties": {
        "nama_ahr": "The Family Residence",
        "tipe_ahr": "residential",
        "alamat": "<NA>",
        "status_sewa": "belum terverifikasi (kandidat OSM)",
        "kontak_telepon": null,
        "url_sumber": "https://www.openstreetmap.org/way/484849382",
        "tanggal_akses": "2026-08-05T07:33:37.864840+00:00",
        "osm_type": "way",
        "osm_id": "484849382",
        "jarak_ke_jalur_m": 430.8,
        "dalam_500m": true,
        "dalam_700m": true,
        "dalam_1000m": true,
        "layanan_terdekat": "MRT Jakarta",
        "latitude": -6.2170156,
        "longitude": 106.8215837,
        "google_maps_url": "https://www.google.com/maps/search/?api=1&query=The%20Family%20Residence%2C%20%3CNA%3E%2C%20Indonesia",
        "google_maps_pin_url": "https://www.google.com/maps/search/?api=1&query=-6.217015599915247%2C106.8215836746972",
        "google_directions_url": "https://www.google.com/maps/dir/?api=1&destination=-6.217015599915247%2C106.8215836746972",
        "tingkat_kepercayaan": "menengah",
        "status_verifikasi": "kandidat AHR terkurasi dari OSM",
        "sumber_kontak": null
      },
      "geometry": {
        "type": "Point",
        "coordinates": [
          106.8215836746972,
          -6.217015599915247
        ]
      }
    },
    {
      "type": "Feature",
      "properties": {
        "nama_ahr": "Sudirman Suites",
        "tipe_ahr": "apartments",
        "alamat": "<NA>",
        "status_sewa": "belum terverifikasi (kandidat OSM)",
        "kontak_telepon": null,
        "url_sumber": "https://www.openstreetmap.org/way/484873756",
        "tanggal_akses": "2026-08-05T07:33:37.864840+00:00",
        "osm_type": "way",
        "osm_id": "484873756",
        "jarak_ke_jalur_m": 64.4,
        "dalam_500m": true,
        "dalam_700m": true,
        "dalam_1000m": true,
        "layanan_terdekat": "MRT Jakarta",
        "latitude": -6.2156135,
        "longitude": 106.8161723,
        "google_maps_url": "https://www.google.com/maps/search/?api=1&query=Sudirman%20Suites%2C%20%3CNA%3E%2C%20Indonesia",
        "google_maps_pin_url": "https://www.google.com/maps/search/?api=1&query=-6.215613450065796%2C106.81617230126092",
        "google_directions_url": "https://www.google.com/maps/dir/?api=1&destination=-6.215613450065796%2C106.81617230126092",
        "tingkat_kepercayaan": "tinggi",
        "status_verifikasi": "kandidat AHR terkurasi dari OSM",
        "sumber_kontak": null
      },
      "geometry": {
        "type": "Point",
        "coordinates": [
          106.81617230126092,
          -6.215613450065796
        ]
      }
    },
    {
      "type": "Feature",
      "properties": {
        "nama_ahr": "Porte Tower",
        "tipe_ahr": "apartments",
        "alamat": "<NA>",
        "status_sewa": "belum terverifikasi (kandidat OSM)",
        "kontak_telepon": null,
        "url_sumber": "https://www.openstreetmap.org/way/485239069",
        "tanggal_akses": "2026-08-05T07:33:37.864840+00:00",
        "osm_type": "way",
        "osm_id": "485239069",
        "jarak_ke_jalur_m": 170.9,
        "dalam_500m": true,
        "dalam_700m": true,
        "dalam_1000m": true,
        "layanan_terdekat": "LRT Jabodebek",
        "latitude": -6.2182348,
        "longitude": 106.8294931,
        "google_maps_url": "https://www.google.com/maps/search/?api=1&query=Porte%20Tower%2C%20%3CNA%3E%2C%20Indonesia",
        "google_maps_pin_url": "https://www.google.com/maps/search/?api=1&query=-6.21823475003939%2C106.82949314604491",
        "google_directions_url": "https://www.google.com/maps/dir/?api=1&destination=-6.21823475003939%2C106.82949314604491",
        "tingkat_kepercayaan": "tinggi",
        "status_verifikasi": "kandidat AHR terkurasi dari OSM",
        "sumber_kontak": null
      },
      "geometry": {
        "type": "Point",
        "coordinates": [
          106.82949314604491,
          -6.21823475003939
        ]
      }
    },
    {
      "type": "Feature",
      "properties": {
        "nama_ahr": "Allee Tower",
        "tipe_ahr": "apartments",
        "alamat": "<NA>",
        "status_sewa": "belum terverifikasi (kandidat OSM)",
        "kontak_telepon": null,
        "url_sumber": "https://www.openstreetmap.org/way/485239070",
        "tanggal_akses": "2026-08-05T07:33:37.864840+00:00",
        "osm_type": "way",
        "osm_id": "485239070",
        "jarak_ke_jalur_m": 231.6,
        "dalam_500m": true,
        "dalam_700m": true,
        "dalam_1000m": true,
        "layanan_terdekat": "LRT Jabodebek",
        "latitude": -6.2180906,
        "longitude": 106.8288997,
        "google_maps_url": "https://www.google.com/maps/search/?api=1&query=Allee%20Tower%2C%20%3CNA%3E%2C%20Indonesia",
        "google_maps_pin_url": "https://www.google.com/maps/search/?api=1&query=-6.218090550043396%2C106.82889970000637",
        "google_directions_url": "https://www.google.com/maps/dir/?api=1&destination=-6.218090550043396%2C106.82889970000637",
        "tingkat_kepercayaan": "tinggi",
        "status_verifikasi": "kandidat AHR terkurasi dari OSM",
        "sumber_kontak": null
      },
      "geometry": {
        "type": "Point",
        "coordinates": [
          106.82889970000637,
          -6.218090550043396
        ]
      }
    },
    {
      "type": "Feature",
      "properties": {
        "nama_ahr": "Sahid Metropolitan",
        "tipe_ahr": "apartments",
        "alamat": "Jl. Karet Belakang Barat, RT.10/RW.3, Karet, Kecamatan Setiabudi",
        "status_sewa": "belum terverifikasi (kandidat OSM)",
        "kontak_telepon": null,
        "url_sumber": "https://www.openstreetmap.org/way/485254601",
        "tanggal_akses": "2026-08-05T07:33:37.864840+00:00",
        "osm_type": "way",
        "osm_id": "485254601",
        "jarak_ke_jalur_m": 616.5,
        "dalam_500m": false,
        "dalam_700m": true,
        "dalam_1000m": true,
        "layanan_terdekat": "MRT Jakarta",
        "latitude": -6.2160064,
        "longitude": 106.8244871,
        "google_maps_url": "https://www.google.com/maps/search/?api=1&query=Sahid%20Metropolitan%2C%20Jl.%20Karet%20Belakang%20Barat%2C%20RT.10%2FRW.3%2C%20Karet%2C%20Kecamatan%20Setiabudi%2C%20Indonesia",
        "google_maps_pin_url": "https://www.google.com/maps/search/?api=1&query=-6.216006400023042%2C106.82448714935104",
        "google_directions_url": "https://www.google.com/maps/dir/?api=1&destination=-6.216006400023042%2C106.82448714935104",
        "tingkat_kepercayaan": "tinggi",
        "status_verifikasi": "kandidat AHR terkurasi dari OSM",
        "sumber_kontak": null
      },
      "geometry": {
        "type": "Point",
        "coordinates": [
          106.82448714935104,
          -6.216006400023042
        ]
      }
    },
    {
      "type": "Feature",
      "properties": {
        "nama_ahr": "Seibu Mansion Apartemen",
        "tipe_ahr": "apartments",
        "alamat": "<NA>",
        "status_sewa": "belum terverifikasi (kandidat OSM)",
        "kontak_telepon": null,
        "url_sumber": "https://www.openstreetmap.org/way/485256210",
        "tanggal_akses": "2026-08-05T07:33:37.864840+00:00",
        "osm_type": "way",
        "osm_id": "485256210",
        "jarak_ke_jalur_m": 638.7,
        "dalam_500m": false,
        "dalam_700m": true,
        "dalam_1000m": true,
        "layanan_terdekat": "LRT Jabodebek",
        "latitude": -6.2165333,
        "longitude": 106.8249126,
        "google_maps_url": "https://www.google.com/maps/search/?api=1&query=Seibu%20Mansion%20Apartemen%2C%20%3CNA%3E%2C%20Indonesia",
        "google_maps_pin_url": "https://www.google.com/maps/search/?api=1&query=-6.21653327648062%2C106.82491260816919",
        "google_directions_url": "https://www.google.com/maps/dir/?api=1&destination=-6.21653327648062%2C106.82491260816919",
        "tingkat_kepercayaan": "tinggi",
        "status_verifikasi": "kandidat AHR terkurasi dari OSM",
        "sumber_kontak": null
      },
      "geometry": {
        "type": "Point",
        "coordinates": [
          106.82491260816919,
          -6.21653327648062
        ]
      }
    },
    {
      "type": "Feature",
      "properties": {
        "nama_ahr": "Fountain Park Apartment",
        "tipe_ahr": "apartments",
        "alamat": "<NA>",
        "status_sewa": "belum terverifikasi (kandidat OSM)",
        "kontak_telepon": null,
        "url_sumber": "https://www.openstreetmap.org/way/485268603",
        "tanggal_akses": "2026-08-05T07:33:37.864840+00:00",
        "osm_type": "way",
        "osm_id": "485268603",
        "jarak_ke_jalur_m": 179.2,
        "dalam_500m": true,
        "dalam_700m": true,
        "dalam_1000m": true,
        "layanan_terdekat": "LRT Jabodebek",
        "latitude": -6.2453077,
        "longitude": 106.8437754,
        "google_maps_url": "https://www.google.com/maps/search/?api=1&query=Fountain%20Park%20Apartment%2C%20%3CNA%3E%2C%20Indonesia",
        "google_maps_pin_url": "https://www.google.com/maps/search/?api=1&query=-6.245307690036349%2C106.84377536896446",
        "google_directions_url": "https://www.google.com/maps/dir/?api=1&destination=-6.245307690036349%2C106.84377536896446",
        "tingkat_kepercayaan": "tinggi",
        "status_verifikasi": "kandidat AHR terkurasi dari OSM",
        "sumber_kontak": null
      },
      "geometry": {
        "type": "Point",
        "coordinates": [
          106.84377536896446,
          -6.245307690036349
        ]
      }
    },
    {
      "type": "Feature",
      "properties": {
        "nama_ahr": "Harmony Tower",
        "tipe_ahr": "apartments",
        "alamat": "Jalan Epicentrium Barat",
        "status_sewa": "belum terverifikasi (kandidat OSM)",
        "kontak_telepon": null,
        "url_sumber": "https://www.openstreetmap.org/way/485762767",
        "tanggal_akses": "2026-08-05T07:33:37.864840+00:00",
        "osm_type": "way",
        "osm_id": "485762767",
        "jarak_ke_jalur_m": 373.4,
        "dalam_500m": true,
        "dalam_700m": true,
        "dalam_1000m": true,
        "layanan_terdekat": "LRT Jabodebek",
        "latitude": -6.2170822,
        "longitude": 106.8343175,
        "google_maps_url": "https://www.google.com/maps/search/?api=1&query=Harmony%20Tower%2C%20Jalan%20Epicentrium%20Barat%2C%20Indonesia",
        "google_maps_pin_url": "https://www.google.com/maps/search/?api=1&query=-6.217082155953471%2C106.83431754716041",
        "google_directions_url": "https://www.google.com/maps/dir/?api=1&destination=-6.217082155953471%2C106.83431754716041",
        "tingkat_kepercayaan": "tinggi",
        "status_verifikasi": "kandidat AHR terkurasi dari OSM",
        "sumber_kontak": null
      },
      "geometry": {
        "type": "Point",
        "coordinates": [
          106.83431754716041,
          -6.217082155953471
        ]
      }
    },
    {
      "type": "Feature",
      "properties": {
        "nama_ahr": "Serenity Tower",
        "tipe_ahr": "apartments",
        "alamat": "Jalan Epicentrum Tengah",
        "status_sewa": "belum terverifikasi (kandidat OSM)",
        "kontak_telepon": null,
        "url_sumber": "https://www.openstreetmap.org/way/485762768",
        "tanggal_akses": "2026-08-05T07:33:37.864840+00:00",
        "osm_type": "way",
        "osm_id": "485762768",
        "jarak_ke_jalur_m": 400,
        "dalam_500m": true,
        "dalam_700m": true,
        "dalam_1000m": true,
        "layanan_terdekat": "LRT Jabodebek",
        "latitude": -6.216625,
        "longitude": 106.8344646,
        "google_maps_url": "https://www.google.com/maps/search/?api=1&query=Serenity%20Tower%2C%20Jalan%20Epicentrum%20Tengah%2C%20Indonesia",
        "google_maps_pin_url": "https://www.google.com/maps/search/?api=1&query=-6.216625023367704%2C106.83446458512988",
        "google_directions_url": "https://www.google.com/maps/dir/?api=1&destination=-6.216625023367704%2C106.83446458512988",
        "tingkat_kepercayaan": "tinggi",
        "status_verifikasi": "kandidat AHR terkurasi dari OSM",
        "sumber_kontak": null
      },
      "geometry": {
        "type": "Point",
        "coordinates": [
          106.83446458512988,
          -6.216625023367704
        ]
      }
    },
    {
      "type": "Feature",
      "properties": {
        "nama_ahr": "Monteverde Tower",
        "tipe_ahr": "apartments",
        "alamat": "<NA>",
        "status_sewa": "belum terverifikasi (kandidat OSM)",
        "kontak_telepon": null,
        "url_sumber": "https://www.openstreetmap.org/way/485762785",
        "tanggal_akses": "2026-08-05T07:33:37.864840+00:00",
        "osm_type": "way",
        "osm_id": "485762785",
        "jarak_ke_jalur_m": 412.7,
        "dalam_500m": true,
        "dalam_700m": true,
        "dalam_1000m": true,
        "layanan_terdekat": "LRT Jabodebek",
        "latitude": -6.2142362,
        "longitude": 106.8343023,
        "google_maps_url": "https://www.google.com/maps/search/?api=1&query=Monteverde%20Tower%2C%20%3CNA%3E%2C%20Indonesia",
        "google_maps_pin_url": "https://www.google.com/maps/search/?api=1&query=-6.214236200004503%2C106.83430230691246",
        "google_directions_url": "https://www.google.com/maps/dir/?api=1&destination=-6.214236200004503%2C106.83430230691246",
        "tingkat_kepercayaan": "tinggi",
        "status_verifikasi": "kandidat AHR terkurasi dari OSM",
        "sumber_kontak": null
      },
      "geometry": {
        "type": "Point",
        "coordinates": [
          106.83430230691246,
          -6.214236200004503
        ]
      }
    },
    {
      "type": "Feature",
      "properties": {
        "nama_ahr": "The Pakubuwono Menteng",
        "tipe_ahr": "residential",
        "alamat": "<NA>",
        "status_sewa": "belum terverifikasi (kandidat OSM)",
        "kontak_telepon": null,
        "url_sumber": "https://www.openstreetmap.org/way/485997842",
        "tanggal_akses": "2026-08-05T07:33:37.864840+00:00",
        "osm_type": "way",
        "osm_id": "485997842",
        "jarak_ke_jalur_m": 642.6,
        "dalam_500m": false,
        "dalam_700m": true,
        "dalam_1000m": true,
        "layanan_terdekat": "MRT Jakarta",
        "latitude": -6.1861246,
        "longitude": 106.8261564,
        "google_maps_url": "https://www.google.com/maps/search/?api=1&query=The%20Pakubuwono%20Menteng%2C%20%3CNA%3E%2C%20Indonesia",
        "google_maps_pin_url": "https://www.google.com/maps/search/?api=1&query=-6.186124550071552%2C106.82615639599362",
        "google_directions_url": "https://www.google.com/maps/dir/?api=1&destination=-6.186124550071552%2C106.82615639599362",
        "tingkat_kepercayaan": "menengah",
        "status_verifikasi": "kandidat AHR terkurasi dari OSM",
        "sumber_kontak": null
      },
      "geometry": {
        "type": "Point",
        "coordinates": [
          106.82615639599362,
          -6.186124550071552
        ]
      }
    },
    {
      "type": "Feature",
      "properties": {
        "nama_ahr": "Apartemen Ciputra World 2",
        "tipe_ahr": "apartments",
        "alamat": "<NA>",
        "status_sewa": "belum terverifikasi (kandidat OSM)",
        "kontak_telepon": null,
        "url_sumber": "https://www.openstreetmap.org/way/487248965",
        "tanggal_akses": "2026-08-05T07:33:37.864840+00:00",
        "osm_type": "way",
        "osm_id": "487248965",
        "jarak_ke_jalur_m": 738.6,
        "dalam_500m": false,
        "dalam_700m": false,
        "dalam_1000m": true,
        "layanan_terdekat": "MRT Jakarta",
        "latitude": -6.2215782,
        "longitude": 106.8205633,
        "google_maps_url": "https://www.google.com/maps/search/?api=1&query=Apartemen%20Ciputra%20World%202%2C%20%3CNA%3E%2C%20Indonesia",
        "google_maps_pin_url": "https://www.google.com/maps/search/?api=1&query=-6.2215782401359%2C106.82056330491477",
        "google_directions_url": "https://www.google.com/maps/dir/?api=1&destination=-6.2215782401359%2C106.82056330491477",
        "tingkat_kepercayaan": "tinggi",
        "status_verifikasi": "kandidat AHR terkurasi dari OSM",
        "sumber_kontak": null
      },
      "geometry": {
        "type": "Point",
        "coordinates": [
          106.82056330491477,
          -6.2215782401359
        ]
      }
    },
    {
      "type": "Feature",
      "properties": {
        "nama_ahr": "Emerald Residence",
        "tipe_ahr": "apartments",
        "alamat": "<NA>",
        "status_sewa": "belum terverifikasi (kandidat OSM)",
        "kontak_telepon": null,
        "url_sumber": "https://www.openstreetmap.org/way/487256741",
        "tanggal_akses": "2026-08-05T07:33:37.864840+00:00",
        "osm_type": "way",
        "osm_id": "487256741",
        "jarak_ke_jalur_m": 854,
        "dalam_500m": false,
        "dalam_700m": false,
        "dalam_1000m": true,
        "layanan_terdekat": "LRT Jabodebek",
        "latitude": -6.2209149,
        "longitude": 106.8238266,
        "google_maps_url": "https://www.google.com/maps/search/?api=1&query=Emerald%20Residence%2C%20%3CNA%3E%2C%20Indonesia",
        "google_maps_pin_url": "https://www.google.com/maps/search/?api=1&query=-6.220914917025892%2C106.82382661526466",
        "google_directions_url": "https://www.google.com/maps/dir/?api=1&destination=-6.220914917025892%2C106.82382661526466",
        "tingkat_kepercayaan": "tinggi",
        "status_verifikasi": "kandidat AHR terkurasi dari OSM",
        "sumber_kontak": null
      },
      "geometry": {
        "type": "Point",
        "coordinates": [
          106.82382661526466,
          -6.220914917025892
        ]
      }
    },
    {
      "type": "Feature",
      "properties": {
        "nama_ahr": "Terraverde Tower",
        "tipe_ahr": "apartments",
        "alamat": "<NA>",
        "status_sewa": "belum terverifikasi (kandidat OSM)",
        "kontak_telepon": null,
        "url_sumber": "https://www.openstreetmap.org/way/487283791",
        "tanggal_akses": "2026-08-05T07:33:37.864840+00:00",
        "osm_type": "way",
        "osm_id": "487283791",
        "jarak_ke_jalur_m": 485.1,
        "dalam_500m": true,
        "dalam_700m": true,
        "dalam_1000m": true,
        "layanan_terdekat": "LRT Jabodebek",
        "latitude": -6.214581,
        "longitude": 106.8349876,
        "google_maps_url": "https://www.google.com/maps/search/?api=1&query=Terraverde%20Tower%2C%20%3CNA%3E%2C%20Indonesia",
        "google_maps_pin_url": "https://www.google.com/maps/search/?api=1&query=-6.21458100725874%2C106.8349875719542",
        "google_directions_url": "https://www.google.com/maps/dir/?api=1&destination=-6.21458100725874%2C106.8349875719542",
        "tingkat_kepercayaan": "tinggi",
        "status_verifikasi": "kandidat AHR terkurasi dari OSM",
        "sumber_kontak": null
      },
      "geometry": {
        "type": "Point",
        "coordinates": [
          106.8349875719542,
          -6.21458100725874
        ]
      }
    },
    {
      "type": "Feature",
      "properties": {
        "nama_ahr": "North Tower",
        "tipe_ahr": "apartments",
        "alamat": "Jl. Haji Cokong Rw 010",
        "status_sewa": "belum terverifikasi (kandidat OSM)",
        "kontak_telepon": null,
        "url_sumber": "https://www.openstreetmap.org/way/487283793",
        "tanggal_akses": "2026-08-05T07:33:37.864840+00:00",
        "osm_type": "way",
        "osm_id": "487283793",
        "jarak_ke_jalur_m": 213.8,
        "dalam_500m": true,
        "dalam_700m": true,
        "dalam_1000m": true,
        "layanan_terdekat": "LRT Jabodebek",
        "latitude": -6.2140317,
        "longitude": 106.832482,
        "google_maps_url": "https://www.google.com/maps/search/?api=1&query=North%20Tower%2C%20Jl.%20Haji%20Cokong%20Rw%20010%2C%20Indonesia",
        "google_maps_pin_url": "https://www.google.com/maps/search/?api=1&query=-6.214031687076178%2C106.83248197118637",
        "google_directions_url": "https://www.google.com/maps/dir/?api=1&destination=-6.214031687076178%2C106.83248197118637",
        "tingkat_kepercayaan": "tinggi",
        "status_verifikasi": "kandidat AHR terkurasi dari OSM",
        "sumber_kontak": null
      },
      "geometry": {
        "type": "Point",
        "coordinates": [
          106.83248197118637,
          -6.214031687076178
        ]
      }
    },
    {
      "type": "Feature",
      "properties": {
        "nama_ahr": "Kemang View Apartment",
        "tipe_ahr": "hunian",
        "alamat": "<NA>",
        "status_sewa": "belum terverifikasi (kandidat OSM)",
        "kontak_telepon": null,
        "url_sumber": "https://www.openstreetmap.org/way/487677810",
        "tanggal_akses": "2026-08-05T07:33:37.864840+00:00",
        "osm_type": "way",
        "osm_id": "487677810",
        "jarak_ke_jalur_m": 463.8,
        "dalam_500m": true,
        "dalam_700m": true,
        "dalam_1000m": true,
        "layanan_terdekat": "LRT Jabodebek",
        "latitude": -6.257421,
        "longitude": 106.9903152,
        "google_maps_url": "https://www.google.com/maps/search/?api=1&query=Kemang%20View%20Apartment%2C%20%3CNA%3E%2C%20Indonesia",
        "google_maps_pin_url": "https://www.google.com/maps/search/?api=1&query=-6.257420957060129%2C106.99031524137116",
        "google_directions_url": "https://www.google.com/maps/dir/?api=1&destination=-6.257420957060129%2C106.99031524137116",
        "tingkat_kepercayaan": "tinggi",
        "status_verifikasi": "kandidat AHR terkurasi dari OSM",
        "sumber_kontak": null
      },
      "geometry": {
        "type": "Point",
        "coordinates": [
          106.99031524137116,
          -6.257420957060129
        ]
      }
    },
    {
      "type": "Feature",
      "properties": {
        "nama_ahr": "Autumn Tower",
        "tipe_ahr": "residential",
        "alamat": "<NA>",
        "status_sewa": "belum terverifikasi (kandidat OSM)",
        "kontak_telepon": null,
        "url_sumber": "https://www.openstreetmap.org/way/488154258",
        "tanggal_akses": "2026-08-05T07:33:37.864840+00:00",
        "osm_type": "way",
        "osm_id": "488154258",
        "jarak_ke_jalur_m": 188.9,
        "dalam_500m": true,
        "dalam_700m": true,
        "dalam_1000m": true,
        "layanan_terdekat": "LRT Jabodebek",
        "latitude": -6.2066065,
        "longitude": 106.8255729,
        "google_maps_url": "https://www.google.com/maps/search/?api=1&query=Autumn%20Tower%2C%20%3CNA%3E%2C%20Indonesia",
        "google_maps_pin_url": "https://www.google.com/maps/search/?api=1&query=-6.206606497084215%2C106.82557291333144",
        "google_directions_url": "https://www.google.com/maps/dir/?api=1&destination=-6.206606497084215%2C106.82557291333144",
        "tingkat_kepercayaan": "menengah",
        "status_verifikasi": "kandidat AHR terkurasi dari OSM",
        "sumber_kontak": null
      },
      "geometry": {
        "type": "Point",
        "coordinates": [
          106.82557291333144,
          -6.206606497084215
        ]
      }
    },
    {
      "type": "Feature",
      "properties": {
        "nama_ahr": "Winter Tower",
        "tipe_ahr": "residential",
        "alamat": "<NA>",
        "status_sewa": "belum terverifikasi (kandidat OSM)",
        "kontak_telepon": null,
        "url_sumber": "https://www.openstreetmap.org/way/488154259",
        "tanggal_akses": "2026-08-05T07:33:37.864840+00:00",
        "osm_type": "way",
        "osm_id": "488154259",
        "jarak_ke_jalur_m": 180.2,
        "dalam_500m": true,
        "dalam_700m": true,
        "dalam_1000m": true,
        "layanan_terdekat": "LRT Jabodebek",
        "latitude": -6.2067657,
        "longitude": 106.8267376,
        "google_maps_url": "https://www.google.com/maps/search/?api=1&query=Winter%20Tower%2C%20%3CNA%3E%2C%20Indonesia",
        "google_maps_pin_url": "https://www.google.com/maps/search/?api=1&query=-6.206765697438988%2C106.82673760612731",
        "google_directions_url": "https://www.google.com/maps/dir/?api=1&destination=-6.206765697438988%2C106.82673760612731",
        "tingkat_kepercayaan": "menengah",
        "status_verifikasi": "kandidat AHR terkurasi dari OSM",
        "sumber_kontak": null
      },
      "geometry": {
        "type": "Point",
        "coordinates": [
          106.82673760612731,
          -6.206765697438988
        ]
      }
    },
    {
      "type": "Feature",
      "properties": {
        "nama_ahr": "Spring Tower",
        "tipe_ahr": "residential",
        "alamat": "<NA>",
        "status_sewa": "belum terverifikasi (kandidat OSM)",
        "kontak_telepon": null,
        "url_sumber": "https://www.openstreetmap.org/way/488154260",
        "tanggal_akses": "2026-08-05T07:33:37.864840+00:00",
        "osm_type": "way",
        "osm_id": "488154260",
        "jarak_ke_jalur_m": 132.2,
        "dalam_500m": true,
        "dalam_700m": true,
        "dalam_1000m": true,
        "layanan_terdekat": "LRT Jabodebek",
        "latitude": -6.2062746,
        "longitude": 106.8264908,
        "google_maps_url": "https://www.google.com/maps/search/?api=1&query=Spring%20Tower%2C%20%3CNA%3E%2C%20Indonesia",
        "google_maps_pin_url": "https://www.google.com/maps/search/?api=1&query=-6.206274647222493%2C106.82649078815676",
        "google_directions_url": "https://www.google.com/maps/dir/?api=1&destination=-6.206274647222493%2C106.82649078815676",
        "tingkat_kepercayaan": "menengah",
        "status_verifikasi": "kandidat AHR terkurasi dari OSM",
        "sumber_kontak": null
      },
      "geometry": {
        "type": "Point",
        "coordinates": [
          106.82649078815676,
          -6.206274647222493
        ]
      }
    },
    {
      "type": "Feature",
      "properties": {
        "nama_ahr": "Summer Tower",
        "tipe_ahr": "residential",
        "alamat": "<NA>",
        "status_sewa": "belum terverifikasi (kandidat OSM)",
        "kontak_telepon": null,
        "url_sumber": "https://www.openstreetmap.org/way/488154261",
        "tanggal_akses": "2026-08-05T07:33:37.864840+00:00",
        "osm_type": "way",
        "osm_id": "488154261",
        "jarak_ke_jalur_m": 136.7,
        "dalam_500m": true,
        "dalam_700m": true,
        "dalam_1000m": true,
        "layanan_terdekat": "LRT Jabodebek",
        "latitude": -6.2062009,
        "longitude": 106.8259411,
        "google_maps_url": "https://www.google.com/maps/search/?api=1&query=Summer%20Tower%2C%20%3CNA%3E%2C%20Indonesia",
        "google_maps_pin_url": "https://www.google.com/maps/search/?api=1&query=-6.2062009471361%2C106.8259411181066",
        "google_directions_url": "https://www.google.com/maps/dir/?api=1&destination=-6.2062009471361%2C106.8259411181066",
        "tingkat_kepercayaan": "menengah",
        "status_verifikasi": "kandidat AHR terkurasi dari OSM",
        "sumber_kontak": null
      },
      "geometry": {
        "type": "Point",
        "coordinates": [
          106.8259411181066,
          -6.2062009471361
        ]
      }
    },
    {
      "type": "Feature",
      "properties": {
        "nama_ahr": "Casa Grande Apartments",
        "tipe_ahr": "hunian",
        "alamat": "<NA>",
        "status_sewa": "belum terverifikasi (kandidat OSM)",
        "kontak_telepon": null,
        "url_sumber": "https://www.openstreetmap.org/way/488401837",
        "tanggal_akses": "2026-08-05T07:33:37.864840+00:00",
        "osm_type": "way",
        "osm_id": "488401837",
        "jarak_ke_jalur_m": 985.7,
        "dalam_500m": false,
        "dalam_700m": false,
        "dalam_1000m": true,
        "layanan_terdekat": "LRT Jabodebek",
        "latitude": -6.2228527,
        "longitude": 106.8417032,
        "google_maps_url": "https://www.google.com/maps/search/?api=1&query=Casa%20Grande%20Apartments%2C%20%3CNA%3E%2C%20Indonesia",
        "google_maps_pin_url": "https://www.google.com/maps/search/?api=1&query=-6.222852714219226%2C106.84170321029163",
        "google_directions_url": "https://www.google.com/maps/dir/?api=1&destination=-6.222852714219226%2C106.84170321029163",
        "tingkat_kepercayaan": "tinggi",
        "status_verifikasi": "kandidat AHR terkurasi dari OSM",
        "sumber_kontak": null
      },
      "geometry": {
        "type": "Point",
        "coordinates": [
          106.84170321029163,
          -6.222852714219226
        ]
      }
    },
    {
      "type": "Feature",
      "properties": {
        "nama_ahr": "Bella Tower",
        "tipe_ahr": "apartments",
        "alamat": "<NA>",
        "status_sewa": "belum terverifikasi (kandidat OSM)",
        "kontak_telepon": null,
        "url_sumber": "https://www.openstreetmap.org/way/488401869",
        "tanggal_akses": "2026-08-05T07:33:37.864840+00:00",
        "osm_type": "way",
        "osm_id": "488401869",
        "jarak_ke_jalur_m": 978.7,
        "dalam_500m": false,
        "dalam_700m": false,
        "dalam_1000m": true,
        "layanan_terdekat": "LRT Jabodebek",
        "latitude": -6.2222113,
        "longitude": 106.8415282,
        "google_maps_url": "https://www.google.com/maps/search/?api=1&query=Bella%20Tower%2C%20%3CNA%3E%2C%20Indonesia",
        "google_maps_pin_url": "https://www.google.com/maps/search/?api=1&query=-6.222211291653663%2C106.84152820210701",
        "google_directions_url": "https://www.google.com/maps/dir/?api=1&destination=-6.222211291653663%2C106.84152820210701",
        "tingkat_kepercayaan": "tinggi",
        "status_verifikasi": "kandidat AHR terkurasi dari OSM",
        "sumber_kontak": null
      },
      "geometry": {
        "type": "Point",
        "coordinates": [
          106.84152820210701,
          -6.222211291653663
        ]
      }
    },
    {
      "type": "Feature",
      "properties": {
        "nama_ahr": "Angelo Tower",
        "tipe_ahr": "apartments",
        "alamat": "<NA>",
        "status_sewa": "belum terverifikasi (kandidat OSM)",
        "kontak_telepon": null,
        "url_sumber": "https://www.openstreetmap.org/way/488401915",
        "tanggal_akses": "2026-08-05T07:33:37.864840+00:00",
        "osm_type": "way",
        "osm_id": "488401915",
        "jarak_ke_jalur_m": 976.7,
        "dalam_500m": false,
        "dalam_700m": false,
        "dalam_1000m": true,
        "layanan_terdekat": "LRT Jabodebek",
        "latitude": -6.2225585,
        "longitude": 106.8415763,
        "google_maps_url": "https://www.google.com/maps/search/?api=1&query=Angelo%20Tower%2C%20%3CNA%3E%2C%20Indonesia",
        "google_maps_pin_url": "https://www.google.com/maps/search/?api=1&query=-6.222558537183511%2C106.84157628460875",
        "google_directions_url": "https://www.google.com/maps/dir/?api=1&destination=-6.222558537183511%2C106.84157628460875",
        "tingkat_kepercayaan": "tinggi",
        "status_verifikasi": "kandidat AHR terkurasi dari OSM",
        "sumber_kontak": null
      },
      "geometry": {
        "type": "Point",
        "coordinates": [
          106.84157628460875,
          -6.222558537183511
        ]
      }
    },
    {
      "type": "Feature",
      "properties": {
        "nama_ahr": "Senopati Suites",
        "tipe_ahr": "apartments",
        "alamat": "<NA>",
        "status_sewa": "belum terverifikasi (kandidat OSM)",
        "kontak_telepon": null,
        "url_sumber": "https://www.openstreetmap.org/way/493604645",
        "tanggal_akses": "2026-08-05T07:33:37.864840+00:00",
        "osm_type": "way",
        "osm_id": "493604645",
        "jarak_ke_jalur_m": 200.8,
        "dalam_500m": true,
        "dalam_700m": true,
        "dalam_1000m": true,
        "layanan_terdekat": "MRT Jakarta",
        "latitude": -6.2288355,
        "longitude": 106.8027967,
        "google_maps_url": "https://www.google.com/maps/search/?api=1&query=Senopati%20Suites%2C%20%3CNA%3E%2C%20Indonesia",
        "google_maps_pin_url": "https://www.google.com/maps/search/?api=1&query=-6.228835500003393%2C106.80279670000222",
        "google_directions_url": "https://www.google.com/maps/dir/?api=1&destination=-6.228835500003393%2C106.80279670000222",
        "tingkat_kepercayaan": "tinggi",
        "status_verifikasi": "kandidat AHR terkurasi dari OSM",
        "sumber_kontak": null
      },
      "geometry": {
        "type": "Point",
        "coordinates": [
          106.80279670000222,
          -6.228835500003393
        ]
      }
    },
    {
      "type": "Feature",
      "properties": {
        "nama_ahr": "Menara Da Vinci",
        "tipe_ahr": "apartments",
        "alamat": "Jalan Jend. Sudirman Kav 12",
        "status_sewa": "belum terverifikasi (kandidat OSM)",
        "kontak_telepon": null,
        "url_sumber": "https://www.openstreetmap.org/way/494146330",
        "tanggal_akses": "2026-08-05T07:33:37.864840+00:00",
        "osm_type": "way",
        "osm_id": "494146330",
        "jarak_ke_jalur_m": 68.5,
        "dalam_500m": true,
        "dalam_700m": true,
        "dalam_1000m": true,
        "layanan_terdekat": "MRT Jakarta",
        "latitude": -6.2101308,
        "longitude": 106.8204625,
        "google_maps_url": "https://www.google.com/maps/search/?api=1&query=Menara%20Da%20Vinci%2C%20Jalan%20Jend.%20Sudirman%20Kav%2012%2C%20Indonesia",
        "google_maps_pin_url": "https://www.google.com/maps/search/?api=1&query=-6.210130800103769%2C106.82046248774701",
        "google_directions_url": "https://www.google.com/maps/dir/?api=1&destination=-6.210130800103769%2C106.82046248774701",
        "tingkat_kepercayaan": "tinggi",
        "status_verifikasi": "kandidat AHR terkurasi dari OSM",
        "sumber_kontak": null
      },
      "geometry": {
        "type": "Point",
        "coordinates": [
          106.82046248774701,
          -6.210130800103769
        ]
      }
    },
    {
      "type": "Feature",
      "properties": {
        "nama_ahr": "Apartemen Sahid Sudirman",
        "tipe_ahr": "apartments",
        "alamat": "Jalan Jend. Sudirman",
        "status_sewa": "belum terverifikasi (kandidat OSM)",
        "kontak_telepon": null,
        "url_sumber": "https://www.openstreetmap.org/way/494970790",
        "tanggal_akses": "2026-08-05T07:33:37.864840+00:00",
        "osm_type": "way",
        "osm_id": "494970790",
        "jarak_ke_jalur_m": 141.1,
        "dalam_500m": true,
        "dalam_700m": true,
        "dalam_1000m": true,
        "layanan_terdekat": "MRT Jakarta",
        "latitude": -6.2100086,
        "longitude": 106.8197889,
        "google_maps_url": "https://www.google.com/maps/search/?api=1&query=Apartemen%20Sahid%20Sudirman%2C%20Jalan%20Jend.%20Sudirman%2C%20Indonesia",
        "google_maps_pin_url": "https://www.google.com/maps/search/?api=1&query=-6.210008635913155%2C106.81978891441604",
        "google_directions_url": "https://www.google.com/maps/dir/?api=1&destination=-6.210008635913155%2C106.81978891441604",
        "tingkat_kepercayaan": "tinggi",
        "status_verifikasi": "kandidat AHR terkurasi dari OSM",
        "sumber_kontak": null
      },
      "geometry": {
        "type": "Point",
        "coordinates": [
          106.81978891441604,
          -6.210008635913155
        ]
      }
    },
    {
      "type": "Feature",
      "properties": {
        "nama_ahr": "Casa Domaine Privé",
        "tipe_ahr": "apartments",
        "alamat": "<NA>",
        "status_sewa": "belum terverifikasi (kandidat OSM)",
        "kontak_telepon": null,
        "url_sumber": "https://www.openstreetmap.org/way/496543972",
        "tanggal_akses": "2026-08-05T07:33:37.864840+00:00",
        "osm_type": "way",
        "osm_id": "496543972",
        "jarak_ke_jalur_m": 642.9,
        "dalam_500m": false,
        "dalam_700m": true,
        "dalam_1000m": true,
        "layanan_terdekat": "MRT Jakarta",
        "latitude": -6.2022391,
        "longitude": 106.8166306,
        "google_maps_url": "https://www.google.com/maps/search/?api=1&query=Casa%20Domaine%20Priv%C3%A9%2C%20%3CNA%3E%2C%20Indonesia",
        "google_maps_pin_url": "https://www.google.com/maps/search/?api=1&query=-6.202239116376001%2C106.81663064127027",
        "google_directions_url": "https://www.google.com/maps/dir/?api=1&destination=-6.202239116376001%2C106.81663064127027",
        "tingkat_kepercayaan": "tinggi",
        "status_verifikasi": "kandidat AHR terkurasi dari OSM",
        "sumber_kontak": null
      },
      "geometry": {
        "type": "Point",
        "coordinates": [
          106.81663064127027,
          -6.202239116376001
        ]
      }
    },
    {
      "type": "Feature",
      "properties": {
        "nama_ahr": "Casa Domaine One",
        "tipe_ahr": "apartments",
        "alamat": "<NA>",
        "status_sewa": "belum terverifikasi (kandidat OSM)",
        "kontak_telepon": null,
        "url_sumber": "https://www.openstreetmap.org/way/496543973",
        "tanggal_akses": "2026-08-05T07:33:37.864840+00:00",
        "osm_type": "way",
        "osm_id": "496543973",
        "jarak_ke_jalur_m": 683.1,
        "dalam_500m": false,
        "dalam_700m": true,
        "dalam_1000m": true,
        "layanan_terdekat": "MRT Jakarta",
        "latitude": -6.2019154,
        "longitude": 106.8163041,
        "google_maps_url": "https://www.google.com/maps/search/?api=1&query=Casa%20Domaine%20One%2C%20%3CNA%3E%2C%20Indonesia",
        "google_maps_pin_url": "https://www.google.com/maps/search/?api=1&query=-6.201915366369462%2C106.81630409882541",
        "google_directions_url": "https://www.google.com/maps/dir/?api=1&destination=-6.201915366369462%2C106.81630409882541",
        "tingkat_kepercayaan": "tinggi",
        "status_verifikasi": "kandidat AHR terkurasi dari OSM",
        "sumber_kontak": null
      },
      "geometry": {
        "type": "Point",
        "coordinates": [
          106.81630409882541,
          -6.201915366369462
        ]
      }
    },
    {
      "type": "Feature",
      "properties": {
        "nama_ahr": "Cibubur Village Apartment",
        "tipe_ahr": "apartments",
        "alamat": "Jl. Radar Auri, RT.8/RW.14",
        "status_sewa": "belum terverifikasi (kandidat OSM)",
        "kontak_telepon": null,
        "url_sumber": "https://www.openstreetmap.org/way/496830680",
        "tanggal_akses": "2026-08-05T07:33:37.864840+00:00",
        "osm_type": "way",
        "osm_id": "496830680",
        "jarak_ke_jalur_m": 813.2,
        "dalam_500m": false,
        "dalam_700m": false,
        "dalam_1000m": true,
        "layanan_terdekat": "LRT Jabodebek",
        "latitude": -6.3703265,
        "longitude": 106.887605,
        "google_maps_url": "https://www.google.com/maps/search/?api=1&query=Cibubur%20Village%20Apartment%2C%20Jl.%20Radar%20Auri%2C%20RT.8%2FRW.14%2C%20Indonesia",
        "google_maps_pin_url": "https://www.google.com/maps/search/?api=1&query=-6.370326500049194%2C106.88760495001628",
        "google_directions_url": "https://www.google.com/maps/dir/?api=1&destination=-6.370326500049194%2C106.88760495001628",
        "tingkat_kepercayaan": "tinggi",
        "status_verifikasi": "kandidat AHR terkurasi dari OSM",
        "sumber_kontak": null
      },
      "geometry": {
        "type": "Point",
        "coordinates": [
          106.88760495001628,
          -6.370326500049194
        ]
      }
    },
    {
      "type": "Feature",
      "properties": {
        "nama_ahr": "Mess PU Jalan Haryono V",
        "tipe_ahr": "apartments",
        "alamat": "<NA>",
        "status_sewa": "belum terverifikasi (kandidat OSM)",
        "kontak_telepon": null,
        "url_sumber": "https://www.openstreetmap.org/way/498424550",
        "tanggal_akses": "2026-08-05T07:33:37.864840+00:00",
        "osm_type": "way",
        "osm_id": "498424550",
        "jarak_ke_jalur_m": 381.8,
        "dalam_500m": true,
        "dalam_700m": true,
        "dalam_1000m": true,
        "layanan_terdekat": "MRT Jakarta",
        "latitude": -6.2857844,
        "longitude": 106.774043,
        "google_maps_url": "https://www.google.com/maps/search/?api=1&query=Mess%20PU%20Jalan%20Haryono%20V%2C%20%3CNA%3E%2C%20Indonesia",
        "google_maps_pin_url": "https://www.google.com/maps/search/?api=1&query=-6.285784400081214%2C106.77404297528341",
        "google_directions_url": "https://www.google.com/maps/dir/?api=1&destination=-6.285784400081214%2C106.77404297528341",
        "tingkat_kepercayaan": "tinggi",
        "status_verifikasi": "kandidat AHR terkurasi dari OSM",
        "sumber_kontak": null
      },
      "geometry": {
        "type": "Point",
        "coordinates": [
          106.77404297528341,
          -6.285784400081214
        ]
      }
    },
    {
      "type": "Feature",
      "properties": {
        "nama_ahr": "La Maison Barito",
        "tipe_ahr": "apartments",
        "alamat": "Jalan Barito II",
        "status_sewa": "belum terverifikasi (kandidat OSM)",
        "kontak_telepon": null,
        "url_sumber": "https://www.openstreetmap.org/way/498433328",
        "tanggal_akses": "2026-08-05T07:33:37.864840+00:00",
        "osm_type": "way",
        "osm_id": "498433328",
        "jarak_ke_jalur_m": 398.6,
        "dalam_500m": true,
        "dalam_700m": true,
        "dalam_1000m": true,
        "layanan_terdekat": "MRT Jakarta",
        "latitude": -6.2465446,
        "longitude": 106.7942918,
        "google_maps_url": "https://www.google.com/maps/search/?api=1&query=La%20Maison%20Barito%2C%20Jalan%20Barito%20II%2C%20Indonesia",
        "google_maps_pin_url": "https://www.google.com/maps/search/?api=1&query=-6.246544600093733%2C106.79429179995303",
        "google_directions_url": "https://www.google.com/maps/dir/?api=1&destination=-6.246544600093733%2C106.79429179995303",
        "tingkat_kepercayaan": "tinggi",
        "status_verifikasi": "kandidat AHR terkurasi dari OSM",
        "sumber_kontak": null
      },
      "geometry": {
        "type": "Point",
        "coordinates": [
          106.79429179995303,
          -6.246544600093733
        ]
      }
    },
    {
      "type": "Feature",
      "properties": {
        "nama_ahr": "Thamrin Residences",
        "tipe_ahr": "apartments",
        "alamat": "<NA>",
        "status_sewa": "belum terverifikasi (kandidat OSM)",
        "kontak_telepon": null,
        "url_sumber": "https://www.openstreetmap.org/way/498751669",
        "tanggal_akses": "2026-08-05T07:33:37.864840+00:00",
        "osm_type": "way",
        "osm_id": "498751669",
        "jarak_ke_jalur_m": 685.1,
        "dalam_500m": false,
        "dalam_700m": true,
        "dalam_1000m": true,
        "layanan_terdekat": "MRT Jakarta",
        "latitude": -6.1973013,
        "longitude": 106.8168814,
        "google_maps_url": "https://www.google.com/maps/search/?api=1&query=Thamrin%20Residences%2C%20%3CNA%3E%2C%20Indonesia",
        "google_maps_pin_url": "https://www.google.com/maps/search/?api=1&query=-6.197301286291849%2C106.81688136925983",
        "google_directions_url": "https://www.google.com/maps/dir/?api=1&destination=-6.197301286291849%2C106.81688136925983",
        "tingkat_kepercayaan": "tinggi",
        "status_verifikasi": "kandidat AHR terkurasi dari OSM",
        "sumber_kontak": null
      },
      "geometry": {
        "type": "Point",
        "coordinates": [
          106.81688136925983,
          -6.197301286291849
        ]
      }
    },
    {
      "type": "Feature",
      "properties": {
        "nama_ahr": "Somerset",
        "tipe_ahr": "apartments",
        "alamat": "<NA>",
        "status_sewa": "belum terverifikasi (kandidat OSM)",
        "kontak_telepon": null,
        "url_sumber": "https://www.openstreetmap.org/way/501899731",
        "tanggal_akses": "2026-08-05T07:33:37.864840+00:00",
        "osm_type": "way",
        "osm_id": "501899731",
        "jarak_ke_jalur_m": 641.9,
        "dalam_500m": false,
        "dalam_700m": true,
        "dalam_1000m": true,
        "layanan_terdekat": "MRT Jakarta",
        "latitude": -6.2110857,
        "longitude": 106.8134816,
        "google_maps_url": "https://www.google.com/maps/search/?api=1&query=Somerset%2C%20%3CNA%3E%2C%20Indonesia",
        "google_maps_pin_url": "https://www.google.com/maps/search/?api=1&query=-6.211085650096243%2C106.81348159852604",
        "google_directions_url": "https://www.google.com/maps/dir/?api=1&destination=-6.211085650096243%2C106.81348159852604",
        "tingkat_kepercayaan": "tinggi",
        "status_verifikasi": "kandidat AHR terkurasi dari OSM",
        "sumber_kontak": null
      },
      "geometry": {
        "type": "Point",
        "coordinates": [
          106.81348159852604,
          -6.211085650096243
        ]
      }
    },
    {
      "type": "Feature",
      "properties": {
        "nama_ahr": "Mess Cendrawasih",
        "tipe_ahr": "residential",
        "alamat": "<NA>",
        "status_sewa": "belum terverifikasi (kandidat OSM)",
        "kontak_telepon": null,
        "url_sumber": "https://www.openstreetmap.org/way/503700758",
        "tanggal_akses": "2026-08-05T07:33:37.864840+00:00",
        "osm_type": "way",
        "osm_id": "503700758",
        "jarak_ke_jalur_m": 480.3,
        "dalam_500m": true,
        "dalam_700m": true,
        "dalam_1000m": true,
        "layanan_terdekat": "LRT Jabodebek",
        "latitude": -6.2516166,
        "longitude": 106.8831436,
        "google_maps_url": "https://www.google.com/maps/search/?api=1&query=Mess%20Cendrawasih%2C%20%3CNA%3E%2C%20Indonesia",
        "google_maps_pin_url": "https://www.google.com/maps/search/?api=1&query=-6.251616593466479%2C106.88314355717309",
        "google_directions_url": "https://www.google.com/maps/dir/?api=1&destination=-6.251616593466479%2C106.88314355717309",
        "tingkat_kepercayaan": "menengah",
        "status_verifikasi": "kandidat AHR terkurasi dari OSM",
        "sumber_kontak": null
      },
      "geometry": {
        "type": "Point",
        "coordinates": [
          106.88314355717309,
          -6.251616593466479
        ]
      }
    },
    {
      "type": "Feature",
      "properties": {
        "nama_ahr": "Tower 2",
        "tipe_ahr": "apartments",
        "alamat": "<NA>",
        "status_sewa": "belum terverifikasi (kandidat OSM)",
        "kontak_telepon": null,
        "url_sumber": "https://www.openstreetmap.org/way/504934266",
        "tanggal_akses": "2026-08-05T07:33:37.864840+00:00",
        "osm_type": "way",
        "osm_id": "504934266",
        "jarak_ke_jalur_m": 741.5,
        "dalam_500m": false,
        "dalam_700m": false,
        "dalam_1000m": true,
        "layanan_terdekat": "MRT Jakarta",
        "latitude": -6.2988956,
        "longitude": 106.7845736,
        "google_maps_url": "https://www.google.com/maps/search/?api=1&query=Tower%202%2C%20%3CNA%3E%2C%20Indonesia",
        "google_maps_pin_url": "https://www.google.com/maps/search/?api=1&query=-6.298895638730778%2C106.78457362151649",
        "google_directions_url": "https://www.google.com/maps/dir/?api=1&destination=-6.298895638730778%2C106.78457362151649",
        "tingkat_kepercayaan": "tinggi",
        "status_verifikasi": "kandidat AHR terkurasi dari OSM",
        "sumber_kontak": null
      },
      "geometry": {
        "type": "Point",
        "coordinates": [
          106.78457362151649,
          -6.298895638730778
        ]
      }
    },
    {
      "type": "Feature",
      "properties": {
        "nama_ahr": "Tower 1",
        "tipe_ahr": "apartments",
        "alamat": "<NA>",
        "status_sewa": "belum terverifikasi (kandidat OSM)",
        "kontak_telepon": null,
        "url_sumber": "https://www.openstreetmap.org/way/504934327",
        "tanggal_akses": "2026-08-05T07:33:37.864840+00:00",
        "osm_type": "way",
        "osm_id": "504934327",
        "jarak_ke_jalur_m": 681.2,
        "dalam_500m": false,
        "dalam_700m": true,
        "dalam_1000m": true,
        "layanan_terdekat": "MRT Jakarta",
        "latitude": -6.2983553,
        "longitude": 106.7846532,
        "google_maps_url": "https://www.google.com/maps/search/?api=1&query=Tower%201%2C%20%3CNA%3E%2C%20Indonesia",
        "google_maps_pin_url": "https://www.google.com/maps/search/?api=1&query=-6.298355300010888%2C106.7846531647104",
        "google_directions_url": "https://www.google.com/maps/dir/?api=1&destination=-6.298355300010888%2C106.7846531647104",
        "tingkat_kepercayaan": "tinggi",
        "status_verifikasi": "kandidat AHR terkurasi dari OSM",
        "sumber_kontak": null
      },
      "geometry": {
        "type": "Point",
        "coordinates": [
          106.7846531647104,
          -6.298355300010888
        ]
      }
    },
    {
      "type": "Feature",
      "properties": {
        "nama_ahr": "Tower D",
        "tipe_ahr": "apartments",
        "alamat": "<NA>",
        "status_sewa": "belum terverifikasi (kandidat OSM)",
        "kontak_telepon": null,
        "url_sumber": "https://www.openstreetmap.org/way/504934330",
        "tanggal_akses": "2026-08-05T07:33:37.864840+00:00",
        "osm_type": "way",
        "osm_id": "504934330",
        "jarak_ke_jalur_m": 357.7,
        "dalam_500m": true,
        "dalam_700m": true,
        "dalam_1000m": true,
        "layanan_terdekat": "MRT Jakarta",
        "latitude": -6.2955226,
        "longitude": 106.7853925,
        "google_maps_url": "https://www.google.com/maps/search/?api=1&query=Tower%20D%2C%20%3CNA%3E%2C%20Indonesia",
        "google_maps_pin_url": "https://www.google.com/maps/search/?api=1&query=-6.295522649594053%2C106.7853925446383",
        "google_directions_url": "https://www.google.com/maps/dir/?api=1&destination=-6.295522649594053%2C106.7853925446383",
        "tingkat_kepercayaan": "tinggi",
        "status_verifikasi": "kandidat AHR terkurasi dari OSM",
        "sumber_kontak": null
      },
      "geometry": {
        "type": "Point",
        "coordinates": [
          106.7853925446383,
          -6.295522649594053
        ]
      }
    },
    {
      "type": "Feature",
      "properties": {
        "nama_ahr": "Cilandak Apartment",
        "tipe_ahr": "apartments",
        "alamat": "Jl. TB Simatupang",
        "status_sewa": "belum terverifikasi (kandidat OSM)",
        "kontak_telepon": null,
        "url_sumber": "https://www.openstreetmap.org/way/505433047",
        "tanggal_akses": "2026-08-05T07:33:37.864840+00:00",
        "osm_type": "way",
        "osm_id": "505433047",
        "jarak_ke_jalur_m": 575.1,
        "dalam_500m": false,
        "dalam_700m": true,
        "dalam_1000m": true,
        "layanan_terdekat": "MRT Jakarta",
        "latitude": -6.2911216,
        "longitude": 106.8004428,
        "google_maps_url": "https://www.google.com/maps/search/?api=1&query=Cilandak%20Apartment%2C%20Jl.%20TB%20Simatupang%2C%20Indonesia",
        "google_maps_pin_url": "https://www.google.com/maps/search/?api=1&query=-6.291121599991986%2C106.80044277371319",
        "google_directions_url": "https://www.google.com/maps/dir/?api=1&destination=-6.291121599991986%2C106.80044277371319",
        "tingkat_kepercayaan": "tinggi",
        "status_verifikasi": "kandidat AHR terkurasi dari OSM",
        "sumber_kontak": null
      },
      "geometry": {
        "type": "Point",
        "coordinates": [
          106.80044277371319,
          -6.291121599991986
        ]
      }
    },
    {
      "type": "Feature",
      "properties": {
        "nama_ahr": "Villa Wadas Asri no.5",
        "tipe_ahr": "house",
        "alamat": "Jalan Wadas 3",
        "status_sewa": "belum terverifikasi (kandidat OSM)",
        "kontak_telepon": null,
        "url_sumber": "https://www.openstreetmap.org/way/506143800",
        "tanggal_akses": "2026-08-05T07:33:37.864840+00:00",
        "osm_type": "way",
        "osm_id": "506143800",
        "jarak_ke_jalur_m": 212,
        "dalam_500m": true,
        "dalam_700m": true,
        "dalam_1000m": true,
        "layanan_terdekat": "LRT Jabodebek",
        "latitude": -6.2600741,
        "longitude": 106.9160229,
        "google_maps_url": "https://www.google.com/maps/search/?api=1&query=Villa%20Wadas%20Asri%20no.5%2C%20Jalan%20Wadas%203%2C%20Indonesia",
        "google_maps_pin_url": "https://www.google.com/maps/search/?api=1&query=-6.26007409991696%2C106.91602292327964",
        "google_directions_url": "https://www.google.com/maps/dir/?api=1&destination=-6.26007409991696%2C106.91602292327964",
        "tingkat_kepercayaan": "menengah",
        "status_verifikasi": "kandidat AHR terkurasi dari OSM",
        "sumber_kontak": null
      },
      "geometry": {
        "type": "Point",
        "coordinates": [
          106.91602292327964,
          -6.26007409991696
        ]
      }
    },
    {
      "type": "Feature",
      "properties": {
        "nama_ahr": "Fraser Residence",
        "tipe_ahr": "residential",
        "alamat": "<NA>",
        "status_sewa": "belum terverifikasi (kandidat OSM)",
        "kontak_telepon": null,
        "url_sumber": "https://www.openstreetmap.org/way/511887636",
        "tanggal_akses": "2026-08-05T07:33:37.864840+00:00",
        "osm_type": "way",
        "osm_id": "511887636",
        "jarak_ke_jalur_m": 265.8,
        "dalam_500m": true,
        "dalam_700m": true,
        "dalam_1000m": true,
        "layanan_terdekat": "MRT Jakarta",
        "latitude": -6.2100196,
        "longitude": 106.8239786,
        "google_maps_url": "https://www.google.com/maps/search/?api=1&query=Fraser%20Residence%2C%20%3CNA%3E%2C%20Indonesia",
        "google_maps_pin_url": "https://www.google.com/maps/search/?api=1&query=-6.210019600077736%2C106.82397855002564",
        "google_directions_url": "https://www.google.com/maps/dir/?api=1&destination=-6.210019600077736%2C106.82397855002564",
        "tingkat_kepercayaan": "menengah",
        "status_verifikasi": "kandidat AHR terkurasi dari OSM",
        "sumber_kontak": null
      },
      "geometry": {
        "type": "Point",
        "coordinates": [
          106.82397855002564,
          -6.210019600077736
        ]
      }
    },
    {
      "type": "Feature",
      "properties": {
        "nama_ahr": "Ascott Serviced Apartment",
        "tipe_ahr": "apartments",
        "alamat": "Jalan Prof. Dr. Satrio Kav 4-5",
        "status_sewa": "belum terverifikasi (kandidat OSM)",
        "kontak_telepon": null,
        "url_sumber": "https://www.openstreetmap.org/way/512873523",
        "tanggal_akses": "2026-08-05T07:33:37.864840+00:00",
        "osm_type": "way",
        "osm_id": "512873523",
        "jarak_ke_jalur_m": 990.4,
        "dalam_500m": false,
        "dalam_700m": false,
        "dalam_1000m": true,
        "layanan_terdekat": "LRT Jabodebek",
        "latitude": -6.22501,
        "longitude": 106.8238374,
        "google_maps_url": "https://www.google.com/maps/search/?api=1&query=Ascott%20Serviced%20Apartment%2C%20Jalan%20Prof.%20Dr.%20Satrio%20Kav%204-5%2C%20Indonesia",
        "google_maps_pin_url": "https://www.google.com/maps/search/?api=1&query=-6.225010046036608%2C106.8238374382018",
        "google_directions_url": "https://www.google.com/maps/dir/?api=1&destination=-6.225010046036608%2C106.8238374382018",
        "tingkat_kepercayaan": "tinggi",
        "status_verifikasi": "kandidat AHR terkurasi dari OSM",
        "sumber_kontak": null
      },
      "geometry": {
        "type": "Point",
        "coordinates": [
          106.8238374382018,
          -6.225010046036608
        ]
      }
    },
    {
      "type": "Feature",
      "properties": {
        "nama_ahr": "The Langham Hotel & Residence",
        "tipe_ahr": "residential",
        "alamat": "<NA>",
        "status_sewa": "belum terverifikasi (kandidat OSM)",
        "kontak_telepon": null,
        "url_sumber": "https://www.openstreetmap.org/way/513330871",
        "tanggal_akses": "2026-08-05T07:33:37.864840+00:00",
        "osm_type": "way",
        "osm_id": "513330871",
        "jarak_ke_jalur_m": 310.3,
        "dalam_500m": true,
        "dalam_700m": true,
        "dalam_1000m": true,
        "layanan_terdekat": "MRT Jakarta",
        "latitude": -6.2273569,
        "longitude": 106.8064353,
        "google_maps_url": "https://www.google.com/maps/search/?api=1&query=The%20Langham%20Hotel%20%26%20Residence%2C%20%3CNA%3E%2C%20Indonesia",
        "google_maps_pin_url": "https://www.google.com/maps/search/?api=1&query=-6.227356895202368%2C106.8064353049609",
        "google_directions_url": "https://www.google.com/maps/dir/?api=1&destination=-6.227356895202368%2C106.8064353049609",
        "tingkat_kepercayaan": "menengah",
        "status_verifikasi": "kandidat AHR terkurasi dari OSM",
        "sumber_kontak": null
      },
      "geometry": {
        "type": "Point",
        "coordinates": [
          106.8064353049609,
          -6.227356895202368
        ]
      }
    },
    {
      "type": "Feature",
      "properties": {
        "nama_ahr": "Residence 8 @ Senopati Tower A",
        "tipe_ahr": "residential",
        "alamat": "<NA>",
        "status_sewa": "belum terverifikasi (kandidat OSM)",
        "kontak_telepon": null,
        "url_sumber": "https://www.openstreetmap.org/way/513330874",
        "tanggal_akses": "2026-08-05T07:33:37.864840+00:00",
        "osm_type": "way",
        "osm_id": "513330874",
        "jarak_ke_jalur_m": 402.6,
        "dalam_500m": true,
        "dalam_700m": true,
        "dalam_1000m": true,
        "layanan_terdekat": "MRT Jakarta",
        "latitude": -6.2286381,
        "longitude": 106.8060892,
        "google_maps_url": "https://www.google.com/maps/search/?api=1&query=Residence%208%20%40%20Senopati%20Tower%20A%2C%20%3CNA%3E%2C%20Indonesia",
        "google_maps_pin_url": "https://www.google.com/maps/search/?api=1&query=-6.228638149989756%2C106.80608915815",
        "google_directions_url": "https://www.google.com/maps/dir/?api=1&destination=-6.228638149989756%2C106.80608915815",
        "tingkat_kepercayaan": "menengah",
        "status_verifikasi": "kandidat AHR terkurasi dari OSM",
        "sumber_kontak": null
      },
      "geometry": {
        "type": "Point",
        "coordinates": [
          106.80608915815,
          -6.228638149989756
        ]
      }
    },
    {
      "type": "Feature",
      "properties": {
        "nama_ahr": "Residence 8 @ Senopati Tower B",
        "tipe_ahr": "residential",
        "alamat": "<NA>",
        "status_sewa": "belum terverifikasi (kandidat OSM)",
        "kontak_telepon": null,
        "url_sumber": "https://www.openstreetmap.org/way/513330875",
        "tanggal_akses": "2026-08-05T07:33:37.864840+00:00",
        "osm_type": "way",
        "osm_id": "513330875",
        "jarak_ke_jalur_m": 464.5,
        "dalam_500m": true,
        "dalam_700m": true,
        "dalam_1000m": true,
        "layanan_terdekat": "MRT Jakarta",
        "latitude": -6.2290858,
        "longitude": 106.806425,
        "google_maps_url": "https://www.google.com/maps/search/?api=1&query=Residence%208%20%40%20Senopati%20Tower%20B%2C%20%3CNA%3E%2C%20Indonesia",
        "google_maps_pin_url": "https://www.google.com/maps/search/?api=1&query=-6.229085750081793%2C106.80642497965978",
        "google_directions_url": "https://www.google.com/maps/dir/?api=1&destination=-6.229085750081793%2C106.80642497965978",
        "tingkat_kepercayaan": "menengah",
        "status_verifikasi": "kandidat AHR terkurasi dari OSM",
        "sumber_kontak": null
      },
      "geometry": {
        "type": "Point",
        "coordinates": [
          106.80642497965978,
          -6.229085750081793
        ]
      }
    },
    {
      "type": "Feature",
      "properties": {
        "nama_ahr": "Eternity Apartment @ District 8",
        "tipe_ahr": "residential",
        "alamat": "<NA>",
        "status_sewa": "belum terverifikasi (kandidat OSM)",
        "kontak_telepon": null,
        "url_sumber": "https://www.openstreetmap.org/way/513330878",
        "tanggal_akses": "2026-08-05T07:33:37.864840+00:00",
        "osm_type": "way",
        "osm_id": "513330878",
        "jarak_ke_jalur_m": 583.1,
        "dalam_500m": false,
        "dalam_700m": true,
        "dalam_1000m": true,
        "layanan_terdekat": "MRT Jakarta",
        "latitude": -6.229885,
        "longitude": 106.8071495,
        "google_maps_url": "https://www.google.com/maps/search/?api=1&query=Eternity%20Apartment%20%40%20District%208%2C%20%3CNA%3E%2C%20Indonesia",
        "google_maps_pin_url": "https://www.google.com/maps/search/?api=1&query=-6.229885000012942%2C106.80714945419214",
        "google_directions_url": "https://www.google.com/maps/dir/?api=1&destination=-6.229885000012942%2C106.80714945419214",
        "tingkat_kepercayaan": "tinggi",
        "status_verifikasi": "kandidat AHR terkurasi dari OSM",
        "sumber_kontak": null
      },
      "geometry": {
        "type": "Point",
        "coordinates": [
          106.80714945419214,
          -6.229885000012942
        ]
      }
    },
    {
      "type": "Feature",
      "properties": {
        "nama_ahr": "Infinity Apartment @ District 8",
        "tipe_ahr": "residential",
        "alamat": "<NA>",
        "status_sewa": "belum terverifikasi (kandidat OSM)",
        "kontak_telepon": null,
        "url_sumber": "https://www.openstreetmap.org/way/513330880",
        "tanggal_akses": "2026-08-05T07:33:37.864840+00:00",
        "osm_type": "way",
        "osm_id": "513330880",
        "jarak_ke_jalur_m": 533.5,
        "dalam_500m": false,
        "dalam_700m": true,
        "dalam_1000m": true,
        "layanan_terdekat": "MRT Jakarta",
        "latitude": -6.2292382,
        "longitude": 106.8072816,
        "google_maps_url": "https://www.google.com/maps/search/?api=1&query=Infinity%20Apartment%20%40%20District%208%2C%20%3CNA%3E%2C%20Indonesia",
        "google_maps_pin_url": "https://www.google.com/maps/search/?api=1&query=-6.229238200008428%2C106.80728155410412",
        "google_directions_url": "https://www.google.com/maps/dir/?api=1&destination=-6.229238200008428%2C106.80728155410412",
        "tingkat_kepercayaan": "tinggi",
        "status_verifikasi": "kandidat AHR terkurasi dari OSM",
        "sumber_kontak": null
      },
      "geometry": {
        "type": "Point",
        "coordinates": [
          106.80728155410412,
          -6.229238200008428
        ]
      }
    },
    {
      "type": "Feature",
      "properties": {
        "nama_ahr": "Hampton's Park Apartemen",
        "tipe_ahr": "apartments",
        "alamat": "<NA>",
        "status_sewa": "belum terverifikasi (kandidat OSM)",
        "kontak_telepon": null,
        "url_sumber": "https://www.openstreetmap.org/way/516552986",
        "tanggal_akses": "2026-08-05T07:33:37.864840+00:00",
        "osm_type": "way",
        "osm_id": "516552986",
        "jarak_ke_jalur_m": 576.6,
        "dalam_500m": false,
        "dalam_700m": true,
        "dalam_1000m": true,
        "layanan_terdekat": "MRT Jakarta",
        "latitude": -6.2826073,
        "longitude": 106.7908107,
        "google_maps_url": "https://www.google.com/maps/search/?api=1&query=Hampton's%20Park%20Apartemen%2C%20%3CNA%3E%2C%20Indonesia",
        "google_maps_pin_url": "https://www.google.com/maps/search/?api=1&query=-6.282607299997202%2C106.79081066607502",
        "google_directions_url": "https://www.google.com/maps/dir/?api=1&destination=-6.282607299997202%2C106.79081066607502",
        "tingkat_kepercayaan": "tinggi",
        "status_verifikasi": "kandidat AHR terkurasi dari OSM",
        "sumber_kontak": null
      },
      "geometry": {
        "type": "Point",
        "coordinates": [
          106.79081066607502,
          -6.282607299997202
        ]
      }
    },
    {
      "type": "Feature",
      "properties": {
        "nama_ahr": "Tower C",
        "tipe_ahr": "apartments",
        "alamat": "<NA>",
        "status_sewa": "belum terverifikasi (kandidat OSM)",
        "kontak_telepon": null,
        "url_sumber": "https://www.openstreetmap.org/way/520232143",
        "tanggal_akses": "2026-08-05T07:33:37.864840+00:00",
        "osm_type": "way",
        "osm_id": "520232143",
        "jarak_ke_jalur_m": 983.5,
        "dalam_500m": false,
        "dalam_700m": false,
        "dalam_1000m": true,
        "layanan_terdekat": "MRT Jakarta",
        "latitude": -6.2465344,
        "longitude": 106.7889651,
        "google_maps_url": "https://www.google.com/maps/search/?api=1&query=Tower%20C%2C%20%3CNA%3E%2C%20Indonesia",
        "google_maps_pin_url": "https://www.google.com/maps/search/?api=1&query=-6.2465343694166%2C106.78896514754977",
        "google_directions_url": "https://www.google.com/maps/dir/?api=1&destination=-6.2465343694166%2C106.78896514754977",
        "tingkat_kepercayaan": "tinggi",
        "status_verifikasi": "kandidat AHR terkurasi dari OSM",
        "sumber_kontak": null
      },
      "geometry": {
        "type": "Point",
        "coordinates": [
          106.78896514754977,
          -6.2465343694166
        ]
      }
    },
    {
      "type": "Feature",
      "properties": {
        "nama_ahr": "RA Residence",
        "tipe_ahr": "apartments",
        "alamat": "intan ujung C 10",
        "status_sewa": "belum terverifikasi (kandidat OSM)",
        "kontak_telepon": null,
        "url_sumber": "https://www.openstreetmap.org/way/521194117",
        "tanggal_akses": "2026-08-05T07:33:37.864840+00:00",
        "osm_type": "way",
        "osm_id": "521194117",
        "jarak_ke_jalur_m": 827.2,
        "dalam_500m": false,
        "dalam_700m": false,
        "dalam_1000m": true,
        "layanan_terdekat": "MRT Jakarta",
        "latitude": -6.2936287,
        "longitude": 106.8022672,
        "google_maps_url": "https://www.google.com/maps/search/?api=1&query=RA%20Residence%2C%20intan%20ujung%20C%2010%2C%20Indonesia",
        "google_maps_pin_url": "https://www.google.com/maps/search/?api=1&query=-6.293628699992348%2C106.80226715781617",
        "google_directions_url": "https://www.google.com/maps/dir/?api=1&destination=-6.293628699992348%2C106.80226715781617",
        "tingkat_kepercayaan": "tinggi",
        "status_verifikasi": "kandidat AHR terkurasi dari OSM",
        "sumber_kontak": null
      },
      "geometry": {
        "type": "Point",
        "coordinates": [
          106.80226715781617,
          -6.293628699992348
        ]
      }
    },
    {
      "type": "Feature",
      "properties": {
        "nama_ahr": "Rumah Susun Kementerian PUPR",
        "tipe_ahr": "apartments",
        "alamat": "Jalan Sapta Taruna II Dalam",
        "status_sewa": "belum terverifikasi (kandidat OSM)",
        "kontak_telepon": null,
        "url_sumber": "https://www.openstreetmap.org/way/521454652",
        "tanggal_akses": "2026-08-05T07:33:37.864840+00:00",
        "osm_type": "way",
        "osm_id": "521454652",
        "jarak_ke_jalur_m": 244.5,
        "dalam_500m": true,
        "dalam_700m": true,
        "dalam_1000m": true,
        "layanan_terdekat": "MRT Jakarta",
        "latitude": -6.2870043,
        "longitude": 106.772931,
        "google_maps_url": "https://www.google.com/maps/search/?api=1&query=Rumah%20Susun%20Kementerian%20PUPR%2C%20Jalan%20Sapta%20Taruna%20II%20Dalam%2C%20Indonesia",
        "google_maps_pin_url": "https://www.google.com/maps/search/?api=1&query=-6.287004296277678%2C106.7729309532501",
        "google_directions_url": "https://www.google.com/maps/dir/?api=1&destination=-6.287004296277678%2C106.7729309532501",
        "tingkat_kepercayaan": "tinggi",
        "status_verifikasi": "kandidat AHR terkurasi dari OSM",
        "sumber_kontak": null
      },
      "geometry": {
        "type": "Point",
        "coordinates": [
          106.7729309532501,
          -6.287004296277678
        ]
      }
    },
    {
      "type": "Feature",
      "properties": {
        "nama_ahr": "The East",
        "tipe_ahr": "apartments",
        "alamat": "<NA>",
        "status_sewa": "belum terverifikasi (kandidat OSM)",
        "kontak_telepon": null,
        "url_sumber": "https://www.openstreetmap.org/way/528035222",
        "tanggal_akses": "2026-08-05T07:33:37.864840+00:00",
        "osm_type": "way",
        "osm_id": "528035222",
        "jarak_ke_jalur_m": 952.8,
        "dalam_500m": false,
        "dalam_700m": false,
        "dalam_1000m": true,
        "layanan_terdekat": "MRT Jakarta",
        "latitude": -6.2579354,
        "longitude": 106.8055982,
        "google_maps_url": "https://www.google.com/maps/search/?api=1&query=The%20East%2C%20%3CNA%3E%2C%20Indonesia",
        "google_maps_pin_url": "https://www.google.com/maps/search/?api=1&query=-6.257935432407248%2C106.8055981573465",
        "google_directions_url": "https://www.google.com/maps/dir/?api=1&destination=-6.257935432407248%2C106.8055981573465",
        "tingkat_kepercayaan": "tinggi",
        "status_verifikasi": "kandidat AHR terkurasi dari OSM",
        "sumber_kontak": null
      },
      "geometry": {
        "type": "Point",
        "coordinates": [
          106.8055981573465,
          -6.257935432407248
        ]
      }
    },
    {
      "type": "Feature",
      "properties": {
        "nama_ahr": "LBP Residence",
        "tipe_ahr": "residential",
        "alamat": "Jalan Haji Jian 83A",
        "status_sewa": "belum terverifikasi (kandidat OSM)",
        "kontak_telepon": null,
        "url_sumber": "https://www.openstreetmap.org/way/529345915",
        "tanggal_akses": "2026-08-05T07:33:37.864840+00:00",
        "osm_type": "way",
        "osm_id": "529345915",
        "jarak_ke_jalur_m": 750.7,
        "dalam_500m": false,
        "dalam_700m": false,
        "dalam_1000m": true,
        "layanan_terdekat": "MRT Jakarta",
        "latitude": -6.2636669,
        "longitude": 106.8040997,
        "google_maps_url": "https://www.google.com/maps/search/?api=1&query=LBP%20Residence%2C%20Jalan%20Haji%20Jian%2083A%2C%20Indonesia",
        "google_maps_pin_url": "https://www.google.com/maps/search/?api=1&query=-6.263666900569183%2C106.80409968977243",
        "google_directions_url": "https://www.google.com/maps/dir/?api=1&destination=-6.263666900569183%2C106.80409968977243",
        "tingkat_kepercayaan": "menengah",
        "status_verifikasi": "kandidat AHR terkurasi dari OSM",
        "sumber_kontak": null
      },
      "geometry": {
        "type": "Point",
        "coordinates": [
          106.80409968977243,
          -6.263666900569183
        ]
      }
    },
    {
      "type": "Feature",
      "properties": {
        "nama_ahr": "The South",
        "tipe_ahr": "apartments",
        "alamat": "<NA>",
        "status_sewa": "belum terverifikasi (kandidat OSM)",
        "kontak_telepon": null,
        "url_sumber": "https://www.openstreetmap.org/way/539143814",
        "tanggal_akses": "2026-08-05T07:33:37.864840+00:00",
        "osm_type": "way",
        "osm_id": "539143814",
        "jarak_ke_jalur_m": 827.5,
        "dalam_500m": false,
        "dalam_700m": false,
        "dalam_1000m": true,
        "layanan_terdekat": "MRT Jakarta",
        "latitude": -6.2587779,
        "longitude": 106.8043787,
        "google_maps_url": "https://www.google.com/maps/search/?api=1&query=The%20South%2C%20%3CNA%3E%2C%20Indonesia",
        "google_maps_pin_url": "https://www.google.com/maps/search/?api=1&query=-6.258777850043576%2C106.80437865701053",
        "google_directions_url": "https://www.google.com/maps/dir/?api=1&destination=-6.258777850043576%2C106.80437865701053",
        "tingkat_kepercayaan": "tinggi",
        "status_verifikasi": "kandidat AHR terkurasi dari OSM",
        "sumber_kontak": null
      },
      "geometry": {
        "type": "Point",
        "coordinates": [
          106.80437865701053,
          -6.258777850043576
        ]
      }
    },
    {
      "type": "Feature",
      "properties": {
        "nama_ahr": "Eminence",
        "tipe_ahr": "apartments",
        "alamat": "<NA>",
        "status_sewa": "belum terverifikasi (kandidat OSM)",
        "kontak_telepon": null,
        "url_sumber": "https://www.openstreetmap.org/way/539143816",
        "tanggal_akses": "2026-08-05T07:33:37.864840+00:00",
        "osm_type": "way",
        "osm_id": "539143816",
        "jarak_ke_jalur_m": 864.6,
        "dalam_500m": false,
        "dalam_700m": false,
        "dalam_1000m": true,
        "layanan_terdekat": "MRT Jakarta",
        "latitude": -6.2593449,
        "longitude": 106.8046636,
        "google_maps_url": "https://www.google.com/maps/search/?api=1&query=Eminence%2C%20%3CNA%3E%2C%20Indonesia",
        "google_maps_pin_url": "https://www.google.com/maps/search/?api=1&query=-6.259344894693424%2C106.80466358083007",
        "google_directions_url": "https://www.google.com/maps/dir/?api=1&destination=-6.259344894693424%2C106.80466358083007",
        "tingkat_kepercayaan": "tinggi",
        "status_verifikasi": "kandidat AHR terkurasi dari OSM",
        "sumber_kontak": null
      },
      "geometry": {
        "type": "Point",
        "coordinates": [
          106.80466358083007,
          -6.259344894693424
        ]
      }
    },
    {
      "type": "Feature",
      "properties": {
        "nama_ahr": "Tower A",
        "tipe_ahr": "apartments",
        "alamat": "<NA>",
        "status_sewa": "belum terverifikasi (kandidat OSM)",
        "kontak_telepon": null,
        "url_sumber": "https://www.openstreetmap.org/way/561043953",
        "tanggal_akses": "2026-08-05T07:33:37.864840+00:00",
        "osm_type": "way",
        "osm_id": "561043953",
        "jarak_ke_jalur_m": 446.8,
        "dalam_500m": true,
        "dalam_700m": true,
        "dalam_1000m": true,
        "layanan_terdekat": "MRT Jakarta",
        "latitude": -6.2052293,
        "longitude": 106.8181827,
        "google_maps_url": "https://www.google.com/maps/search/?api=1&query=Tower%20A%2C%20%3CNA%3E%2C%20Indonesia",
        "google_maps_pin_url": "https://www.google.com/maps/search/?api=1&query=-6.205229250882659%2C106.81818269026843",
        "google_directions_url": "https://www.google.com/maps/dir/?api=1&destination=-6.205229250882659%2C106.81818269026843",
        "tingkat_kepercayaan": "tinggi",
        "status_verifikasi": "kandidat AHR terkurasi dari OSM",
        "sumber_kontak": null
      },
      "geometry": {
        "type": "Point",
        "coordinates": [
          106.81818269026843,
          -6.205229250882659
        ]
      }
    },
    {
      "type": "Feature",
      "properties": {
        "nama_ahr": "Tower B",
        "tipe_ahr": "apartments",
        "alamat": "<NA>",
        "status_sewa": "belum terverifikasi (kandidat OSM)",
        "kontak_telepon": null,
        "url_sumber": "https://www.openstreetmap.org/way/561043954",
        "tanggal_akses": "2026-08-05T07:33:37.864840+00:00",
        "osm_type": "way",
        "osm_id": "561043954",
        "jarak_ke_jalur_m": 412.1,
        "dalam_500m": true,
        "dalam_700m": true,
        "dalam_1000m": true,
        "layanan_terdekat": "MRT Jakarta",
        "latitude": -6.2061603,
        "longitude": 106.8183923,
        "google_maps_url": "https://www.google.com/maps/search/?api=1&query=Tower%20B%2C%20%3CNA%3E%2C%20Indonesia",
        "google_maps_pin_url": "https://www.google.com/maps/search/?api=1&query=-6.206160284301557%2C106.81839234627967",
        "google_directions_url": "https://www.google.com/maps/dir/?api=1&destination=-6.206160284301557%2C106.81839234627967",
        "tingkat_kepercayaan": "tinggi",
        "status_verifikasi": "kandidat AHR terkurasi dari OSM",
        "sumber_kontak": null
      },
      "geometry": {
        "type": "Point",
        "coordinates": [
          106.81839234627967,
          -6.206160284301557
        ]
      }
    },
    {
      "type": "Feature",
      "properties": {
        "nama_ahr": "Cempaka Tower",
        "tipe_ahr": "apartments",
        "alamat": "Jalan H. Mulyadi Joyomartono",
        "status_sewa": "belum terverifikasi (kandidat OSM)",
        "kontak_telepon": null,
        "url_sumber": "https://www.openstreetmap.org/way/604180085",
        "tanggal_akses": "2026-08-05T07:33:37.864840+00:00",
        "osm_type": "way",
        "osm_id": "604180085",
        "jarak_ke_jalur_m": 51.3,
        "dalam_500m": true,
        "dalam_700m": true,
        "dalam_1000m": true,
        "layanan_terdekat": "LRT Jabodebek",
        "latitude": -6.2628437,
        "longitude": 107.0195319,
        "google_maps_url": "https://www.google.com/maps/search/?api=1&query=Cempaka%20Tower%2C%20Jalan%20H.%20Mulyadi%20Joyomartono%2C%20Indonesia",
        "google_maps_pin_url": "https://www.google.com/maps/search/?api=1&query=-6.262843710939989%2C107.01953186682309",
        "google_directions_url": "https://www.google.com/maps/dir/?api=1&destination=-6.262843710939989%2C107.01953186682309",
        "tingkat_kepercayaan": "tinggi",
        "status_verifikasi": "kandidat AHR terkurasi dari OSM",
        "sumber_kontak": null
      },
      "geometry": {
        "type": "Point",
        "coordinates": [
          107.01953186682309,
          -6.262843710939989
        ]
      }
    },
    {
      "type": "Feature",
      "properties": {
        "nama_ahr": "Sudirman Park Connecting Building",
        "tipe_ahr": "apartments",
        "alamat": "<NA>",
        "status_sewa": "belum terverifikasi (kandidat OSM)",
        "kontak_telepon": null,
        "url_sumber": "https://www.openstreetmap.org/way/655011393",
        "tanggal_akses": "2026-08-05T07:33:37.864840+00:00",
        "osm_type": "way",
        "osm_id": "655011393",
        "jarak_ke_jalur_m": 431.6,
        "dalam_500m": true,
        "dalam_700m": true,
        "dalam_1000m": true,
        "layanan_terdekat": "MRT Jakarta",
        "latitude": -6.2056437,
        "longitude": 106.8182756,
        "google_maps_url": "https://www.google.com/maps/search/?api=1&query=Sudirman%20Park%20Connecting%20Building%2C%20%3CNA%3E%2C%20Indonesia",
        "google_maps_pin_url": "https://www.google.com/maps/search/?api=1&query=-6.205643696962722%2C106.81827564126255",
        "google_directions_url": "https://www.google.com/maps/dir/?api=1&destination=-6.205643696962722%2C106.81827564126255",
        "tingkat_kepercayaan": "tinggi",
        "status_verifikasi": "kandidat AHR terkurasi dari OSM",
        "sumber_kontak": null
      },
      "geometry": {
        "type": "Point",
        "coordinates": [
          106.81827564126255,
          -6.205643696962722
        ]
      }
    },
    {
      "type": "Feature",
      "properties": {
        "nama_ahr": "Tower 2/3",
        "tipe_ahr": "apartments",
        "alamat": "<NA>",
        "status_sewa": "belum terverifikasi (kandidat OSM)",
        "kontak_telepon": null,
        "url_sumber": "https://www.openstreetmap.org/way/655783618",
        "tanggal_akses": "2026-08-05T07:33:37.864840+00:00",
        "osm_type": "way",
        "osm_id": "655783618",
        "jarak_ke_jalur_m": 200.5,
        "dalam_500m": true,
        "dalam_700m": true,
        "dalam_1000m": true,
        "layanan_terdekat": "MRT Jakarta",
        "latitude": -6.2078125,
        "longitude": 106.8201003,
        "google_maps_url": "https://www.google.com/maps/search/?api=1&query=Tower%202%2F3%2C%20%3CNA%3E%2C%20Indonesia",
        "google_maps_pin_url": "https://www.google.com/maps/search/?api=1&query=-6.207812450005001%2C106.82010034862714",
        "google_directions_url": "https://www.google.com/maps/dir/?api=1&destination=-6.207812450005001%2C106.82010034862714",
        "tingkat_kepercayaan": "tinggi",
        "status_verifikasi": "kandidat AHR terkurasi dari OSM",
        "sumber_kontak": null
      },
      "geometry": {
        "type": "Point",
        "coordinates": [
          106.82010034862714,
          -6.207812450005001
        ]
      }
    },
    {
      "type": "Feature",
      "properties": {
        "nama_ahr": "Tower 1",
        "tipe_ahr": "apartments",
        "alamat": "<NA>",
        "status_sewa": "belum terverifikasi (kandidat OSM)",
        "kontak_telepon": null,
        "url_sumber": "https://www.openstreetmap.org/way/655783619",
        "tanggal_akses": "2026-08-05T07:33:37.864840+00:00",
        "osm_type": "way",
        "osm_id": "655783619",
        "jarak_ke_jalur_m": 190.9,
        "dalam_500m": true,
        "dalam_700m": true,
        "dalam_1000m": true,
        "layanan_terdekat": "MRT Jakarta",
        "latitude": -6.2072543,
        "longitude": 106.820288,
        "google_maps_url": "https://www.google.com/maps/search/?api=1&query=Tower%201%2C%20%3CNA%3E%2C%20Indonesia",
        "google_maps_pin_url": "https://www.google.com/maps/search/?api=1&query=-6.207254342697914%2C106.82028803745655",
        "google_directions_url": "https://www.google.com/maps/dir/?api=1&destination=-6.207254342697914%2C106.82028803745655",
        "tingkat_kepercayaan": "tinggi",
        "status_verifikasi": "kandidat AHR terkurasi dari OSM",
        "sumber_kontak": null
      },
      "geometry": {
        "type": "Point",
        "coordinates": [
          106.82028803745655,
          -6.207254342697914
        ]
      }
    },
    {
      "type": "Feature",
      "properties": {
        "nama_ahr": "Apartemen Pavilion",
        "tipe_ahr": "hunian",
        "alamat": "Jalan KH. Mas Mansyur",
        "status_sewa": "belum terverifikasi (kandidat OSM)",
        "kontak_telepon": null,
        "url_sumber": "https://www.openstreetmap.org/way/656473456",
        "tanggal_akses": "2026-08-05T07:33:37.864840+00:00",
        "osm_type": "way",
        "osm_id": "656473456",
        "jarak_ke_jalur_m": 418.5,
        "dalam_500m": true,
        "dalam_700m": true,
        "dalam_1000m": true,
        "layanan_terdekat": "MRT Jakarta",
        "latitude": -6.2073807,
        "longitude": 106.8181776,
        "google_maps_url": "https://www.google.com/maps/search/?api=1&query=Apartemen%20Pavilion%2C%20Jalan%20KH.%20Mas%20Mansyur%2C%20Indonesia",
        "google_maps_pin_url": "https://www.google.com/maps/search/?api=1&query=-6.207380706385121%2C106.81817758122534",
        "google_directions_url": "https://www.google.com/maps/dir/?api=1&destination=-6.207380706385121%2C106.81817758122534",
        "tingkat_kepercayaan": "tinggi",
        "status_verifikasi": "kandidat AHR terkurasi dari OSM",
        "sumber_kontak": null
      },
      "geometry": {
        "type": "Point",
        "coordinates": [
          106.81817758122534,
          -6.207380706385121
        ]
      }
    },
    {
      "type": "Feature",
      "properties": {
        "nama_ahr": "Somerset Grand Citra",
        "tipe_ahr": "apartments",
        "alamat": "<NA>",
        "status_sewa": "belum terverifikasi (kandidat OSM)",
        "kontak_telepon": null,
        "url_sumber": "https://www.openstreetmap.org/way/659250422",
        "tanggal_akses": "2026-08-05T07:33:37.864840+00:00",
        "osm_type": "way",
        "osm_id": "659250422",
        "jarak_ke_jalur_m": 863.5,
        "dalam_500m": false,
        "dalam_700m": false,
        "dalam_1000m": true,
        "layanan_terdekat": "LRT Jabodebek",
        "latitude": -6.2242762,
        "longitude": 106.8248355,
        "google_maps_url": "https://www.google.com/maps/search/?api=1&query=Somerset%20Grand%20Citra%2C%20%3CNA%3E%2C%20Indonesia",
        "google_maps_pin_url": "https://www.google.com/maps/search/?api=1&query=-6.224276151798819%2C106.82483554453057",
        "google_directions_url": "https://www.google.com/maps/dir/?api=1&destination=-6.224276151798819%2C106.82483554453057",
        "tingkat_kepercayaan": "tinggi",
        "status_verifikasi": "kandidat AHR terkurasi dari OSM",
        "sumber_kontak": null
      },
      "geometry": {
        "type": "Point",
        "coordinates": [
          106.82483554453057,
          -6.224276151798819
        ]
      }
    },
    {
      "type": "Feature",
      "properties": {
        "nama_ahr": "Menara Biduri I",
        "tipe_ahr": "apartments",
        "alamat": "<NA>",
        "status_sewa": "belum terverifikasi (kandidat OSM)",
        "kontak_telepon": null,
        "url_sumber": "https://www.openstreetmap.org/way/675453651",
        "tanggal_akses": "2026-08-05T07:33:37.864840+00:00",
        "osm_type": "way",
        "osm_id": "675453651",
        "jarak_ke_jalur_m": 160.7,
        "dalam_500m": true,
        "dalam_700m": true,
        "dalam_1000m": true,
        "layanan_terdekat": "MRT Jakarta",
        "latitude": -6.2909225,
        "longitude": 106.7865737,
        "google_maps_url": "https://www.google.com/maps/search/?api=1&query=Menara%20Biduri%20I%2C%20%3CNA%3E%2C%20Indonesia",
        "google_maps_pin_url": "https://www.google.com/maps/search/?api=1&query=-6.290922533703787%2C106.78657367231709",
        "google_directions_url": "https://www.google.com/maps/dir/?api=1&destination=-6.290922533703787%2C106.78657367231709",
        "tingkat_kepercayaan": "tinggi",
        "status_verifikasi": "kandidat AHR terkurasi dari OSM",
        "sumber_kontak": null
      },
      "geometry": {
        "type": "Point",
        "coordinates": [
          106.78657367231709,
          -6.290922533703787
        ]
      }
    },
    {
      "type": "Feature",
      "properties": {
        "nama_ahr": "Apartemen Beverly Tower",
        "tipe_ahr": "apartments",
        "alamat": "<NA>",
        "status_sewa": "belum terverifikasi (kandidat OSM)",
        "kontak_telepon": null,
        "url_sumber": "https://www.openstreetmap.org/way/675453652",
        "tanggal_akses": "2026-08-05T07:33:37.864840+00:00",
        "osm_type": "way",
        "osm_id": "675453652",
        "jarak_ke_jalur_m": 140.8,
        "dalam_500m": true,
        "dalam_700m": true,
        "dalam_1000m": true,
        "layanan_terdekat": "MRT Jakarta",
        "latitude": -6.2910846,
        "longitude": 106.7864326,
        "google_maps_url": "https://www.google.com/maps/search/?api=1&query=Apartemen%20Beverly%20Tower%2C%20%3CNA%3E%2C%20Indonesia",
        "google_maps_pin_url": "https://www.google.com/maps/search/?api=1&query=-6.291084613120344%2C106.7864326106293",
        "google_directions_url": "https://www.google.com/maps/dir/?api=1&destination=-6.291084613120344%2C106.7864326106293",
        "tingkat_kepercayaan": "tinggi",
        "status_verifikasi": "kandidat AHR terkurasi dari OSM",
        "sumber_kontak": null
      },
      "geometry": {
        "type": "Point",
        "coordinates": [
          106.7864326106293,
          -6.291084613120344
        ]
      }
    },
    {
      "type": "Feature",
      "properties": {
        "nama_ahr": "Apartemen Pati Polri Presisi",
        "tipe_ahr": "hunian",
        "alamat": "<NA>",
        "status_sewa": "belum terverifikasi (kandidat OSM)",
        "kontak_telepon": null,
        "url_sumber": "https://www.openstreetmap.org/way/759284945",
        "tanggal_akses": "2026-08-05T07:33:37.864840+00:00",
        "osm_type": "way",
        "osm_id": "759284945",
        "jarak_ke_jalur_m": 500.1,
        "dalam_500m": false,
        "dalam_700m": true,
        "dalam_1000m": true,
        "layanan_terdekat": "MRT Jakarta",
        "latitude": -6.2509256,
        "longitude": 106.8020271,
        "google_maps_url": "https://www.google.com/maps/search/?api=1&query=Apartemen%20Pati%20Polri%20Presisi%2C%20%3CNA%3E%2C%20Indonesia",
        "google_maps_pin_url": "https://www.google.com/maps/search/?api=1&query=-6.250925605446212%2C106.80202705934927",
        "google_directions_url": "https://www.google.com/maps/dir/?api=1&destination=-6.250925605446212%2C106.80202705934927",
        "tingkat_kepercayaan": "tinggi",
        "status_verifikasi": "kandidat AHR terkurasi dari OSM",
        "sumber_kontak": null
      },
      "geometry": {
        "type": "Point",
        "coordinates": [
          106.80202705934927,
          -6.250925605446212
        ]
      }
    },
    {
      "type": "Feature",
      "properties": {
        "nama_ahr": "Apartemen Pati Polri Presisi",
        "tipe_ahr": "apartments",
        "alamat": "<NA>",
        "status_sewa": "belum terverifikasi (kandidat OSM)",
        "kontak_telepon": null,
        "url_sumber": "https://www.openstreetmap.org/way/759284948",
        "tanggal_akses": "2026-08-05T07:33:37.864840+00:00",
        "osm_type": "way",
        "osm_id": "759284948",
        "jarak_ke_jalur_m": 500.5,
        "dalam_500m": false,
        "dalam_700m": true,
        "dalam_1000m": true,
        "layanan_terdekat": "MRT Jakarta",
        "latitude": -6.2509334,
        "longitude": 106.80203,
        "google_maps_url": "https://www.google.com/maps/search/?api=1&query=Apartemen%20Pati%20Polri%20Presisi%2C%20%3CNA%3E%2C%20Indonesia",
        "google_maps_pin_url": "https://www.google.com/maps/search/?api=1&query=-6.250933365451466%2C106.80202996238894",
        "google_directions_url": "https://www.google.com/maps/dir/?api=1&destination=-6.250933365451466%2C106.80202996238894",
        "tingkat_kepercayaan": "tinggi",
        "status_verifikasi": "kandidat AHR terkurasi dari OSM",
        "sumber_kontak": null
      },
      "geometry": {
        "type": "Point",
        "coordinates": [
          106.80202996238894,
          -6.250933365451466
        ]
      }
    },
    {
      "type": "Feature",
      "properties": {
        "nama_ahr": "Clove Tower",
        "tipe_ahr": "apartments",
        "alamat": "<NA>",
        "status_sewa": "belum terverifikasi (kandidat OSM)",
        "kontak_telepon": null,
        "url_sumber": "https://www.openstreetmap.org/way/815500755",
        "tanggal_akses": "2026-08-05T07:33:37.864840+00:00",
        "osm_type": "way",
        "osm_id": "815500755",
        "jarak_ke_jalur_m": 141.2,
        "dalam_500m": true,
        "dalam_700m": true,
        "dalam_1000m": true,
        "layanan_terdekat": "LRT Jabodebek",
        "latitude": -6.2617945,
        "longitude": 107.0190027,
        "google_maps_url": "https://www.google.com/maps/search/?api=1&query=Clove%20Tower%2C%20%3CNA%3E%2C%20Indonesia",
        "google_maps_pin_url": "https://www.google.com/maps/search/?api=1&query=-6.2617945239943%2C107.01900271449897",
        "google_directions_url": "https://www.google.com/maps/dir/?api=1&destination=-6.2617945239943%2C107.01900271449897",
        "tingkat_kepercayaan": "tinggi",
        "status_verifikasi": "kandidat AHR terkurasi dari OSM",
        "sumber_kontak": null
      },
      "geometry": {
        "type": "Point",
        "coordinates": [
          107.01900271449897,
          -6.2617945239943
        ]
      }
    },
    {
      "type": "Feature",
      "properties": {
        "nama_ahr": "Primrose Tower",
        "tipe_ahr": "apartments",
        "alamat": "<NA>",
        "status_sewa": "belum terverifikasi (kandidat OSM)",
        "kontak_telepon": null,
        "url_sumber": "https://www.openstreetmap.org/way/815500756",
        "tanggal_akses": "2026-08-05T07:33:37.864840+00:00",
        "osm_type": "way",
        "osm_id": "815500756",
        "jarak_ke_jalur_m": 141.6,
        "dalam_500m": true,
        "dalam_700m": true,
        "dalam_1000m": true,
        "layanan_terdekat": "LRT Jabodebek",
        "latitude": -6.2620901,
        "longitude": 107.01985,
        "google_maps_url": "https://www.google.com/maps/search/?api=1&query=Primrose%20Tower%2C%20%3CNA%3E%2C%20Indonesia",
        "google_maps_pin_url": "https://www.google.com/maps/search/?api=1&query=-6.262090052358065%2C107.01985001727493",
        "google_directions_url": "https://www.google.com/maps/dir/?api=1&destination=-6.262090052358065%2C107.01985001727493",
        "tingkat_kepercayaan": "tinggi",
        "status_verifikasi": "kandidat AHR terkurasi dari OSM",
        "sumber_kontak": null
      },
      "geometry": {
        "type": "Point",
        "coordinates": [
          107.01985001727493,
          -6.262090052358065
        ]
      }
    },
    {
      "type": "Feature",
      "properties": {
        "nama_ahr": "Arumaya Residences",
        "tipe_ahr": "hunian",
        "alamat": "<NA>",
        "status_sewa": "belum terverifikasi (kandidat OSM)",
        "kontak_telepon": "021 2782 5800",
        "url_sumber": "https://www.openstreetmap.org/way/815882621",
        "tanggal_akses": "2026-08-05T07:33:37.864840+00:00",
        "osm_type": "way",
        "osm_id": "815882621",
        "jarak_ke_jalur_m": 124.5,
        "dalam_500m": true,
        "dalam_700m": true,
        "dalam_1000m": true,
        "layanan_terdekat": "MRT Jakarta",
        "latitude": -6.2925768,
        "longitude": 106.7827697,
        "google_maps_url": "https://www.google.com/maps/search/?api=1&query=Arumaya%20Residences%2C%20%3CNA%3E%2C%20Indonesia",
        "google_maps_pin_url": "https://www.google.com/maps/search/?api=1&query=-6.292576832536319%2C106.78276971858853",
        "google_directions_url": "https://www.google.com/maps/dir/?api=1&destination=-6.292576832536319%2C106.78276971858853",
        "tingkat_kepercayaan": "menengah",
        "status_verifikasi": "nama AHR dan kontak terverifikasi dari sumber publik",
        "sumber_kontak": "Sikumbang Tapera / situs resmi",
        "url_resmi": "https://arumaya.co.id/",
        "kontak_tambahan": [
          "0816 3333 51"
        ],
        "jenis_kontak": "kantor pemasaran",
        "url_kontak": "https://sikumbang.tapera.go.id/lokasi-perumahan/KYB0610022022R001",
        "tanggal_verifikasi_kontak": "2026-08-06"
      },
      "geometry": {
        "type": "Point",
        "coordinates": [
          106.78276971858853,
          -6.292576832536319
        ]
      }
    },
    {
      "type": "Feature",
      "properties": {
        "nama_ahr": "Thamrin Executive Residence",
        "tipe_ahr": "apartments",
        "alamat": "<NA>",
        "status_sewa": "belum terverifikasi (kandidat OSM)",
        "kontak_telepon": null,
        "url_sumber": "https://www.openstreetmap.org/way/849812136",
        "tanggal_akses": "2026-08-05T07:33:37.864840+00:00",
        "osm_type": "way",
        "osm_id": "849812136",
        "jarak_ke_jalur_m": 729.1,
        "dalam_500m": false,
        "dalam_700m": false,
        "dalam_1000m": true,
        "layanan_terdekat": "MRT Jakarta",
        "latitude": -6.1961813,
        "longitude": 106.8164502,
        "google_maps_url": "https://www.google.com/maps/search/?api=1&query=Thamrin%20Executive%20Residence%2C%20%3CNA%3E%2C%20Indonesia",
        "google_maps_pin_url": "https://www.google.com/maps/search/?api=1&query=-6.196181250002953%2C106.81645019999128",
        "google_directions_url": "https://www.google.com/maps/dir/?api=1&destination=-6.196181250002953%2C106.81645019999128",
        "tingkat_kepercayaan": "tinggi",
        "status_verifikasi": "kandidat AHR terkurasi dari OSM",
        "sumber_kontak": null
      },
      "geometry": {
        "type": "Point",
        "coordinates": [
          106.81645019999128,
          -6.196181250002953
        ]
      }
    },
    {
      "type": "Feature",
      "properties": {
        "nama_ahr": "Alamanda Tower",
        "tipe_ahr": "apartments",
        "alamat": "<NA>",
        "status_sewa": "belum terverifikasi (kandidat OSM)",
        "kontak_telepon": null,
        "url_sumber": "https://www.openstreetmap.org/way/849812138",
        "tanggal_akses": "2026-08-05T07:33:37.864840+00:00",
        "osm_type": "way",
        "osm_id": "849812138",
        "jarak_ke_jalur_m": 715.3,
        "dalam_500m": false,
        "dalam_700m": false,
        "dalam_1000m": true,
        "layanan_terdekat": "MRT Jakarta",
        "latitude": -6.1967597,
        "longitude": 106.8165921,
        "google_maps_url": "https://www.google.com/maps/search/?api=1&query=Alamanda%20Tower%2C%20%3CNA%3E%2C%20Indonesia",
        "google_maps_pin_url": "https://www.google.com/maps/search/?api=1&query=-6.196759687004554%2C106.81659213616385",
        "google_directions_url": "https://www.google.com/maps/dir/?api=1&destination=-6.196759687004554%2C106.81659213616385",
        "tingkat_kepercayaan": "tinggi",
        "status_verifikasi": "kandidat AHR terkurasi dari OSM",
        "sumber_kontak": null
      },
      "geometry": {
        "type": "Point",
        "coordinates": [
          106.81659213616385,
          -6.196759687004554
        ]
      }
    },
    {
      "type": "Feature",
      "properties": {
        "nama_ahr": "Crysant Tower",
        "tipe_ahr": "apartments",
        "alamat": "<NA>",
        "status_sewa": "belum terverifikasi (kandidat OSM)",
        "kontak_telepon": null,
        "url_sumber": "https://www.openstreetmap.org/way/849812139",
        "tanggal_akses": "2026-08-05T07:33:37.864840+00:00",
        "osm_type": "way",
        "osm_id": "849812139",
        "jarak_ke_jalur_m": 721.1,
        "dalam_500m": false,
        "dalam_700m": false,
        "dalam_1000m": true,
        "layanan_terdekat": "MRT Jakarta",
        "latitude": -6.1977093,
        "longitude": 106.8165662,
        "google_maps_url": "https://www.google.com/maps/search/?api=1&query=Crysant%20Tower%2C%20%3CNA%3E%2C%20Indonesia",
        "google_maps_pin_url": "https://www.google.com/maps/search/?api=1&query=-6.197709287054688%2C106.81656618296152",
        "google_directions_url": "https://www.google.com/maps/dir/?api=1&destination=-6.197709287054688%2C106.81656618296152",
        "tingkat_kepercayaan": "tinggi",
        "status_verifikasi": "kandidat AHR terkurasi dari OSM",
        "sumber_kontak": null
      },
      "geometry": {
        "type": "Point",
        "coordinates": [
          106.81656618296152,
          -6.197709287054688
        ]
      }
    },
    {
      "type": "Feature",
      "properties": {
        "nama_ahr": "Bougenville Tower",
        "tipe_ahr": "apartments",
        "alamat": "<NA>",
        "status_sewa": "belum terverifikasi (kandidat OSM)",
        "kontak_telepon": null,
        "url_sumber": "https://www.openstreetmap.org/way/849812140",
        "tanggal_akses": "2026-08-05T07:33:37.864840+00:00",
        "osm_type": "way",
        "osm_id": "849812140",
        "jarak_ke_jalur_m": 718.3,
        "dalam_500m": false,
        "dalam_700m": false,
        "dalam_1000m": true,
        "layanan_terdekat": "MRT Jakarta",
        "latitude": -6.1972722,
        "longitude": 106.8165799,
        "google_maps_url": "https://www.google.com/maps/search/?api=1&query=Bougenville%20Tower%2C%20%3CNA%3E%2C%20Indonesia",
        "google_maps_pin_url": "https://www.google.com/maps/search/?api=1&query=-6.197272214719869%2C106.81657992918582",
        "google_directions_url": "https://www.google.com/maps/dir/?api=1&destination=-6.197272214719869%2C106.81657992918582",
        "tingkat_kepercayaan": "tinggi",
        "status_verifikasi": "kandidat AHR terkurasi dari OSM",
        "sumber_kontak": null
      },
      "geometry": {
        "type": "Point",
        "coordinates": [
          106.81657992918582,
          -6.197272214719869
        ]
      }
    },
    {
      "type": "Feature",
      "properties": {
        "nama_ahr": "Daisy Tower",
        "tipe_ahr": "apartments",
        "alamat": "<NA>",
        "status_sewa": "belum terverifikasi (kandidat OSM)",
        "kontak_telepon": null,
        "url_sumber": "https://www.openstreetmap.org/way/849812141",
        "tanggal_akses": "2026-08-05T07:33:37.864840+00:00",
        "osm_type": "way",
        "osm_id": "849812141",
        "jarak_ke_jalur_m": 664.5,
        "dalam_500m": false,
        "dalam_700m": true,
        "dalam_1000m": true,
        "layanan_terdekat": "MRT Jakarta",
        "latitude": -6.197518,
        "longitude": 106.8170731,
        "google_maps_url": "https://www.google.com/maps/search/?api=1&query=Daisy%20Tower%2C%20%3CNA%3E%2C%20Indonesia",
        "google_maps_pin_url": "https://www.google.com/maps/search/?api=1&query=-6.197517962944918%2C106.81707310238329",
        "google_directions_url": "https://www.google.com/maps/dir/?api=1&destination=-6.197517962944918%2C106.81707310238329",
        "tingkat_kepercayaan": "tinggi",
        "status_verifikasi": "kandidat AHR terkurasi dari OSM",
        "sumber_kontak": null
      },
      "geometry": {
        "type": "Point",
        "coordinates": [
          106.81707310238329,
          -6.197517962944918
        ]
      }
    },
    {
      "type": "Feature",
      "properties": {
        "nama_ahr": "Edelweiss Tower",
        "tipe_ahr": "apartments",
        "alamat": "<NA>",
        "status_sewa": "belum terverifikasi (kandidat OSM)",
        "kontak_telepon": null,
        "url_sumber": "https://www.openstreetmap.org/way/849812142",
        "tanggal_akses": "2026-08-05T07:33:37.864840+00:00",
        "osm_type": "way",
        "osm_id": "849812142",
        "jarak_ke_jalur_m": 661.3,
        "dalam_500m": false,
        "dalam_700m": true,
        "dalam_1000m": true,
        "layanan_terdekat": "MRT Jakarta",
        "latitude": -6.1970068,
        "longitude": 106.8170874,
        "google_maps_url": "https://www.google.com/maps/search/?api=1&query=Edelweiss%20Tower%2C%20%3CNA%3E%2C%20Indonesia",
        "google_maps_pin_url": "https://www.google.com/maps/search/?api=1&query=-6.197006785240753%2C106.81708742435018",
        "google_directions_url": "https://www.google.com/maps/dir/?api=1&destination=-6.197006785240753%2C106.81708742435018",
        "tingkat_kepercayaan": "tinggi",
        "status_verifikasi": "kandidat AHR terkurasi dari OSM",
        "sumber_kontak": null
      },
      "geometry": {
        "type": "Point",
        "coordinates": [
          106.81708742435018,
          -6.197006785240753
        ]
      }
    },
    {
      "type": "Feature",
      "properties": {
        "nama_ahr": "Le Parc Terrace",
        "tipe_ahr": "residential",
        "alamat": "<NA>",
        "status_sewa": "belum terverifikasi (kandidat OSM)",
        "kontak_telepon": null,
        "url_sumber": "https://www.openstreetmap.org/way/851599137",
        "tanggal_akses": "2026-08-05T07:33:37.864840+00:00",
        "osm_type": "way",
        "osm_id": "851599137",
        "jarak_ke_jalur_m": 295.9,
        "dalam_500m": true,
        "dalam_700m": true,
        "dalam_1000m": true,
        "layanan_terdekat": "MRT Jakarta",
        "latitude": -6.1979738,
        "longitude": 106.8204156,
        "google_maps_url": "https://www.google.com/maps/search/?api=1&query=Le%20Parc%20Terrace%2C%20%3CNA%3E%2C%20Indonesia",
        "google_maps_pin_url": "https://www.google.com/maps/search/?api=1&query=-6.197973771093136%2C106.82041561848362",
        "google_directions_url": "https://www.google.com/maps/dir/?api=1&destination=-6.197973771093136%2C106.82041561848362",
        "tingkat_kepercayaan": "menengah",
        "status_verifikasi": "kandidat AHR terkurasi dari OSM",
        "sumber_kontak": null
      },
      "geometry": {
        "type": "Point",
        "coordinates": [
          106.82041561848362,
          -6.197973771093136
        ]
      }
    },
    {
      "type": "Feature",
      "properties": {
        "nama_ahr": "Le Parc Mansion",
        "tipe_ahr": "residential",
        "alamat": "<NA>",
        "status_sewa": "belum terverifikasi (kandidat OSM)",
        "kontak_telepon": null,
        "url_sumber": "https://www.openstreetmap.org/way/851599138",
        "tanggal_akses": "2026-08-05T07:33:37.864840+00:00",
        "osm_type": "way",
        "osm_id": "851599138",
        "jarak_ke_jalur_m": 289.2,
        "dalam_500m": true,
        "dalam_700m": true,
        "dalam_1000m": true,
        "layanan_terdekat": "MRT Jakarta",
        "latitude": -6.1987035,
        "longitude": 106.8204591,
        "google_maps_url": "https://www.google.com/maps/search/?api=1&query=Le%20Parc%20Mansion%2C%20%3CNA%3E%2C%20Indonesia",
        "google_maps_pin_url": "https://www.google.com/maps/search/?api=1&query=-6.198703517942127%2C106.82045912752193",
        "google_directions_url": "https://www.google.com/maps/dir/?api=1&destination=-6.198703517942127%2C106.82045912752193",
        "tingkat_kepercayaan": "menengah",
        "status_verifikasi": "kandidat AHR terkurasi dari OSM",
        "sumber_kontak": null
      },
      "geometry": {
        "type": "Point",
        "coordinates": [
          106.82045912752193,
          -6.198703517942127
        ]
      }
    },
    {
      "type": "Feature",
      "properties": {
        "nama_ahr": "Le Parc Townhomes",
        "tipe_ahr": "residential",
        "alamat": "<NA>",
        "status_sewa": "belum terverifikasi (kandidat OSM)",
        "kontak_telepon": null,
        "url_sumber": "https://www.openstreetmap.org/way/851599139",
        "tanggal_akses": "2026-08-05T07:33:37.864840+00:00",
        "osm_type": "way",
        "osm_id": "851599139",
        "jarak_ke_jalur_m": 232,
        "dalam_500m": true,
        "dalam_700m": true,
        "dalam_1000m": true,
        "layanan_terdekat": "MRT Jakarta",
        "latitude": -6.198044,
        "longitude": 106.8209942,
        "google_maps_url": "https://www.google.com/maps/search/?api=1&query=Le%20Parc%20Townhomes%2C%20%3CNA%3E%2C%20Indonesia",
        "google_maps_pin_url": "https://www.google.com/maps/search/?api=1&query=-6.198043968167173%2C106.8209942379022",
        "google_directions_url": "https://www.google.com/maps/dir/?api=1&destination=-6.198043968167173%2C106.8209942379022",
        "tingkat_kepercayaan": "menengah",
        "status_verifikasi": "kandidat AHR terkurasi dari OSM",
        "sumber_kontak": null
      },
      "geometry": {
        "type": "Point",
        "coordinates": [
          106.8209942379022,
          -6.198043968167173
        ]
      }
    },
    {
      "type": "Feature",
      "properties": {
        "nama_ahr": "M Gold Tower",
        "tipe_ahr": "apartments",
        "alamat": "<NA>",
        "status_sewa": "belum terverifikasi (kandidat OSM)",
        "kontak_telepon": null,
        "url_sumber": "https://www.openstreetmap.org/way/860127866",
        "tanggal_akses": "2026-08-05T07:33:37.864840+00:00",
        "osm_type": "way",
        "osm_id": "860127866",
        "jarak_ke_jalur_m": 151.8,
        "dalam_500m": true,
        "dalam_700m": true,
        "dalam_1000m": true,
        "layanan_terdekat": "LRT Jabodebek",
        "latitude": -6.2491332,
        "longitude": 106.9858903,
        "google_maps_url": "https://www.google.com/maps/search/?api=1&query=M%20Gold%20Tower%2C%20%3CNA%3E%2C%20Indonesia",
        "google_maps_pin_url": "https://www.google.com/maps/search/?api=1&query=-6.249133240210292%2C106.98589030977077",
        "google_directions_url": "https://www.google.com/maps/dir/?api=1&destination=-6.249133240210292%2C106.98589030977077",
        "tingkat_kepercayaan": "tinggi",
        "status_verifikasi": "kandidat AHR terkurasi dari OSM",
        "sumber_kontak": null
      },
      "geometry": {
        "type": "Point",
        "coordinates": [
          106.98589030977077,
          -6.249133240210292
        ]
      }
    },
    {
      "type": "Feature",
      "properties": {
        "nama_ahr": "Emerald Tower North",
        "tipe_ahr": "apartments",
        "alamat": "<NA>",
        "status_sewa": "belum terverifikasi (kandidat OSM)",
        "kontak_telepon": null,
        "url_sumber": "https://www.openstreetmap.org/way/860127869",
        "tanggal_akses": "2026-08-05T07:33:37.864840+00:00",
        "osm_type": "way",
        "osm_id": "860127869",
        "jarak_ke_jalur_m": 116.4,
        "dalam_500m": true,
        "dalam_700m": true,
        "dalam_1000m": true,
        "layanan_terdekat": "LRT Jabodebek",
        "latitude": -6.2495569,
        "longitude": 106.9781394,
        "google_maps_url": "https://www.google.com/maps/search/?api=1&query=Emerald%20Tower%20North%2C%20%3CNA%3E%2C%20Indonesia",
        "google_maps_pin_url": "https://www.google.com/maps/search/?api=1&query=-6.249556852972242%2C106.9781393600775",
        "google_directions_url": "https://www.google.com/maps/dir/?api=1&destination=-6.249556852972242%2C106.9781393600775",
        "tingkat_kepercayaan": "tinggi",
        "status_verifikasi": "kandidat AHR terkurasi dari OSM",
        "sumber_kontak": null
      },
      "geometry": {
        "type": "Point",
        "coordinates": [
          106.9781393600775,
          -6.249556852972242
        ]
      }
    },
    {
      "type": "Feature",
      "properties": {
        "nama_ahr": "Emerald Tower South",
        "tipe_ahr": "apartments",
        "alamat": "<NA>",
        "status_sewa": "belum terverifikasi (kandidat OSM)",
        "kontak_telepon": null,
        "url_sumber": "https://www.openstreetmap.org/way/860127870",
        "tanggal_akses": "2026-08-05T07:33:37.864840+00:00",
        "osm_type": "way",
        "osm_id": "860127870",
        "jarak_ke_jalur_m": 162.1,
        "dalam_500m": true,
        "dalam_700m": true,
        "dalam_1000m": true,
        "layanan_terdekat": "LRT Jabodebek",
        "latitude": -6.2499706,
        "longitude": 106.9781824,
        "google_maps_url": "https://www.google.com/maps/search/?api=1&query=Emerald%20Tower%20South%2C%20%3CNA%3E%2C%20Indonesia",
        "google_maps_pin_url": "https://www.google.com/maps/search/?api=1&query=-6.249970570165718%2C106.97818241440147",
        "google_directions_url": "https://www.google.com/maps/dir/?api=1&destination=-6.249970570165718%2C106.97818241440147",
        "tingkat_kepercayaan": "tinggi",
        "status_verifikasi": "kandidat AHR terkurasi dari OSM",
        "sumber_kontak": null
      },
      "geometry": {
        "type": "Point",
        "coordinates": [
          106.97818241440147,
          -6.249970570165718
        ]
      }
    },
    {
      "type": "Feature",
      "properties": {
        "nama_ahr": "Barclay Tower North",
        "tipe_ahr": "apartments",
        "alamat": "<NA>",
        "status_sewa": "belum terverifikasi (kandidat OSM)",
        "kontak_telepon": null,
        "url_sumber": "https://www.openstreetmap.org/way/860127872",
        "tanggal_akses": "2026-08-05T07:33:37.864840+00:00",
        "osm_type": "way",
        "osm_id": "860127872",
        "jarak_ke_jalur_m": 219.5,
        "dalam_500m": true,
        "dalam_700m": true,
        "dalam_1000m": true,
        "layanan_terdekat": "LRT Jabodebek",
        "latitude": -6.2504904,
        "longitude": 106.9783632,
        "google_maps_url": "https://www.google.com/maps/search/?api=1&query=Barclay%20Tower%20North%2C%20%3CNA%3E%2C%20Indonesia",
        "google_maps_pin_url": "https://www.google.com/maps/search/?api=1&query=-6.250490446330208%2C106.97836317506973",
        "google_directions_url": "https://www.google.com/maps/dir/?api=1&destination=-6.250490446330208%2C106.97836317506973",
        "tingkat_kepercayaan": "tinggi",
        "status_verifikasi": "kandidat AHR terkurasi dari OSM",
        "sumber_kontak": null
      },
      "geometry": {
        "type": "Point",
        "coordinates": [
          106.97836317506973,
          -6.250490446330208
        ]
      }
    },
    {
      "type": "Feature",
      "properties": {
        "nama_ahr": "Barclay Tower South",
        "tipe_ahr": "apartments",
        "alamat": "<NA>",
        "status_sewa": "belum terverifikasi (kandidat OSM)",
        "kontak_telepon": null,
        "url_sumber": "https://www.openstreetmap.org/way/860127873",
        "tanggal_akses": "2026-08-05T07:33:37.864840+00:00",
        "osm_type": "way",
        "osm_id": "860127873",
        "jarak_ke_jalur_m": 269.8,
        "dalam_500m": true,
        "dalam_700m": true,
        "dalam_1000m": true,
        "layanan_terdekat": "LRT Jabodebek",
        "latitude": -6.2509456,
        "longitude": 106.9784019,
        "google_maps_url": "https://www.google.com/maps/search/?api=1&query=Barclay%20Tower%20South%2C%20%3CNA%3E%2C%20Indonesia",
        "google_maps_pin_url": "https://www.google.com/maps/search/?api=1&query=-6.250945616333981%2C106.97840191024562",
        "google_directions_url": "https://www.google.com/maps/dir/?api=1&destination=-6.250945616333981%2C106.97840191024562",
        "tingkat_kepercayaan": "tinggi",
        "status_verifikasi": "kandidat AHR terkurasi dari OSM",
        "sumber_kontak": null
      },
      "geometry": {
        "type": "Point",
        "coordinates": [
          106.97840191024562,
          -6.250945616333981
        ]
      }
    },
    {
      "type": "Feature",
      "properties": {
        "nama_ahr": "Sky57",
        "tipe_ahr": "apartments",
        "alamat": "<NA>",
        "status_sewa": "belum terverifikasi (kandidat OSM)",
        "kontak_telepon": null,
        "url_sumber": "https://www.openstreetmap.org/way/884084448",
        "tanggal_akses": "2026-08-05T07:33:37.864840+00:00",
        "osm_type": "way",
        "osm_id": "884084448",
        "jarak_ke_jalur_m": 469,
        "dalam_500m": true,
        "dalam_700m": true,
        "dalam_1000m": true,
        "layanan_terdekat": "MRT Jakarta",
        "latitude": -6.1986215,
        "longitude": 106.8188289,
        "google_maps_url": "https://www.google.com/maps/search/?api=1&query=Sky57%2C%20%3CNA%3E%2C%20Indonesia",
        "google_maps_pin_url": "https://www.google.com/maps/search/?api=1&query=-6.198621499126739%2C106.81882890000837",
        "google_directions_url": "https://www.google.com/maps/dir/?api=1&destination=-6.198621499126739%2C106.81882890000837",
        "tingkat_kepercayaan": "tinggi",
        "status_verifikasi": "kandidat AHR terkurasi dari OSM",
        "sumber_kontak": null
      },
      "geometry": {
        "type": "Point",
        "coordinates": [
          106.81882890000837,
          -6.198621499126739
        ]
      }
    },
    {
      "type": "Feature",
      "properties": {
        "nama_ahr": "City57",
        "tipe_ahr": "apartments",
        "alamat": "<NA>",
        "status_sewa": "belum terverifikasi (kandidat OSM)",
        "kontak_telepon": null,
        "url_sumber": "https://www.openstreetmap.org/way/884084449",
        "tanggal_akses": "2026-08-05T07:33:37.864840+00:00",
        "osm_type": "way",
        "osm_id": "884084449",
        "jarak_ke_jalur_m": 455.2,
        "dalam_500m": true,
        "dalam_700m": true,
        "dalam_1000m": true,
        "layanan_terdekat": "MRT Jakarta",
        "latitude": -6.1981112,
        "longitude": 106.818979,
        "google_maps_url": "https://www.google.com/maps/search/?api=1&query=City57%2C%20%3CNA%3E%2C%20Indonesia",
        "google_maps_pin_url": "https://www.google.com/maps/search/?api=1&query=-6.198111150004675%2C106.8189789999989",
        "google_directions_url": "https://www.google.com/maps/dir/?api=1&destination=-6.198111150004675%2C106.8189789999989",
        "tingkat_kepercayaan": "tinggi",
        "status_verifikasi": "kandidat AHR terkurasi dari OSM",
        "sumber_kontak": null
      },
      "geometry": {
        "type": "Point",
        "coordinates": [
          106.8189789999989,
          -6.198111150004675
        ]
      }
    },
    {
      "type": "Feature",
      "properties": {
        "nama_ahr": "St. Regis Residences",
        "tipe_ahr": "apartments",
        "alamat": "<NA>",
        "status_sewa": "belum terverifikasi (kandidat OSM)",
        "kontak_telepon": null,
        "url_sumber": "https://www.openstreetmap.org/way/885931582",
        "tanggal_akses": "2026-08-05T07:33:37.864840+00:00",
        "osm_type": "way",
        "osm_id": "885931582",
        "jarak_ke_jalur_m": 51,
        "dalam_500m": true,
        "dalam_700m": true,
        "dalam_1000m": true,
        "layanan_terdekat": "LRT Jabodebek",
        "latitude": -6.2057459,
        "longitude": 106.8277671,
        "google_maps_url": "https://www.google.com/maps/search/?api=1&query=St.%20Regis%20Residences%2C%20%3CNA%3E%2C%20Indonesia",
        "google_maps_pin_url": "https://www.google.com/maps/search/?api=1&query=-6.205745850080056%2C106.82776713485627",
        "google_directions_url": "https://www.google.com/maps/dir/?api=1&destination=-6.205745850080056%2C106.82776713485627",
        "tingkat_kepercayaan": "tinggi",
        "status_verifikasi": "kandidat AHR terkurasi dari OSM",
        "sumber_kontak": null
      },
      "geometry": {
        "type": "Point",
        "coordinates": [
          106.82776713485627,
          -6.205745850080056
        ]
      }
    },
    {
      "type": "Feature",
      "properties": {
        "nama_ahr": "Four Seasons Residences",
        "tipe_ahr": "hunian",
        "alamat": "<NA>",
        "status_sewa": "belum terverifikasi (kandidat OSM)",
        "kontak_telepon": null,
        "url_sumber": "https://www.openstreetmap.org/way/885931584",
        "tanggal_akses": "2026-08-05T07:33:37.864840+00:00",
        "osm_type": "way",
        "osm_id": "885931584",
        "jarak_ke_jalur_m": 170.2,
        "dalam_500m": true,
        "dalam_700m": true,
        "dalam_1000m": true,
        "layanan_terdekat": "LRT Jabodebek",
        "latitude": -6.2065568,
        "longitude": 106.8261637,
        "google_maps_url": "https://www.google.com/maps/search/?api=1&query=Four%20Seasons%20Residences%2C%20%3CNA%3E%2C%20Indonesia",
        "google_maps_pin_url": "https://www.google.com/maps/search/?api=1&query=-6.206556819071166%2C106.82616367847153",
        "google_directions_url": "https://www.google.com/maps/dir/?api=1&destination=-6.206556819071166%2C106.82616367847153",
        "tingkat_kepercayaan": "menengah",
        "status_verifikasi": "kandidat AHR terkurasi dari OSM",
        "sumber_kontak": null
      },
      "geometry": {
        "type": "Point",
        "coordinates": [
          106.82616367847153,
          -6.206556819071166
        ]
      }
    },
    {
      "type": "Feature",
      "properties": {
        "nama_ahr": "White Kost 35",
        "tipe_ahr": "residential",
        "alamat": "<NA>",
        "status_sewa": "belum terverifikasi (kandidat OSM)",
        "kontak_telepon": null,
        "url_sumber": "https://www.openstreetmap.org/way/1024925687",
        "tanggal_akses": "2026-08-05T07:33:37.864840+00:00",
        "osm_type": "way",
        "osm_id": "1024925687",
        "jarak_ke_jalur_m": 158.9,
        "dalam_500m": true,
        "dalam_700m": true,
        "dalam_1000m": true,
        "layanan_terdekat": "MRT Jakarta",
        "latitude": -6.262227,
        "longitude": 106.7952056,
        "google_maps_url": "https://www.google.com/maps/search/?api=1&query=White%20Kost%2035%2C%20%3CNA%3E%2C%20Indonesia",
        "google_maps_pin_url": "https://www.google.com/maps/search/?api=1&query=-6.26222700184227%2C106.79520556747174",
        "google_directions_url": "https://www.google.com/maps/dir/?api=1&destination=-6.26222700184227%2C106.79520556747174",
        "tingkat_kepercayaan": "menengah",
        "status_verifikasi": "kandidat AHR terkurasi dari OSM",
        "sumber_kontak": null
      },
      "geometry": {
        "type": "Point",
        "coordinates": [
          106.79520556747174,
          -6.26222700184227
        ]
      }
    },
    {
      "type": "Feature",
      "properties": {
        "nama_ahr": "Apartemen Mangkuluhur City Semanggi",
        "tipe_ahr": "apartments",
        "alamat": "<NA>",
        "status_sewa": "belum terverifikasi (kandidat OSM)",
        "kontak_telepon": null,
        "url_sumber": "https://www.openstreetmap.org/way/1036331565",
        "tanggal_akses": "2026-08-05T07:33:37.864840+00:00",
        "osm_type": "way",
        "osm_id": "1036331565",
        "jarak_ke_jalur_m": 311.4,
        "dalam_500m": true,
        "dalam_700m": true,
        "dalam_1000m": true,
        "layanan_terdekat": "MRT Jakarta",
        "latitude": -6.2214875,
        "longitude": 106.814433,
        "google_maps_url": "https://www.google.com/maps/search/?api=1&query=Apartemen%20Mangkuluhur%20City%20Semanggi%2C%20%3CNA%3E%2C%20Indonesia",
        "google_maps_pin_url": "https://www.google.com/maps/search/?api=1&query=-6.221487450266647%2C106.81443297654562",
        "google_directions_url": "https://www.google.com/maps/dir/?api=1&destination=-6.221487450266647%2C106.81443297654562",
        "tingkat_kepercayaan": "tinggi",
        "status_verifikasi": "kandidat AHR terkurasi dari OSM",
        "sumber_kontak": null
      },
      "geometry": {
        "type": "Point",
        "coordinates": [
          106.81443297654562,
          -6.221487450266647
        ]
      }
    },
    {
      "type": "Feature",
      "properties": {
        "nama_ahr": "Perumahan Dinas Kwarnas",
        "tipe_ahr": "hunian",
        "alamat": "<NA>",
        "status_sewa": "belum terverifikasi (kandidat OSM)",
        "kontak_telepon": null,
        "url_sumber": "https://www.openstreetmap.org/way/1042838153",
        "tanggal_akses": "2026-08-05T07:33:37.864840+00:00",
        "osm_type": "way",
        "osm_id": "1042838153",
        "jarak_ke_jalur_m": 645.1,
        "dalam_500m": false,
        "dalam_700m": true,
        "dalam_1000m": true,
        "layanan_terdekat": "LRT Jabodebek",
        "latitude": -6.3685864,
        "longitude": 106.888829,
        "google_maps_url": "https://www.google.com/maps/search/?api=1&query=Perumahan%20Dinas%20Kwarnas%2C%20%3CNA%3E%2C%20Indonesia",
        "google_maps_pin_url": "https://www.google.com/maps/search/?api=1&query=-6.368586449912035%2C106.88882902382005",
        "google_directions_url": "https://www.google.com/maps/dir/?api=1&destination=-6.368586449912035%2C106.88882902382005",
        "tingkat_kepercayaan": "menengah",
        "status_verifikasi": "kandidat AHR terkurasi dari OSM",
        "sumber_kontak": null
      },
      "geometry": {
        "type": "Point",
        "coordinates": [
          106.88882902382005,
          -6.368586449912035
        ]
      }
    },
    {
      "type": "Feature",
      "properties": {
        "nama_ahr": "South Tower",
        "tipe_ahr": "apartments",
        "alamat": "<NA>",
        "status_sewa": "belum terverifikasi (kandidat OSM)",
        "kontak_telepon": null,
        "url_sumber": "https://www.openstreetmap.org/way/1046810108",
        "tanggal_akses": "2026-08-05T07:33:37.864840+00:00",
        "osm_type": "way",
        "osm_id": "1046810108",
        "jarak_ke_jalur_m": 126.6,
        "dalam_500m": true,
        "dalam_700m": true,
        "dalam_1000m": true,
        "layanan_terdekat": "MRT Jakarta",
        "latitude": -6.2935629,
        "longitude": 106.7865796,
        "google_maps_url": "https://www.google.com/maps/search/?api=1&query=South%20Tower%2C%20%3CNA%3E%2C%20Indonesia",
        "google_maps_pin_url": "https://www.google.com/maps/search/?api=1&query=-6.293562900064954%2C106.78657964707295",
        "google_directions_url": "https://www.google.com/maps/dir/?api=1&destination=-6.293562900064954%2C106.78657964707295",
        "tingkat_kepercayaan": "tinggi",
        "status_verifikasi": "kandidat AHR terkurasi dari OSM",
        "sumber_kontak": null
      },
      "geometry": {
        "type": "Point",
        "coordinates": [
          106.78657964707295,
          -6.293562900064954
        ]
      }
    },
    {
      "type": "Feature",
      "properties": {
        "nama_ahr": "Stature Serviced Apartments",
        "tipe_ahr": "apartments",
        "alamat": "<NA>",
        "status_sewa": "belum terverifikasi (kandidat OSM)",
        "kontak_telepon": null,
        "url_sumber": "https://www.openstreetmap.org/way/1049210638",
        "tanggal_akses": "2026-08-05T07:33:37.864840+00:00",
        "osm_type": "way",
        "osm_id": "1049210638",
        "jarak_ke_jalur_m": 947.7,
        "dalam_500m": false,
        "dalam_700m": false,
        "dalam_1000m": true,
        "layanan_terdekat": "MRT Jakarta",
        "latitude": -6.1842899,
        "longitude": 106.8283313,
        "google_maps_url": "https://www.google.com/maps/search/?api=1&query=Stature%20Serviced%20Apartments%2C%20%3CNA%3E%2C%20Indonesia",
        "google_maps_pin_url": "https://www.google.com/maps/search/?api=1&query=-6.184289850034841%2C106.82833130001208",
        "google_directions_url": "https://www.google.com/maps/dir/?api=1&destination=-6.184289850034841%2C106.82833130001208",
        "tingkat_kepercayaan": "tinggi",
        "status_verifikasi": "kandidat AHR terkurasi dari OSM",
        "sumber_kontak": null
      },
      "geometry": {
        "type": "Point",
        "coordinates": [
          106.82833130001208,
          -6.184289850034841
        ]
      }
    },
    {
      "type": "Feature",
      "properties": {
        "nama_ahr": "Stature Residences",
        "tipe_ahr": "apartments",
        "alamat": "<NA>",
        "status_sewa": "belum terverifikasi (kandidat OSM)",
        "kontak_telepon": null,
        "url_sumber": "https://www.openstreetmap.org/way/1049210639",
        "tanggal_akses": "2026-08-05T07:33:37.864840+00:00",
        "osm_type": "way",
        "osm_id": "1049210639",
        "jarak_ke_jalur_m": 910.2,
        "dalam_500m": false,
        "dalam_700m": false,
        "dalam_1000m": true,
        "layanan_terdekat": "MRT Jakarta",
        "latitude": -6.1846479,
        "longitude": 106.8282359,
        "google_maps_url": "https://www.google.com/maps/search/?api=1&query=Stature%20Residences%2C%20%3CNA%3E%2C%20Indonesia",
        "google_maps_pin_url": "https://www.google.com/maps/search/?api=1&query=-6.184647931341668%2C106.82823587558066",
        "google_directions_url": "https://www.google.com/maps/dir/?api=1&destination=-6.184647931341668%2C106.82823587558066",
        "tingkat_kepercayaan": "tinggi",
        "status_verifikasi": "kandidat AHR terkurasi dari OSM",
        "sumber_kontak": null
      },
      "geometry": {
        "type": "Point",
        "coordinates": [
          106.82823587558066,
          -6.184647931341668
        ]
      }
    },
    {
      "type": "Feature",
      "properties": {
        "nama_ahr": "TransPark Cibubur Apartemen A",
        "tipe_ahr": "apartments",
        "alamat": "<NA>",
        "status_sewa": "belum terverifikasi (kandidat OSM)",
        "kontak_telepon": null,
        "url_sumber": "https://www.openstreetmap.org/way/1049511844",
        "tanggal_akses": "2026-08-05T07:33:37.864840+00:00",
        "osm_type": "way",
        "osm_id": "1049511844",
        "jarak_ke_jalur_m": 748.9,
        "dalam_500m": false,
        "dalam_700m": false,
        "dalam_1000m": true,
        "layanan_terdekat": "LRT Jabodebek",
        "latitude": -6.3754177,
        "longitude": 106.9028096,
        "google_maps_url": "https://www.google.com/maps/search/?api=1&query=TransPark%20Cibubur%20Apartemen%20A%2C%20%3CNA%3E%2C%20Indonesia",
        "google_maps_pin_url": "https://www.google.com/maps/search/?api=1&query=-6.375417679837414%2C106.90280958298688",
        "google_directions_url": "https://www.google.com/maps/dir/?api=1&destination=-6.375417679837414%2C106.90280958298688",
        "tingkat_kepercayaan": "tinggi",
        "status_verifikasi": "kandidat AHR terkurasi dari OSM",
        "sumber_kontak": null
      },
      "geometry": {
        "type": "Point",
        "coordinates": [
          106.90280958298688,
          -6.375417679837414
        ]
      }
    },
    {
      "type": "Feature",
      "properties": {
        "nama_ahr": "Puri Casablanca Residences",
        "tipe_ahr": "hunian",
        "alamat": "Jalan Puri Casablanca 1-2",
        "status_sewa": "belum terverifikasi (kandidat OSM)",
        "kontak_telepon": null,
        "url_sumber": "https://www.openstreetmap.org/way/1062776401",
        "tanggal_akses": "2026-08-05T07:33:37.864840+00:00",
        "osm_type": "way",
        "osm_id": "1062776401",
        "jarak_ke_jalur_m": 636.2,
        "dalam_500m": false,
        "dalam_700m": true,
        "dalam_1000m": true,
        "layanan_terdekat": "LRT Jabodebek",
        "latitude": -6.2234044,
        "longitude": 106.8385908,
        "google_maps_url": "https://www.google.com/maps/search/?api=1&query=Puri%20Casablanca%20Residences%2C%20Jalan%20Puri%20Casablanca%201-2%2C%20Indonesia",
        "google_maps_pin_url": "https://www.google.com/maps/search/?api=1&query=-6.223404417371317%2C106.83859081892174",
        "google_directions_url": "https://www.google.com/maps/dir/?api=1&destination=-6.223404417371317%2C106.83859081892174",
        "tingkat_kepercayaan": "menengah",
        "status_verifikasi": "kandidat AHR terkurasi dari OSM",
        "sumber_kontak": null
      },
      "geometry": {
        "type": "Point",
        "coordinates": [
          106.83859081892174,
          -6.223404417371317
        ]
      }
    },
    {
      "type": "Feature",
      "properties": {
        "nama_ahr": "Tower Cattleya",
        "tipe_ahr": "apartments",
        "alamat": "1",
        "status_sewa": "belum terverifikasi (kandidat OSM)",
        "kontak_telepon": null,
        "url_sumber": "https://www.openstreetmap.org/way/1062790931",
        "tanggal_akses": "2026-08-05T07:33:37.864840+00:00",
        "osm_type": "way",
        "osm_id": "1062790931",
        "jarak_ke_jalur_m": 654.6,
        "dalam_500m": false,
        "dalam_700m": true,
        "dalam_1000m": true,
        "layanan_terdekat": "LRT Jabodebek",
        "latitude": -6.2238406,
        "longitude": 106.8388044,
        "google_maps_url": "https://www.google.com/maps/search/?api=1&query=Tower%20Cattleya%2C%201%2C%20Indonesia",
        "google_maps_pin_url": "https://www.google.com/maps/search/?api=1&query=-6.223840600124745%2C106.8388044255033",
        "google_directions_url": "https://www.google.com/maps/dir/?api=1&destination=-6.223840600124745%2C106.8388044255033",
        "tingkat_kepercayaan": "tinggi",
        "status_verifikasi": "kandidat AHR terkurasi dari OSM",
        "sumber_kontak": null
      },
      "geometry": {
        "type": "Point",
        "coordinates": [
          106.8388044255033,
          -6.223840600124745
        ]
      }
    },
    {
      "type": "Feature",
      "properties": {
        "nama_ahr": "Corona Tower",
        "tipe_ahr": "residential",
        "alamat": "<NA>",
        "status_sewa": "belum terverifikasi (kandidat OSM)",
        "kontak_telepon": null,
        "url_sumber": "https://www.openstreetmap.org/way/1065193854",
        "tanggal_akses": "2026-08-05T07:33:37.864840+00:00",
        "osm_type": "way",
        "osm_id": "1065193854",
        "jarak_ke_jalur_m": 896.6,
        "dalam_500m": false,
        "dalam_700m": false,
        "dalam_1000m": true,
        "layanan_terdekat": "MRT Jakarta",
        "latitude": -6.2995299,
        "longitude": 106.7979923,
        "google_maps_url": "https://www.google.com/maps/search/?api=1&query=Corona%20Tower%2C%20%3CNA%3E%2C%20Indonesia",
        "google_maps_pin_url": "https://www.google.com/maps/search/?api=1&query=-6.299529900015025%2C106.79799230000327",
        "google_directions_url": "https://www.google.com/maps/dir/?api=1&destination=-6.299529900015025%2C106.79799230000327",
        "tingkat_kepercayaan": "menengah",
        "status_verifikasi": "kandidat AHR terkurasi dari OSM",
        "sumber_kontak": null
      },
      "geometry": {
        "type": "Point",
        "coordinates": [
          106.79799230000327,
          -6.299529900015025
        ]
      }
    },
    {
      "type": "Feature",
      "properties": {
        "nama_ahr": "Victoria Tower",
        "tipe_ahr": "residential",
        "alamat": "<NA>",
        "status_sewa": "belum terverifikasi (kandidat OSM)",
        "kontak_telepon": null,
        "url_sumber": "https://www.openstreetmap.org/way/1065193855",
        "tanggal_akses": "2026-08-05T07:33:37.864840+00:00",
        "osm_type": "way",
        "osm_id": "1065193855",
        "jarak_ke_jalur_m": 911.2,
        "dalam_500m": false,
        "dalam_700m": false,
        "dalam_1000m": true,
        "layanan_terdekat": "MRT Jakarta",
        "latitude": -6.2998907,
        "longitude": 106.7975279,
        "google_maps_url": "https://www.google.com/maps/search/?api=1&query=Victoria%20Tower%2C%20%3CNA%3E%2C%20Indonesia",
        "google_maps_pin_url": "https://www.google.com/maps/search/?api=1&query=-6.299890650101087%2C106.79752792523682",
        "google_directions_url": "https://www.google.com/maps/dir/?api=1&destination=-6.299890650101087%2C106.79752792523682",
        "tingkat_kepercayaan": "menengah",
        "status_verifikasi": "kandidat AHR terkurasi dari OSM",
        "sumber_kontak": null
      },
      "geometry": {
        "type": "Point",
        "coordinates": [
          106.79752792523682,
          -6.299890650101087
        ]
      }
    },
    {
      "type": "Feature",
      "properties": {
        "nama_ahr": "Apartemen Plaza Senayan",
        "tipe_ahr": "hunian",
        "alamat": "<NA>",
        "status_sewa": "belum terverifikasi (kandidat OSM)",
        "kontak_telepon": "021 572 3456",
        "url_sumber": "https://www.openstreetmap.org/way/1066747085",
        "tanggal_akses": "2026-08-05T07:33:37.864840+00:00",
        "osm_type": "way",
        "osm_id": "1066747085",
        "jarak_ke_jalur_m": 371.9,
        "dalam_500m": true,
        "dalam_700m": true,
        "dalam_1000m": true,
        "layanan_terdekat": "MRT Jakarta",
        "latitude": -6.2238464,
        "longitude": 106.8006353,
        "google_maps_url": "https://www.google.com/maps/search/?api=1&query=Apartemen%20Plaza%20Senayan%2C%20%3CNA%3E%2C%20Indonesia",
        "google_maps_pin_url": "https://www.google.com/maps/search/?api=1&query=-6.223846381205607%2C106.80063527608299",
        "google_directions_url": "https://www.google.com/maps/dir/?api=1&destination=-6.223846381205607%2C106.80063527608299",
        "tingkat_kepercayaan": "tinggi",
        "status_verifikasi": "nama AHR dan kontak terverifikasi dari sumber publik",
        "sumber_kontak": "situs resmi Apartemen Plaza Senayan",
        "url_resmi": "https://apartemenplazasenayan.com",
        "kontak_tambahan": [
          "021 572 3377",
          "021 2952 5522"
        ],
        "jenis_kontak": "leasing office; management office",
        "url_kontak": "https://apartemenplazasenayan.com/",
        "tanggal_verifikasi_kontak": "2026-08-06"
      },
      "geometry": {
        "type": "Point",
        "coordinates": [
          106.80063527608299,
          -6.223846381205607
        ]
      }
    },
    {
      "type": "Feature",
      "properties": {
        "nama_ahr": "Regal Tower",
        "tipe_ahr": "residential",
        "alamat": "<NA>",
        "status_sewa": "belum terverifikasi (kandidat OSM)",
        "kontak_telepon": null,
        "url_sumber": "https://www.openstreetmap.org/way/1068757714",
        "tanggal_akses": "2026-08-05T07:33:37.864840+00:00",
        "osm_type": "way",
        "osm_id": "1068757714",
        "jarak_ke_jalur_m": 303.1,
        "dalam_500m": true,
        "dalam_700m": true,
        "dalam_1000m": true,
        "layanan_terdekat": "MRT Jakarta",
        "latitude": -6.2104574,
        "longitude": 106.8241612,
        "google_maps_url": "https://www.google.com/maps/search/?api=1&query=Regal%20Tower%2C%20%3CNA%3E%2C%20Indonesia",
        "google_maps_pin_url": "https://www.google.com/maps/search/?api=1&query=-6.210457352131353%2C106.82416123747298",
        "google_directions_url": "https://www.google.com/maps/dir/?api=1&destination=-6.210457352131353%2C106.82416123747298",
        "tingkat_kepercayaan": "menengah",
        "status_verifikasi": "kandidat AHR terkurasi dari OSM",
        "sumber_kontak": null
      },
      "geometry": {
        "type": "Point",
        "coordinates": [
          106.82416123747298,
          -6.210457352131353
        ]
      }
    },
    {
      "type": "Feature",
      "properties": {
        "nama_ahr": "Regency Tower",
        "tipe_ahr": "residential",
        "alamat": "<NA>",
        "status_sewa": "belum terverifikasi (kandidat OSM)",
        "kontak_telepon": null,
        "url_sumber": "https://www.openstreetmap.org/way/1068757715",
        "tanggal_akses": "2026-08-05T07:33:37.864840+00:00",
        "osm_type": "way",
        "osm_id": "1068757715",
        "jarak_ke_jalur_m": 259.5,
        "dalam_500m": true,
        "dalam_700m": true,
        "dalam_1000m": true,
        "layanan_terdekat": "MRT Jakarta",
        "latitude": -6.2103951,
        "longitude": 106.8237602,
        "google_maps_url": "https://www.google.com/maps/search/?api=1&query=Regency%20Tower%2C%20%3CNA%3E%2C%20Indonesia",
        "google_maps_pin_url": "https://www.google.com/maps/search/?api=1&query=-6.210395059407444%2C106.82376023607621",
        "google_directions_url": "https://www.google.com/maps/dir/?api=1&destination=-6.210395059407444%2C106.82376023607621",
        "tingkat_kepercayaan": "menengah",
        "status_verifikasi": "kandidat AHR terkurasi dari OSM",
        "sumber_kontak": null
      },
      "geometry": {
        "type": "Point",
        "coordinates": [
          106.82376023607621,
          -6.210395059407444
        ]
      }
    },
    {
      "type": "Feature",
      "properties": {
        "nama_ahr": "Noble Wing",
        "tipe_ahr": "apartments",
        "alamat": "<NA>",
        "status_sewa": "belum terverifikasi (kandidat OSM)",
        "kontak_telepon": null,
        "url_sumber": "https://www.openstreetmap.org/way/1076275937",
        "tanggal_akses": "2026-08-05T07:33:37.864840+00:00",
        "osm_type": "way",
        "osm_id": "1076275937",
        "jarak_ke_jalur_m": 121.4,
        "dalam_500m": true,
        "dalam_700m": true,
        "dalam_1000m": true,
        "layanan_terdekat": "LRT Jabodebek",
        "latitude": -6.2426315,
        "longitude": 106.8453931,
        "google_maps_url": "https://www.google.com/maps/search/?api=1&query=Noble%20Wing%2C%20%3CNA%3E%2C%20Indonesia",
        "google_maps_pin_url": "https://www.google.com/maps/search/?api=1&query=-6.242631450037681%2C106.84539310001266",
        "google_directions_url": "https://www.google.com/maps/dir/?api=1&destination=-6.242631450037681%2C106.84539310001266",
        "tingkat_kepercayaan": "tinggi",
        "status_verifikasi": "kandidat AHR terkurasi dari OSM",
        "sumber_kontak": null
      },
      "geometry": {
        "type": "Point",
        "coordinates": [
          106.84539310001266,
          -6.242631450037681
        ]
      }
    },
    {
      "type": "Feature",
      "properties": {
        "nama_ahr": "Kost 81",
        "tipe_ahr": "residential",
        "alamat": "Jalan Tebet Timur Dalam Raya",
        "status_sewa": "belum terverifikasi (kandidat OSM)",
        "kontak_telepon": null,
        "url_sumber": "https://www.openstreetmap.org/way/1098546296",
        "tanggal_akses": "2026-08-05T07:33:37.864840+00:00",
        "osm_type": "way",
        "osm_id": "1098546296",
        "jarak_ke_jalur_m": 926.9,
        "dalam_500m": false,
        "dalam_700m": false,
        "dalam_1000m": true,
        "layanan_terdekat": "LRT Jabodebek",
        "latitude": -6.2350822,
        "longitude": 106.8571431,
        "google_maps_url": "https://www.google.com/maps/search/?api=1&query=Kost%2081%2C%20Jalan%20Tebet%20Timur%20Dalam%20Raya%2C%20Indonesia",
        "google_maps_pin_url": "https://www.google.com/maps/search/?api=1&query=-6.235082246313117%2C106.8571430993818",
        "google_directions_url": "https://www.google.com/maps/dir/?api=1&destination=-6.235082246313117%2C106.8571430993818",
        "tingkat_kepercayaan": "menengah",
        "status_verifikasi": "kandidat AHR terkurasi dari OSM",
        "sumber_kontak": null
      },
      "geometry": {
        "type": "Point",
        "coordinates": [
          106.8571430993818,
          -6.235082246313117
        ]
      }
    },
    {
      "type": "Feature",
      "properties": {
        "nama_ahr": "ZF Kost Zein Family",
        "tipe_ahr": "residential",
        "alamat": "Jalan Tebet Timur Dalam Raya 91",
        "status_sewa": "belum terverifikasi (kandidat OSM)",
        "kontak_telepon": null,
        "url_sumber": "https://www.openstreetmap.org/way/1098571522",
        "tanggal_akses": "2026-08-05T07:33:37.864840+00:00",
        "osm_type": "way",
        "osm_id": "1098571522",
        "jarak_ke_jalur_m": 877.3,
        "dalam_500m": false,
        "dalam_700m": false,
        "dalam_1000m": true,
        "layanan_terdekat": "LRT Jabodebek",
        "latitude": -6.2355325,
        "longitude": 106.8571812,
        "google_maps_url": "https://www.google.com/maps/search/?api=1&query=ZF%20Kost%20Zein%20Family%2C%20Jalan%20Tebet%20Timur%20Dalam%20Raya%2091%2C%20Indonesia",
        "google_maps_pin_url": "https://www.google.com/maps/search/?api=1&query=-6.235532500606931%2C106.85718118010321",
        "google_directions_url": "https://www.google.com/maps/dir/?api=1&destination=-6.235532500606931%2C106.85718118010321",
        "tingkat_kepercayaan": "menengah",
        "status_verifikasi": "kandidat AHR terkurasi dari OSM",
        "sumber_kontak": null
      },
      "geometry": {
        "type": "Point",
        "coordinates": [
          106.85718118010321,
          -6.235532500606931
        ]
      }
    },
    {
      "type": "Feature",
      "properties": {
        "nama_ahr": "Bellevue Place",
        "tipe_ahr": "apartments",
        "alamat": "<NA>",
        "status_sewa": "belum terverifikasi (kandidat OSM)",
        "kontak_telepon": null,
        "url_sumber": "https://www.openstreetmap.org/way/1103897940",
        "tanggal_akses": "2026-08-05T07:33:37.864840+00:00",
        "osm_type": "way",
        "osm_id": "1103897940",
        "jarak_ke_jalur_m": 108,
        "dalam_500m": true,
        "dalam_700m": true,
        "dalam_1000m": true,
        "layanan_terdekat": "LRT Jabodebek",
        "latitude": -6.2424373,
        "longitude": 106.8538864,
        "google_maps_url": "https://www.google.com/maps/search/?api=1&query=Bellevue%20Place%2C%20%3CNA%3E%2C%20Indonesia",
        "google_maps_pin_url": "https://www.google.com/maps/search/?api=1&query=-6.242437349972694%2C106.85388635799094",
        "google_directions_url": "https://www.google.com/maps/dir/?api=1&destination=-6.242437349972694%2C106.85388635799094",
        "tingkat_kepercayaan": "tinggi",
        "status_verifikasi": "kandidat AHR terkurasi dari OSM",
        "sumber_kontak": null
      },
      "geometry": {
        "type": "Point",
        "coordinates": [
          106.85388635799094,
          -6.242437349972694
        ]
      }
    },
    {
      "type": "Feature",
      "properties": {
        "nama_ahr": "Sudirman Residences",
        "tipe_ahr": "hunian",
        "alamat": "<NA>",
        "status_sewa": "belum terverifikasi (kandidat OSM)",
        "kontak_telepon": null,
        "url_sumber": "https://www.openstreetmap.org/way/1112712902",
        "tanggal_akses": "2026-08-05T07:33:37.864840+00:00",
        "osm_type": "way",
        "osm_id": "1112712902",
        "jarak_ke_jalur_m": 136.5,
        "dalam_500m": true,
        "dalam_700m": true,
        "dalam_1000m": true,
        "layanan_terdekat": "MRT Jakarta",
        "latitude": -6.208823,
        "longitude": 106.8231288,
        "google_maps_url": "https://www.google.com/maps/search/?api=1&query=Sudirman%20Residences%2C%20%3CNA%3E%2C%20Indonesia",
        "google_maps_pin_url": "https://www.google.com/maps/search/?api=1&query=-6.208822963968824%2C106.82312876386445",
        "google_directions_url": "https://www.google.com/maps/dir/?api=1&destination=-6.208822963968824%2C106.82312876386445",
        "tingkat_kepercayaan": "menengah",
        "status_verifikasi": "kandidat AHR terkurasi dari OSM",
        "sumber_kontak": null
      },
      "geometry": {
        "type": "Point",
        "coordinates": [
          106.82312876386445,
          -6.208822963968824
        ]
      }
    },
    {
      "type": "Feature",
      "properties": {
        "nama_ahr": "South Hills",
        "tipe_ahr": "apartments",
        "alamat": "<NA>",
        "status_sewa": "belum terverifikasi (kandidat OSM)",
        "kontak_telepon": "021 2902 3300",
        "url_sumber": "https://www.openstreetmap.org/way/1125075678",
        "tanggal_akses": "2026-08-05T07:33:37.864840+00:00",
        "osm_type": "way",
        "osm_id": "1125075678",
        "jarak_ke_jalur_m": 200.2,
        "dalam_500m": true,
        "dalam_700m": true,
        "dalam_1000m": true,
        "layanan_terdekat": "LRT Jabodebek",
        "latitude": -6.2230001,
        "longitude": 106.8306942,
        "google_maps_url": "https://www.google.com/maps/search/?api=1&query=South%20Hills%2C%20%3CNA%3E%2C%20Indonesia",
        "google_maps_pin_url": "https://www.google.com/maps/search/?api=1&query=-6.223000050177522%2C106.83069420044964",
        "google_directions_url": "https://www.google.com/maps/dir/?api=1&destination=-6.223000050177522%2C106.83069420044964",
        "tingkat_kepercayaan": "tinggi",
        "status_verifikasi": "nama AHR dan kontak terverifikasi dari sumber publik",
        "sumber_kontak": "situs resmi South Hills",
        "url_resmi": "https://www.southhills.co.id",
        "kontak_tambahan": [],
        "jenis_kontak": "pengelola",
        "url_kontak": "https://southhills.co.id/contact.html",
        "tanggal_verifikasi_kontak": "2026-08-06"
      },
      "geometry": {
        "type": "Point",
        "coordinates": [
          106.83069420044964,
          -6.223000050177522
        ]
      }
    },
    {
      "type": "Feature",
      "properties": {
        "nama_ahr": "North Tower",
        "tipe_ahr": "apartments",
        "alamat": "<NA>",
        "status_sewa": "belum terverifikasi (kandidat OSM)",
        "kontak_telepon": null,
        "url_sumber": "https://www.openstreetmap.org/way/1188795186",
        "tanggal_akses": "2026-08-05T07:33:37.864840+00:00",
        "osm_type": "way",
        "osm_id": "1188795186",
        "jarak_ke_jalur_m": 74.1,
        "dalam_500m": true,
        "dalam_700m": true,
        "dalam_1000m": true,
        "layanan_terdekat": "MRT Jakarta",
        "latitude": -6.2930687,
        "longitude": 106.7863328,
        "google_maps_url": "https://www.google.com/maps/search/?api=1&query=North%20Tower%2C%20%3CNA%3E%2C%20Indonesia",
        "google_maps_pin_url": "https://www.google.com/maps/search/?api=1&query=-6.29306870007407%2C106.7863327866082",
        "google_directions_url": "https://www.google.com/maps/dir/?api=1&destination=-6.29306870007407%2C106.7863327866082",
        "tingkat_kepercayaan": "tinggi",
        "status_verifikasi": "kandidat AHR terkurasi dari OSM",
        "sumber_kontak": null
      },
      "geometry": {
        "type": "Point",
        "coordinates": [
          106.7863327866082,
          -6.29306870007407
        ]
      }
    },
    {
      "type": "Feature",
      "properties": {
        "nama_ahr": "Tower E",
        "tipe_ahr": "apartments",
        "alamat": "<NA>",
        "status_sewa": "belum terverifikasi (kandidat OSM)",
        "kontak_telepon": null,
        "url_sumber": "https://www.openstreetmap.org/way/1190081594",
        "tanggal_akses": "2026-08-05T07:33:37.864840+00:00",
        "osm_type": "way",
        "osm_id": "1190081594",
        "jarak_ke_jalur_m": 408.8,
        "dalam_500m": true,
        "dalam_700m": true,
        "dalam_1000m": true,
        "layanan_terdekat": "MRT Jakarta",
        "latitude": -6.2960397,
        "longitude": 106.7857017,
        "google_maps_url": "https://www.google.com/maps/search/?api=1&query=Tower%20E%2C%20%3CNA%3E%2C%20Indonesia",
        "google_maps_pin_url": "https://www.google.com/maps/search/?api=1&query=-6.296039699998412%2C106.78570166137152",
        "google_directions_url": "https://www.google.com/maps/dir/?api=1&destination=-6.296039699998412%2C106.78570166137152",
        "tingkat_kepercayaan": "tinggi",
        "status_verifikasi": "kandidat AHR terkurasi dari OSM",
        "sumber_kontak": null
      },
      "geometry": {
        "type": "Point",
        "coordinates": [
          106.78570166137152,
          -6.296039699998412
        ]
      }
    },
    {
      "type": "Feature",
      "properties": {
        "nama_ahr": "Tower Bandoneon",
        "tipe_ahr": "apartments",
        "alamat": "<NA>",
        "status_sewa": "belum terverifikasi (kandidat OSM)",
        "kontak_telepon": null,
        "url_sumber": "https://www.openstreetmap.org/way/1207677246",
        "tanggal_akses": "2026-08-05T07:33:37.864840+00:00",
        "osm_type": "way",
        "osm_id": "1207677246",
        "jarak_ke_jalur_m": 148.3,
        "dalam_500m": true,
        "dalam_700m": true,
        "dalam_1000m": true,
        "layanan_terdekat": "LRT Jabodebek",
        "latitude": -6.2563234,
        "longitude": 106.928678,
        "google_maps_url": "https://www.google.com/maps/search/?api=1&query=Tower%20Bandoneon%2C%20%3CNA%3E%2C%20Indonesia",
        "google_maps_pin_url": "https://www.google.com/maps/search/?api=1&query=-6.256323351185279%2C106.92867802106461",
        "google_directions_url": "https://www.google.com/maps/dir/?api=1&destination=-6.256323351185279%2C106.92867802106461",
        "tingkat_kepercayaan": "tinggi",
        "status_verifikasi": "kandidat AHR terkurasi dari OSM",
        "sumber_kontak": null
      },
      "geometry": {
        "type": "Point",
        "coordinates": [
          106.92867802106461,
          -6.256323351185279
        ]
      }
    },
    {
      "type": "Feature",
      "properties": {
        "nama_ahr": "Kos Bu Neneng Al Makmur",
        "tipe_ahr": "house",
        "alamat": "Jalan Masjid Al Makmur, Gang Dalam 28",
        "status_sewa": "belum terverifikasi (kandidat OSM)",
        "kontak_telepon": null,
        "url_sumber": "https://www.openstreetmap.org/way/1213237102",
        "tanggal_akses": "2026-08-05T07:33:37.864840+00:00",
        "osm_type": "way",
        "osm_id": "1213237102",
        "jarak_ke_jalur_m": 445.5,
        "dalam_500m": true,
        "dalam_700m": true,
        "dalam_1000m": true,
        "layanan_terdekat": "MRT Jakarta",
        "latitude": -6.2529868,
        "longitude": 106.7933222,
        "google_maps_url": "https://www.google.com/maps/search/?api=1&query=Kos%20Bu%20Neneng%20Al%20Makmur%2C%20Jalan%20Masjid%20Al%20Makmur%2C%20Gang%20Dalam%2028%2C%20Indonesia",
        "google_maps_pin_url": "https://www.google.com/maps/search/?api=1&query=-6.252986799367442%2C106.79332218637214",
        "google_directions_url": "https://www.google.com/maps/dir/?api=1&destination=-6.252986799367442%2C106.79332218637214",
        "tingkat_kepercayaan": "menengah",
        "status_verifikasi": "kandidat AHR terkurasi dari OSM",
        "sumber_kontak": null
      },
      "geometry": {
        "type": "Point",
        "coordinates": [
          106.79332218637214,
          -6.252986799367442
        ]
      }
    },
    {
      "type": "Feature",
      "properties": {
        "nama_ahr": "Apartemen Bona Vista",
        "tipe_ahr": "hunian",
        "alamat": "<NA>",
        "status_sewa": "belum terverifikasi (kandidat OSM)",
        "kontak_telepon": null,
        "url_sumber": "https://www.openstreetmap.org/way/1215624272",
        "tanggal_akses": "2026-08-05T07:33:37.864840+00:00",
        "osm_type": "way",
        "osm_id": "1215624272",
        "jarak_ke_jalur_m": 827.1,
        "dalam_500m": false,
        "dalam_700m": false,
        "dalam_1000m": true,
        "layanan_terdekat": "MRT Jakarta",
        "latitude": -6.2997955,
        "longitude": 106.7852507,
        "google_maps_url": "https://www.google.com/maps/search/?api=1&query=Apartemen%20Bona%20Vista%2C%20%3CNA%3E%2C%20Indonesia",
        "google_maps_pin_url": "https://www.google.com/maps/search/?api=1&query=-6.299795517339202%2C106.78525068121452",
        "google_directions_url": "https://www.google.com/maps/dir/?api=1&destination=-6.299795517339202%2C106.78525068121452",
        "tingkat_kepercayaan": "tinggi",
        "status_verifikasi": "kandidat AHR terkurasi dari OSM",
        "sumber_kontak": null
      },
      "geometry": {
        "type": "Point",
        "coordinates": [
          106.78525068121452,
          -6.299795517339202
        ]
      }
    },
    {
      "type": "Feature",
      "properties": {
        "nama_ahr": "Apartemen Senayan Residence",
        "tipe_ahr": "hunian",
        "alamat": "Jalan Patal Senayan I 5",
        "status_sewa": "belum terverifikasi (kandidat OSM)",
        "kontak_telepon": null,
        "url_sumber": "https://www.openstreetmap.org/way/1233026043",
        "tanggal_akses": "2026-08-05T07:33:37.864840+00:00",
        "osm_type": "way",
        "osm_id": "1233026043",
        "jarak_ke_jalur_m": 912.9,
        "dalam_500m": false,
        "dalam_700m": false,
        "dalam_1000m": true,
        "layanan_terdekat": "MRT Jakarta",
        "latitude": -6.2227941,
        "longitude": 106.7941913,
        "google_maps_url": "https://www.google.com/maps/search/?api=1&query=Apartemen%20Senayan%20Residence%2C%20Jalan%20Patal%20Senayan%20I%205%2C%20Indonesia",
        "google_maps_pin_url": "https://www.google.com/maps/search/?api=1&query=-6.222794080013749%2C106.79419132756433",
        "google_directions_url": "https://www.google.com/maps/dir/?api=1&destination=-6.222794080013749%2C106.79419132756433",
        "tingkat_kepercayaan": "tinggi",
        "status_verifikasi": "kandidat AHR terkurasi dari OSM",
        "sumber_kontak": null
      },
      "geometry": {
        "type": "Point",
        "coordinates": [
          106.79419132756433,
          -6.222794080013749
        ]
      }
    },
    {
      "type": "Feature",
      "properties": {
        "nama_ahr": "Tower Azure",
        "tipe_ahr": "apartments",
        "alamat": "<NA>",
        "status_sewa": "belum terverifikasi (kandidat OSM)",
        "kontak_telepon": null,
        "url_sumber": "https://www.openstreetmap.org/way/1234089933",
        "tanggal_akses": "2026-08-05T07:33:37.864840+00:00",
        "osm_type": "way",
        "osm_id": "1234089933",
        "jarak_ke_jalur_m": 103.4,
        "dalam_500m": true,
        "dalam_700m": true,
        "dalam_1000m": true,
        "layanan_terdekat": "LRT Jabodebek",
        "latitude": -6.3246435,
        "longitude": 106.8856997,
        "google_maps_url": "https://www.google.com/maps/search/?api=1&query=Tower%20Azure%2C%20%3CNA%3E%2C%20Indonesia",
        "google_maps_pin_url": "https://www.google.com/maps/search/?api=1&query=-6.324643522238071%2C106.88569973122951",
        "google_directions_url": "https://www.google.com/maps/dir/?api=1&destination=-6.324643522238071%2C106.88569973122951",
        "tingkat_kepercayaan": "tinggi",
        "status_verifikasi": "kandidat AHR terkurasi dari OSM",
        "sumber_kontak": null
      },
      "geometry": {
        "type": "Point",
        "coordinates": [
          106.88569973122951,
          -6.324643522238071
        ]
      }
    },
    {
      "type": "Feature",
      "properties": {
        "nama_ahr": "Dahlia Tower",
        "tipe_ahr": "apartments",
        "alamat": "<NA>",
        "status_sewa": "belum terverifikasi (kandidat OSM)",
        "kontak_telepon": null,
        "url_sumber": "https://www.openstreetmap.org/way/1234091637",
        "tanggal_akses": "2026-08-05T07:33:37.864840+00:00",
        "osm_type": "way",
        "osm_id": "1234091637",
        "jarak_ke_jalur_m": 427,
        "dalam_500m": true,
        "dalam_700m": true,
        "dalam_1000m": true,
        "layanan_terdekat": "LRT Jabodebek",
        "latitude": -6.3240857,
        "longitude": 106.8905266,
        "google_maps_url": "https://www.google.com/maps/search/?api=1&query=Dahlia%20Tower%2C%20%3CNA%3E%2C%20Indonesia",
        "google_maps_pin_url": "https://www.google.com/maps/search/?api=1&query=-6.324085691604964%2C106.89052656368926",
        "google_directions_url": "https://www.google.com/maps/dir/?api=1&destination=-6.324085691604964%2C106.89052656368926",
        "tingkat_kepercayaan": "tinggi",
        "status_verifikasi": "kandidat AHR terkurasi dari OSM",
        "sumber_kontak": null
      },
      "geometry": {
        "type": "Point",
        "coordinates": [
          106.89052656368926,
          -6.324085691604964
        ]
      }
    },
    {
      "type": "Feature",
      "properties": {
        "nama_ahr": "Cattleya Tower",
        "tipe_ahr": "apartments",
        "alamat": "<NA>",
        "status_sewa": "belum terverifikasi (kandidat OSM)",
        "kontak_telepon": null,
        "url_sumber": "https://www.openstreetmap.org/way/1234091639",
        "tanggal_akses": "2026-08-05T07:33:37.864840+00:00",
        "osm_type": "way",
        "osm_id": "1234091639",
        "jarak_ke_jalur_m": 460.8,
        "dalam_500m": true,
        "dalam_700m": true,
        "dalam_1000m": true,
        "layanan_terdekat": "LRT Jabodebek",
        "latitude": -6.3236225,
        "longitude": 106.8908259,
        "google_maps_url": "https://www.google.com/maps/search/?api=1&query=Cattleya%20Tower%2C%20%3CNA%3E%2C%20Indonesia",
        "google_maps_pin_url": "https://www.google.com/maps/search/?api=1&query=-6.323622495361173%2C106.89082592383704",
        "google_directions_url": "https://www.google.com/maps/dir/?api=1&destination=-6.323622495361173%2C106.89082592383704",
        "tingkat_kepercayaan": "tinggi",
        "status_verifikasi": "kandidat AHR terkurasi dari OSM",
        "sumber_kontak": null
      },
      "geometry": {
        "type": "Point",
        "coordinates": [
          106.89082592383704,
          -6.323622495361173
        ]
      }
    },
    {
      "type": "Feature",
      "properties": {
        "nama_ahr": "Tower Accordion",
        "tipe_ahr": "apartments",
        "alamat": "<NA>",
        "status_sewa": "belum terverifikasi (kandidat OSM)",
        "kontak_telepon": null,
        "url_sumber": "https://www.openstreetmap.org/way/1236353141",
        "tanggal_akses": "2026-08-05T07:33:37.864840+00:00",
        "osm_type": "way",
        "osm_id": "1236353141",
        "jarak_ke_jalur_m": 119.2,
        "dalam_500m": true,
        "dalam_700m": true,
        "dalam_1000m": true,
        "layanan_terdekat": "LRT Jabodebek",
        "latitude": -6.2565701,
        "longitude": 106.9290192,
        "google_maps_url": "https://www.google.com/maps/search/?api=1&query=Tower%20Accordion%2C%20%3CNA%3E%2C%20Indonesia",
        "google_maps_pin_url": "https://www.google.com/maps/search/?api=1&query=-6.256570120585362%2C106.92901916101205",
        "google_directions_url": "https://www.google.com/maps/dir/?api=1&destination=-6.256570120585362%2C106.92901916101205",
        "tingkat_kepercayaan": "tinggi",
        "status_verifikasi": "kandidat AHR terkurasi dari OSM",
        "sumber_kontak": null
      },
      "geometry": {
        "type": "Point",
        "coordinates": [
          106.92901916101205,
          -6.256570120585362
        ]
      }
    },
    {
      "type": "Feature",
      "properties": {
        "nama_ahr": "The Capital Residence",
        "tipe_ahr": "hunian",
        "alamat": "Lot 24, SCBD, JL. Jend. Sudirman, Kav. 52- 53",
        "status_sewa": "belum terverifikasi (kandidat OSM)",
        "kontak_telepon": null,
        "url_sumber": "https://www.openstreetmap.org/way/1244589753",
        "tanggal_akses": "2026-08-05T07:33:37.864840+00:00",
        "osm_type": "way",
        "osm_id": "1244589753",
        "jarak_ke_jalur_m": 421,
        "dalam_500m": true,
        "dalam_700m": true,
        "dalam_1000m": true,
        "layanan_terdekat": "MRT Jakarta",
        "latitude": -6.2252493,
        "longitude": 106.8112555,
        "google_maps_url": "https://www.google.com/maps/search/?api=1&query=The%20Capital%20Residence%2C%20Lot%2024%2C%20SCBD%2C%20JL.%20Jend.%20Sudirman%2C%20Kav.%2052-%2053%2C%20Indonesia",
        "google_maps_pin_url": "https://www.google.com/maps/search/?api=1&query=-6.225249260997818%2C106.81125547907384",
        "google_directions_url": "https://www.google.com/maps/dir/?api=1&destination=-6.225249260997818%2C106.81125547907384",
        "tingkat_kepercayaan": "menengah",
        "status_verifikasi": "kandidat AHR terkurasi dari OSM",
        "sumber_kontak": null
      },
      "geometry": {
        "type": "Point",
        "coordinates": [
          106.81125547907384,
          -6.225249260997818
        ]
      }
    },
    {
      "type": "Feature",
      "properties": {
        "nama_ahr": "Setiabudi Residences",
        "tipe_ahr": "hunian",
        "alamat": "Jl. Setiabudi Selatan Raya No. 1",
        "status_sewa": "belum terverifikasi (kandidat OSM)",
        "kontak_telepon": null,
        "url_sumber": "https://www.openstreetmap.org/way/1272860285",
        "tanggal_akses": "2026-08-05T07:33:37.864840+00:00",
        "osm_type": "way",
        "osm_id": "1272860285",
        "jarak_ke_jalur_m": 179.1,
        "dalam_500m": true,
        "dalam_700m": true,
        "dalam_1000m": true,
        "layanan_terdekat": "LRT Jabodebek",
        "latitude": -6.2167029,
        "longitude": 106.8291037,
        "google_maps_url": "https://www.google.com/maps/search/?api=1&query=Setiabudi%20Residences%2C%20Jl.%20Setiabudi%20Selatan%20Raya%20No.%201%2C%20Indonesia",
        "google_maps_pin_url": "https://www.google.com/maps/search/?api=1&query=-6.216702944119257%2C106.82910369862381",
        "google_directions_url": "https://www.google.com/maps/dir/?api=1&destination=-6.216702944119257%2C106.82910369862381",
        "tingkat_kepercayaan": "menengah",
        "status_verifikasi": "kandidat AHR terkurasi dari OSM",
        "sumber_kontak": null
      },
      "geometry": {
        "type": "Point",
        "coordinates": [
          106.82910369862381,
          -6.216702944119257
        ]
      }
    },
    {
      "type": "Feature",
      "properties": {
        "nama_ahr": "Mont Blanc Apartment",
        "tipe_ahr": "apartments",
        "alamat": "<NA>",
        "status_sewa": "belum terverifikasi (kandidat OSM)",
        "kontak_telepon": null,
        "url_sumber": "https://www.openstreetmap.org/way/1324057652",
        "tanggal_akses": "2026-08-05T07:33:37.864840+00:00",
        "osm_type": "way",
        "osm_id": "1324057652",
        "jarak_ke_jalur_m": 505.6,
        "dalam_500m": false,
        "dalam_700m": true,
        "dalam_1000m": true,
        "layanan_terdekat": "LRT Jabodebek",
        "latitude": -6.2592569,
        "longitude": 107.0217075,
        "google_maps_url": "https://www.google.com/maps/search/?api=1&query=Mont%20Blanc%20Apartment%2C%20%3CNA%3E%2C%20Indonesia",
        "google_maps_pin_url": "https://www.google.com/maps/search/?api=1&query=-6.259256900007533%2C107.0217075000239",
        "google_directions_url": "https://www.google.com/maps/dir/?api=1&destination=-6.259256900007533%2C107.0217075000239",
        "tingkat_kepercayaan": "tinggi",
        "status_verifikasi": "kandidat AHR terkurasi dari OSM",
        "sumber_kontak": null
      },
      "geometry": {
        "type": "Point",
        "coordinates": [
          107.0217075000239,
          -6.259256900007533
        ]
      }
    },
    {
      "type": "Feature",
      "properties": {
        "nama_ahr": "Tamansari Iswara Apartment B",
        "tipe_ahr": "apartments",
        "alamat": "<NA>",
        "status_sewa": "belum terverifikasi (kandidat OSM)",
        "kontak_telepon": null,
        "url_sumber": "https://www.openstreetmap.org/way/1324072061",
        "tanggal_akses": "2026-08-05T07:33:37.864840+00:00",
        "osm_type": "way",
        "osm_id": "1324072061",
        "jarak_ke_jalur_m": 629.9,
        "dalam_500m": false,
        "dalam_700m": true,
        "dalam_1000m": true,
        "layanan_terdekat": "LRT Jabodebek",
        "latitude": -6.2611117,
        "longitude": 106.9960601,
        "google_maps_url": "https://www.google.com/maps/search/?api=1&query=Tamansari%20Iswara%20Apartment%20B%2C%20%3CNA%3E%2C%20Indonesia",
        "google_maps_pin_url": "https://www.google.com/maps/search/?api=1&query=-6.261111654510117%2C106.99606005437734",
        "google_directions_url": "https://www.google.com/maps/dir/?api=1&destination=-6.261111654510117%2C106.99606005437734",
        "tingkat_kepercayaan": "tinggi",
        "status_verifikasi": "kandidat AHR terkurasi dari OSM",
        "sumber_kontak": null
      },
      "geometry": {
        "type": "Point",
        "coordinates": [
          106.99606005437734,
          -6.261111654510117
        ]
      }
    },
    {
      "type": "Feature",
      "properties": {
        "nama_ahr": "Tamansari Iswara Apartment A",
        "tipe_ahr": "apartments",
        "alamat": "<NA>",
        "status_sewa": "belum terverifikasi (kandidat OSM)",
        "kontak_telepon": null,
        "url_sumber": "https://www.openstreetmap.org/way/1324072516",
        "tanggal_akses": "2026-08-05T07:33:37.864840+00:00",
        "osm_type": "way",
        "osm_id": "1324072516",
        "jarak_ke_jalur_m": 630.1,
        "dalam_500m": false,
        "dalam_700m": true,
        "dalam_1000m": true,
        "layanan_terdekat": "LRT Jabodebek",
        "latitude": -6.2612339,
        "longitude": 106.9963956,
        "google_maps_url": "https://www.google.com/maps/search/?api=1&query=Tamansari%20Iswara%20Apartment%20A%2C%20%3CNA%3E%2C%20Indonesia",
        "google_maps_pin_url": "https://www.google.com/maps/search/?api=1&query=-6.261233948186124%2C106.99639556081637",
        "google_directions_url": "https://www.google.com/maps/dir/?api=1&destination=-6.261233948186124%2C106.99639556081637",
        "tingkat_kepercayaan": "tinggi",
        "status_verifikasi": "kandidat AHR terkurasi dari OSM",
        "sumber_kontak": null
      },
      "geometry": {
        "type": "Point",
        "coordinates": [
          106.99639556081637,
          -6.261233948186124
        ]
      }
    },
    {
      "type": "Feature",
      "properties": {
        "nama_ahr": "TransPark Cibubur Apartement B",
        "tipe_ahr": "apartments",
        "alamat": "<NA>",
        "status_sewa": "belum terverifikasi (kandidat OSM)",
        "kontak_telepon": null,
        "url_sumber": "https://www.openstreetmap.org/way/1324673388",
        "tanggal_akses": "2026-08-05T07:33:37.864840+00:00",
        "osm_type": "way",
        "osm_id": "1324673388",
        "jarak_ke_jalur_m": 794.5,
        "dalam_500m": false,
        "dalam_700m": false,
        "dalam_1000m": true,
        "layanan_terdekat": "LRT Jabodebek",
        "latitude": -6.3746826,
        "longitude": 106.9031306,
        "google_maps_url": "https://www.google.com/maps/search/?api=1&query=TransPark%20Cibubur%20Apartement%20B%2C%20%3CNA%3E%2C%20Indonesia",
        "google_maps_pin_url": "https://www.google.com/maps/search/?api=1&query=-6.37468264528234%2C106.90313060118363",
        "google_directions_url": "https://www.google.com/maps/dir/?api=1&destination=-6.37468264528234%2C106.90313060118363",
        "tingkat_kepercayaan": "tinggi",
        "status_verifikasi": "kandidat AHR terkurasi dari OSM",
        "sumber_kontak": null
      },
      "geometry": {
        "type": "Point",
        "coordinates": [
          106.90313060118363,
          -6.37468264528234
        ]
      }
    },
    {
      "type": "Feature",
      "properties": {
        "nama_ahr": "Tower Crystalline - Transpark Cibubur",
        "tipe_ahr": "apartments",
        "alamat": "<NA>",
        "status_sewa": "belum terverifikasi (kandidat OSM)",
        "kontak_telepon": null,
        "url_sumber": "https://www.openstreetmap.org/way/1324673389",
        "tanggal_akses": "2026-08-05T07:33:37.864840+00:00",
        "osm_type": "way",
        "osm_id": "1324673389",
        "jarak_ke_jalur_m": 790,
        "dalam_500m": false,
        "dalam_700m": false,
        "dalam_1000m": true,
        "layanan_terdekat": "LRT Jabodebek",
        "latitude": -6.3736911,
        "longitude": 106.9029121,
        "google_maps_url": "https://www.google.com/maps/search/?api=1&query=Tower%20Crystalline%20-%20Transpark%20Cibubur%2C%20%3CNA%3E%2C%20Indonesia",
        "google_maps_pin_url": "https://www.google.com/maps/search/?api=1&query=-6.373691050491487%2C106.90291205324536",
        "google_directions_url": "https://www.google.com/maps/dir/?api=1&destination=-6.373691050491487%2C106.90291205324536",
        "tingkat_kepercayaan": "tinggi",
        "status_verifikasi": "kandidat AHR terkurasi dari OSM",
        "sumber_kontak": null
      },
      "geometry": {
        "type": "Point",
        "coordinates": [
          106.90291205324536,
          -6.373691050491487
        ]
      }
    },
    {
      "type": "Feature",
      "properties": {
        "nama_ahr": "Senayan City Residence",
        "tipe_ahr": "apartments",
        "alamat": "<NA>",
        "status_sewa": "belum terverifikasi (kandidat OSM)",
        "kontak_telepon": null,
        "url_sumber": "https://www.openstreetmap.org/way/1335039740",
        "tanggal_akses": "2026-08-05T07:33:37.864840+00:00",
        "osm_type": "way",
        "osm_id": "1335039740",
        "jarak_ke_jalur_m": 401.8,
        "dalam_500m": true,
        "dalam_700m": true,
        "dalam_1000m": true,
        "layanan_terdekat": "MRT Jakarta",
        "latitude": -6.2268492,
        "longitude": 106.7967067,
        "google_maps_url": "https://www.google.com/maps/search/?api=1&query=Senayan%20City%20Residence%2C%20%3CNA%3E%2C%20Indonesia",
        "google_maps_pin_url": "https://www.google.com/maps/search/?api=1&query=-6.22684923130571%2C106.79670670295009",
        "google_directions_url": "https://www.google.com/maps/dir/?api=1&destination=-6.22684923130571%2C106.79670670295009",
        "tingkat_kepercayaan": "tinggi",
        "status_verifikasi": "kandidat AHR terkurasi dari OSM",
        "sumber_kontak": null
      },
      "geometry": {
        "type": "Point",
        "coordinates": [
          106.79670670295009,
          -6.22684923130571
        ]
      }
    },
    {
      "type": "Feature",
      "properties": {
        "nama_ahr": "The Lebak Bulus Residence",
        "tipe_ahr": "hunian",
        "alamat": "<NA>",
        "status_sewa": "belum terverifikasi (kandidat OSM)",
        "kontak_telepon": null,
        "url_sumber": "https://www.openstreetmap.org/way/1338629758",
        "tanggal_akses": "2026-08-05T07:33:37.864840+00:00",
        "osm_type": "way",
        "osm_id": "1338629758",
        "jarak_ke_jalur_m": 594.2,
        "dalam_500m": false,
        "dalam_700m": true,
        "dalam_1000m": true,
        "layanan_terdekat": "MRT Jakarta",
        "latitude": -6.2978279,
        "longitude": 106.7896512,
        "google_maps_url": "https://www.google.com/maps/search/?api=1&query=The%20Lebak%20Bulus%20Residence%2C%20%3CNA%3E%2C%20Indonesia",
        "google_maps_pin_url": "https://www.google.com/maps/search/?api=1&query=-6.297827864639292%2C106.78965120249622",
        "google_directions_url": "https://www.google.com/maps/dir/?api=1&destination=-6.297827864639292%2C106.78965120249622",
        "tingkat_kepercayaan": "menengah",
        "status_verifikasi": "kandidat AHR terkurasi dari OSM",
        "sumber_kontak": null
      },
      "geometry": {
        "type": "Point",
        "coordinates": [
          106.78965120249622,
          -6.297827864639292
        ]
      }
    },
    {
      "type": "Feature",
      "properties": {
        "nama_ahr": "Double Seven Residences",
        "tipe_ahr": "hunian",
        "alamat": "<NA>",
        "status_sewa": "belum terverifikasi (kandidat OSM)",
        "kontak_telepon": null,
        "url_sumber": "https://www.openstreetmap.org/way/1338629759",
        "tanggal_akses": "2026-08-05T07:33:37.864840+00:00",
        "osm_type": "way",
        "osm_id": "1338629759",
        "jarak_ke_jalur_m": 599,
        "dalam_500m": false,
        "dalam_700m": true,
        "dalam_1000m": true,
        "layanan_terdekat": "MRT Jakarta",
        "latitude": -6.297875,
        "longitude": 106.7901062,
        "google_maps_url": "https://www.google.com/maps/search/?api=1&query=Double%20Seven%20Residences%2C%20%3CNA%3E%2C%20Indonesia",
        "google_maps_pin_url": "https://www.google.com/maps/search/?api=1&query=-6.297874961989421%2C106.79010618230723",
        "google_directions_url": "https://www.google.com/maps/dir/?api=1&destination=-6.297874961989421%2C106.79010618230723",
        "tingkat_kepercayaan": "menengah",
        "status_verifikasi": "kandidat AHR terkurasi dari OSM",
        "sumber_kontak": null
      },
      "geometry": {
        "type": "Point",
        "coordinates": [
          106.79010618230723,
          -6.297874961989421
        ]
      }
    },
    {
      "type": "Feature",
      "properties": {
        "nama_ahr": "Villa Fatmawati",
        "tipe_ahr": "hunian",
        "alamat": "<NA>",
        "status_sewa": "belum terverifikasi (kandidat OSM)",
        "kontak_telepon": null,
        "url_sumber": "https://www.openstreetmap.org/way/1338629760",
        "tanggal_akses": "2026-08-05T07:33:37.864840+00:00",
        "osm_type": "way",
        "osm_id": "1338629760",
        "jarak_ke_jalur_m": 508.5,
        "dalam_500m": false,
        "dalam_700m": true,
        "dalam_1000m": true,
        "layanan_terdekat": "MRT Jakarta",
        "latitude": -6.2970584,
        "longitude": 106.7902985,
        "google_maps_url": "https://www.google.com/maps/search/?api=1&query=Villa%20Fatmawati%2C%20%3CNA%3E%2C%20Indonesia",
        "google_maps_pin_url": "https://www.google.com/maps/search/?api=1&query=-6.297058407645216%2C106.79029850564675",
        "google_directions_url": "https://www.google.com/maps/dir/?api=1&destination=-6.297058407645216%2C106.79029850564675",
        "tingkat_kepercayaan": "menengah",
        "status_verifikasi": "kandidat AHR terkurasi dari OSM",
        "sumber_kontak": null
      },
      "geometry": {
        "type": "Point",
        "coordinates": [
          106.79029850564675,
          -6.297058407645216
        ]
      }
    },
    {
      "type": "Feature",
      "properties": {
        "nama_ahr": "Mansion 8",
        "tipe_ahr": "hunian",
        "alamat": "<NA>",
        "status_sewa": "belum terverifikasi (kandidat OSM)",
        "kontak_telepon": null,
        "url_sumber": "https://www.openstreetmap.org/way/1338629761",
        "tanggal_akses": "2026-08-05T07:33:37.864840+00:00",
        "osm_type": "way",
        "osm_id": "1338629761",
        "jarak_ke_jalur_m": 502.4,
        "dalam_500m": false,
        "dalam_700m": true,
        "dalam_1000m": true,
        "layanan_terdekat": "MRT Jakarta",
        "latitude": -6.2970123,
        "longitude": 106.792104,
        "google_maps_url": "https://www.google.com/maps/search/?api=1&query=Mansion%208%2C%20%3CNA%3E%2C%20Indonesia",
        "google_maps_pin_url": "https://www.google.com/maps/search/?api=1&query=-6.29701234105531%2C106.79210395757849",
        "google_directions_url": "https://www.google.com/maps/dir/?api=1&destination=-6.29701234105531%2C106.79210395757849",
        "tingkat_kepercayaan": "menengah",
        "status_verifikasi": "kandidat AHR terkurasi dari OSM",
        "sumber_kontak": null
      },
      "geometry": {
        "type": "Point",
        "coordinates": [
          106.79210395757849,
          -6.29701234105531
        ]
      }
    },
    {
      "type": "Feature",
      "properties": {
        "nama_ahr": "Komplek Koperasi",
        "tipe_ahr": "hunian",
        "alamat": "<NA>",
        "status_sewa": "belum terverifikasi (kandidat OSM)",
        "kontak_telepon": null,
        "url_sumber": "https://www.openstreetmap.org/way/1338629763",
        "tanggal_akses": "2026-08-05T07:33:37.864840+00:00",
        "osm_type": "way",
        "osm_id": "1338629763",
        "jarak_ke_jalur_m": 557.3,
        "dalam_500m": false,
        "dalam_700m": true,
        "dalam_1000m": true,
        "layanan_terdekat": "MRT Jakarta",
        "latitude": -6.2975054,
        "longitude": 106.791271,
        "google_maps_url": "https://www.google.com/maps/search/?api=1&query=Komplek%20Koperasi%2C%20%3CNA%3E%2C%20Indonesia",
        "google_maps_pin_url": "https://www.google.com/maps/search/?api=1&query=-6.297505421313818%2C106.79127101823642",
        "google_directions_url": "https://www.google.com/maps/dir/?api=1&destination=-6.297505421313818%2C106.79127101823642",
        "tingkat_kepercayaan": "menengah",
        "status_verifikasi": "kandidat AHR terkurasi dari OSM",
        "sumber_kontak": null
      },
      "geometry": {
        "type": "Point",
        "coordinates": [
          106.79127101823642,
          -6.297505421313818
        ]
      }
    },
    {
      "type": "Feature",
      "properties": {
        "nama_ahr": "Kanaka Residence",
        "tipe_ahr": "hunian",
        "alamat": "<NA>",
        "status_sewa": "belum terverifikasi (kandidat OSM)",
        "kontak_telepon": null,
        "url_sumber": "https://www.openstreetmap.org/way/1338629765",
        "tanggal_akses": "2026-08-05T07:33:37.864840+00:00",
        "osm_type": "way",
        "osm_id": "1338629765",
        "jarak_ke_jalur_m": 805.5,
        "dalam_500m": false,
        "dalam_700m": false,
        "dalam_1000m": true,
        "layanan_terdekat": "MRT Jakarta",
        "latitude": -6.2997447,
        "longitude": 106.7903696,
        "google_maps_url": "https://www.google.com/maps/search/?api=1&query=Kanaka%20Residence%2C%20%3CNA%3E%2C%20Indonesia",
        "google_maps_pin_url": "https://www.google.com/maps/search/?api=1&query=-6.299744701787811%2C106.79036956340103",
        "google_directions_url": "https://www.google.com/maps/dir/?api=1&destination=-6.299744701787811%2C106.79036956340103",
        "tingkat_kepercayaan": "menengah",
        "status_verifikasi": "kandidat AHR terkurasi dari OSM",
        "sumber_kontak": null
      },
      "geometry": {
        "type": "Point",
        "coordinates": [
          106.79036956340103,
          -6.299744701787811
        ]
      }
    },
    {
      "type": "Feature",
      "properties": {
        "nama_ahr": "Kempinski Private Apartment",
        "tipe_ahr": "apartments",
        "alamat": "<NA>",
        "status_sewa": "belum terverifikasi (kandidat OSM)",
        "kontak_telepon": null,
        "url_sumber": "https://www.openstreetmap.org/way/1340527906",
        "tanggal_akses": "2026-08-05T07:33:37.864840+00:00",
        "osm_type": "way",
        "osm_id": "1340527906",
        "jarak_ke_jalur_m": 192.5,
        "dalam_500m": true,
        "dalam_700m": true,
        "dalam_1000m": true,
        "layanan_terdekat": "MRT Jakarta",
        "latitude": -6.1947626,
        "longitude": 106.8212633,
        "google_maps_url": "https://www.google.com/maps/search/?api=1&query=Kempinski%20Private%20Apartment%2C%20%3CNA%3E%2C%20Indonesia",
        "google_maps_pin_url": "https://www.google.com/maps/search/?api=1&query=-6.194762554778754%2C106.82126332871685",
        "google_directions_url": "https://www.google.com/maps/dir/?api=1&destination=-6.194762554778754%2C106.82126332871685",
        "tingkat_kepercayaan": "tinggi",
        "status_verifikasi": "kandidat AHR terkurasi dari OSM",
        "sumber_kontak": null
      },
      "geometry": {
        "type": "Point",
        "coordinates": [
          106.82126332871685,
          -6.194762554778754
        ]
      }
    },
    {
      "type": "Feature",
      "properties": {
        "nama_ahr": "Tower 2",
        "tipe_ahr": "apartments",
        "alamat": "<NA>",
        "status_sewa": "belum terverifikasi (kandidat OSM)",
        "kontak_telepon": null,
        "url_sumber": "https://www.openstreetmap.org/way/1384091775",
        "tanggal_akses": "2026-08-05T07:33:37.864840+00:00",
        "osm_type": "way",
        "osm_id": "1384091775",
        "jarak_ke_jalur_m": 600.9,
        "dalam_500m": false,
        "dalam_700m": true,
        "dalam_1000m": true,
        "layanan_terdekat": "MRT Jakarta",
        "latitude": -6.2527467,
        "longitude": 106.8028423,
        "google_maps_url": "https://www.google.com/maps/search/?api=1&query=Tower%202%2C%20%3CNA%3E%2C%20Indonesia",
        "google_maps_pin_url": "https://www.google.com/maps/search/?api=1&query=-6.252746731514145%2C106.80284232062053",
        "google_directions_url": "https://www.google.com/maps/dir/?api=1&destination=-6.252746731514145%2C106.80284232062053",
        "tingkat_kepercayaan": "tinggi",
        "status_verifikasi": "kandidat AHR terkurasi dari OSM",
        "sumber_kontak": null
      },
      "geometry": {
        "type": "Point",
        "coordinates": [
          106.80284232062053,
          -6.252746731514145
        ]
      }
    },
    {
      "type": "Feature",
      "properties": {
        "nama_ahr": "Tower 1",
        "tipe_ahr": "apartments",
        "alamat": "<NA>",
        "status_sewa": "belum terverifikasi (kandidat OSM)",
        "kontak_telepon": null,
        "url_sumber": "https://www.openstreetmap.org/way/1384091776",
        "tanggal_akses": "2026-08-05T07:33:37.864840+00:00",
        "osm_type": "way",
        "osm_id": "1384091776",
        "jarak_ke_jalur_m": 653.9,
        "dalam_500m": false,
        "dalam_700m": true,
        "dalam_1000m": true,
        "layanan_terdekat": "MRT Jakarta",
        "latitude": -6.2523492,
        "longitude": 106.8033444,
        "google_maps_url": "https://www.google.com/maps/search/?api=1&query=Tower%201%2C%20%3CNA%3E%2C%20Indonesia",
        "google_maps_pin_url": "https://www.google.com/maps/search/?api=1&query=-6.252349171964448%2C106.80334443781526",
        "google_directions_url": "https://www.google.com/maps/dir/?api=1&destination=-6.252349171964448%2C106.80334443781526",
        "tingkat_kepercayaan": "tinggi",
        "status_verifikasi": "kandidat AHR terkurasi dari OSM",
        "sumber_kontak": null
      },
      "geometry": {
        "type": "Point",
        "coordinates": [
          106.80334443781526,
          -6.252349171964448
        ]
      }
    },
    {
      "type": "Feature",
      "properties": {
        "nama_ahr": "Tower 3",
        "tipe_ahr": "apartments",
        "alamat": "<NA>",
        "status_sewa": "belum terverifikasi (kandidat OSM)",
        "kontak_telepon": null,
        "url_sumber": "https://www.openstreetmap.org/way/1384091777",
        "tanggal_akses": "2026-08-05T07:33:37.864840+00:00",
        "osm_type": "way",
        "osm_id": "1384091777",
        "jarak_ke_jalur_m": 544.1,
        "dalam_500m": false,
        "dalam_700m": true,
        "dalam_1000m": true,
        "layanan_terdekat": "MRT Jakarta",
        "latitude": -6.2525682,
        "longitude": 106.8023383,
        "google_maps_url": "https://www.google.com/maps/search/?api=1&query=Tower%203%2C%20%3CNA%3E%2C%20Indonesia",
        "google_maps_pin_url": "https://www.google.com/maps/search/?api=1&query=-6.252568171312285%2C106.80233825449261",
        "google_directions_url": "https://www.google.com/maps/dir/?api=1&destination=-6.252568171312285%2C106.80233825449261",
        "tingkat_kepercayaan": "tinggi",
        "status_verifikasi": "kandidat AHR terkurasi dari OSM",
        "sumber_kontak": null
      },
      "geometry": {
        "type": "Point",
        "coordinates": [
          106.80233825449261,
          -6.252568171312285
        ]
      }
    },
    {
      "type": "Feature",
      "properties": {
        "nama_ahr": "Apartemen Batavia",
        "tipe_ahr": "hunian",
        "alamat": "Jalan Bendungan Hilir",
        "status_sewa": "belum terverifikasi (kandidat OSM)",
        "kontak_telepon": null,
        "url_sumber": "https://www.openstreetmap.org/way/1443040479",
        "tanggal_akses": "2026-08-05T07:33:37.864840+00:00",
        "osm_type": "way",
        "osm_id": "1443040479",
        "jarak_ke_jalur_m": 569.5,
        "dalam_500m": false,
        "dalam_700m": true,
        "dalam_1000m": true,
        "layanan_terdekat": "MRT Jakarta",
        "latitude": -6.2113012,
        "longitude": 106.8142647,
        "google_maps_url": "https://www.google.com/maps/search/?api=1&query=Apartemen%20Batavia%2C%20Jalan%20Bendungan%20Hilir%2C%20Indonesia",
        "google_maps_pin_url": "https://www.google.com/maps/search/?api=1&query=-6.211301152342517%2C106.81426474322478",
        "google_directions_url": "https://www.google.com/maps/dir/?api=1&destination=-6.211301152342517%2C106.81426474322478",
        "tingkat_kepercayaan": "tinggi",
        "status_verifikasi": "kandidat AHR terkurasi dari OSM",
        "sumber_kontak": null
      },
      "geometry": {
        "type": "Point",
        "coordinates": [
          106.81426474322478,
          -6.211301152342517
        ]
      }
    },
    {
      "type": "Feature",
      "properties": {
        "nama_ahr": "Batavia Tower 1",
        "tipe_ahr": "apartments",
        "alamat": "<NA>",
        "status_sewa": "belum terverifikasi (kandidat OSM)",
        "kontak_telepon": null,
        "url_sumber": "https://www.openstreetmap.org/way/1443040481",
        "tanggal_akses": "2026-08-05T07:33:37.864840+00:00",
        "osm_type": "way",
        "osm_id": "1443040481",
        "jarak_ke_jalur_m": 642.4,
        "dalam_500m": false,
        "dalam_700m": true,
        "dalam_1000m": true,
        "layanan_terdekat": "MRT Jakarta",
        "latitude": -6.2113595,
        "longitude": 106.8131284,
        "google_maps_url": "https://www.google.com/maps/search/?api=1&query=Batavia%20Tower%201%2C%20%3CNA%3E%2C%20Indonesia",
        "google_maps_pin_url": "https://www.google.com/maps/search/?api=1&query=-6.21135947324959%2C106.81312837561957",
        "google_directions_url": "https://www.google.com/maps/dir/?api=1&destination=-6.21135947324959%2C106.81312837561957",
        "tingkat_kepercayaan": "tinggi",
        "status_verifikasi": "kandidat AHR terkurasi dari OSM",
        "sumber_kontak": null
      },
      "geometry": {
        "type": "Point",
        "coordinates": [
          106.81312837561957,
          -6.21135947324959
        ]
      }
    },
    {
      "type": "Feature",
      "properties": {
        "nama_ahr": "Batavia Tower 2",
        "tipe_ahr": "apartments",
        "alamat": "<NA>",
        "status_sewa": "belum terverifikasi (kandidat OSM)",
        "kontak_telepon": null,
        "url_sumber": "https://www.openstreetmap.org/way/1443040482",
        "tanggal_akses": "2026-08-05T07:33:37.864840+00:00",
        "osm_type": "way",
        "osm_id": "1443040482",
        "jarak_ke_jalur_m": 560.2,
        "dalam_500m": false,
        "dalam_700m": true,
        "dalam_1000m": true,
        "layanan_terdekat": "MRT Jakarta",
        "latitude": -6.2113039,
        "longitude": 106.8143967,
        "google_maps_url": "https://www.google.com/maps/search/?api=1&query=Batavia%20Tower%202%2C%20%3CNA%3E%2C%20Indonesia",
        "google_maps_pin_url": "https://www.google.com/maps/search/?api=1&query=-6.211303875701025%2C106.81439669248881",
        "google_directions_url": "https://www.google.com/maps/dir/?api=1&destination=-6.211303875701025%2C106.81439669248881",
        "tingkat_kepercayaan": "tinggi",
        "status_verifikasi": "kandidat AHR terkurasi dari OSM",
        "sumber_kontak": null
      },
      "geometry": {
        "type": "Point",
        "coordinates": [
          106.81439669248881,
          -6.211303875701025
        ]
      }
    },
    {
      "type": "Feature",
      "properties": {
        "nama_ahr": "Perumahan Taman Permata",
        "tipe_ahr": "hunian",
        "alamat": "<NA>",
        "status_sewa": "belum terverifikasi (kandidat OSM)",
        "kontak_telepon": null,
        "url_sumber": "https://www.openstreetmap.org/way/1476528020",
        "tanggal_akses": "2026-08-05T07:33:37.864840+00:00",
        "osm_type": "way",
        "osm_id": "1476528020",
        "jarak_ke_jalur_m": 826.7,
        "dalam_500m": false,
        "dalam_700m": false,
        "dalam_1000m": true,
        "layanan_terdekat": "LRT Jabodebek",
        "latitude": -6.2962888,
        "longitude": 106.8738344,
        "google_maps_url": "https://www.google.com/maps/search/?api=1&query=Perumahan%20Taman%20Permata%2C%20%3CNA%3E%2C%20Indonesia",
        "google_maps_pin_url": "https://www.google.com/maps/search/?api=1&query=-6.296288832657975%2C106.87383441200848",
        "google_directions_url": "https://www.google.com/maps/dir/?api=1&destination=-6.296288832657975%2C106.87383441200848",
        "tingkat_kepercayaan": "menengah",
        "status_verifikasi": "kandidat AHR terkurasi dari OSM",
        "sumber_kontak": null
      },
      "geometry": {
        "type": "Point",
        "coordinates": [
          106.87383441200848,
          -6.296288832657975
        ]
      }
    },
    {
      "type": "Feature",
      "properties": {
        "nama_ahr": "apartemen rasuna",
        "tipe_ahr": "hunian",
        "alamat": "<NA>",
        "status_sewa": "belum terverifikasi (kandidat OSM)",
        "kontak_telepon": null,
        "url_sumber": "https://www.openstreetmap.org/way/1499170396",
        "tanggal_akses": "2026-08-05T07:33:37.864840+00:00",
        "osm_type": "way",
        "osm_id": "1499170396",
        "jarak_ke_jalur_m": 576.3,
        "dalam_500m": false,
        "dalam_700m": true,
        "dalam_1000m": true,
        "layanan_terdekat": "LRT Jabodebek",
        "latitude": -6.2185923,
        "longitude": 106.8367981,
        "google_maps_url": "https://www.google.com/maps/search/?api=1&query=apartemen%20rasuna%2C%20%3CNA%3E%2C%20Indonesia",
        "google_maps_pin_url": "https://www.google.com/maps/search/?api=1&query=-6.21859233029801%2C106.83679807246773",
        "google_directions_url": "https://www.google.com/maps/dir/?api=1&destination=-6.21859233029801%2C106.83679807246773",
        "tingkat_kepercayaan": "tinggi",
        "status_verifikasi": "kandidat AHR terkurasi dari OSM",
        "sumber_kontak": null
      },
      "geometry": {
        "type": "Point",
        "coordinates": [
          106.83679807246773,
          -6.21859233029801
        ]
      }
    },
    {
      "type": "Feature",
      "properties": {
        "nama_ahr": "Lagoon Tower 1",
        "tipe_ahr": "apartments",
        "alamat": "<NA>",
        "status_sewa": "belum terverifikasi (kandidat OSM)",
        "kontak_telepon": null,
        "url_sumber": "https://www.openstreetmap.org/way/1507459265",
        "tanggal_akses": "2026-08-05T07:33:37.864840+00:00",
        "osm_type": "way",
        "osm_id": "1507459265",
        "jarak_ke_jalur_m": 427.5,
        "dalam_500m": true,
        "dalam_700m": true,
        "dalam_1000m": true,
        "layanan_terdekat": "LRT Jabodebek",
        "latitude": -6.2561478,
        "longitude": 107.0106951,
        "google_maps_url": "https://www.google.com/maps/search/?api=1&query=Lagoon%20Tower%201%2C%20%3CNA%3E%2C%20Indonesia",
        "google_maps_pin_url": "https://www.google.com/maps/search/?api=1&query=-6.256147798201025%2C107.01069512860578",
        "google_directions_url": "https://www.google.com/maps/dir/?api=1&destination=-6.256147798201025%2C107.01069512860578",
        "tingkat_kepercayaan": "tinggi",
        "status_verifikasi": "kandidat AHR terkurasi dari OSM",
        "sumber_kontak": null
      },
      "geometry": {
        "type": "Point",
        "coordinates": [
          107.01069512860578,
          -6.256147798201025
        ]
      }
    },
    {
      "type": "Feature",
      "properties": {
        "nama_ahr": "Lagoon Apartment",
        "tipe_ahr": "hunian",
        "alamat": "<NA>",
        "status_sewa": "belum terverifikasi (kandidat OSM)",
        "kontak_telepon": null,
        "url_sumber": "https://www.openstreetmap.org/way/1508983736",
        "tanggal_akses": "2026-08-05T07:33:37.864840+00:00",
        "osm_type": "way",
        "osm_id": "1508983736",
        "jarak_ke_jalur_m": 416.8,
        "dalam_500m": true,
        "dalam_700m": true,
        "dalam_1000m": true,
        "layanan_terdekat": "LRT Jabodebek",
        "latitude": -6.2563459,
        "longitude": 107.0109772,
        "google_maps_url": "https://www.google.com/maps/search/?api=1&query=Lagoon%20Apartment%2C%20%3CNA%3E%2C%20Indonesia",
        "google_maps_pin_url": "https://www.google.com/maps/search/?api=1&query=-6.256345904474769%2C107.01097716596747",
        "google_directions_url": "https://www.google.com/maps/dir/?api=1&destination=-6.256345904474769%2C107.01097716596747",
        "tingkat_kepercayaan": "tinggi",
        "status_verifikasi": "kandidat AHR terkurasi dari OSM",
        "sumber_kontak": null
      },
      "geometry": {
        "type": "Point",
        "coordinates": [
          107.01097716596747,
          -6.256345904474769
        ]
      }
    },
    {
      "type": "Feature",
      "properties": {
        "nama_ahr": "Corsica Residence",
        "tipe_ahr": "hunian",
        "alamat": "<NA>",
        "status_sewa": "belum terverifikasi (kandidat OSM)",
        "kontak_telepon": null,
        "url_sumber": "https://www.openstreetmap.org/way/1508983747",
        "tanggal_akses": "2026-08-05T07:33:37.864840+00:00",
        "osm_type": "way",
        "osm_id": "1508983747",
        "jarak_ke_jalur_m": 488.7,
        "dalam_500m": true,
        "dalam_700m": true,
        "dalam_1000m": true,
        "layanan_terdekat": "LRT (perlu verifikasi operator)",
        "latitude": -6.2602001,
        "longitude": 107.025288,
        "google_maps_url": "https://www.google.com/maps/search/?api=1&query=Corsica%20Residence%2C%20%3CNA%3E%2C%20Indonesia",
        "google_maps_pin_url": "https://www.google.com/maps/search/?api=1&query=-6.260200080572854%2C107.0252879827153",
        "google_directions_url": "https://www.google.com/maps/dir/?api=1&destination=-6.260200080572854%2C107.0252879827153",
        "tingkat_kepercayaan": "menengah",
        "status_verifikasi": "kandidat AHR terkurasi dari OSM",
        "sumber_kontak": null
      },
      "geometry": {
        "type": "Point",
        "coordinates": [
          107.0252879827153,
          -6.260200080572854
        ]
      }
    },
    {
      "type": "Feature",
      "properties": {
        "nama_ahr": "Komplek Pengairan Rawa Semut",
        "tipe_ahr": "hunian",
        "alamat": "<NA>",
        "status_sewa": "belum terverifikasi (kandidat OSM)",
        "kontak_telepon": null,
        "url_sumber": "https://www.openstreetmap.org/way/1508983763",
        "tanggal_akses": "2026-08-05T07:33:37.864840+00:00",
        "osm_type": "way",
        "osm_id": "1508983763",
        "jarak_ke_jalur_m": 145.7,
        "dalam_500m": true,
        "dalam_700m": true,
        "dalam_1000m": true,
        "layanan_terdekat": "LRT Jabodebek",
        "latitude": -6.2601373,
        "longitude": 107.0144002,
        "google_maps_url": "https://www.google.com/maps/search/?api=1&query=Komplek%20Pengairan%20Rawa%20Semut%2C%20%3CNA%3E%2C%20Indonesia",
        "google_maps_pin_url": "https://www.google.com/maps/search/?api=1&query=-6.260137336299543%2C107.01440017617423",
        "google_directions_url": "https://www.google.com/maps/dir/?api=1&destination=-6.260137336299543%2C107.01440017617423",
        "tingkat_kepercayaan": "menengah",
        "status_verifikasi": "kandidat AHR terkurasi dari OSM",
        "sumber_kontak": null
      },
      "geometry": {
        "type": "Point",
        "coordinates": [
          107.01440017617423,
          -6.260137336299543
        ]
      }
    },
    {
      "type": "Feature",
      "properties": {
        "nama_ahr": "Perumahan Margahayu Jaya",
        "tipe_ahr": "hunian",
        "alamat": "<NA>",
        "status_sewa": "belum terverifikasi (kandidat OSM)",
        "kontak_telepon": null,
        "url_sumber": "https://www.openstreetmap.org/way/1508983766",
        "tanggal_akses": "2026-08-05T07:33:37.864840+00:00",
        "osm_type": "way",
        "osm_id": "1508983766",
        "jarak_ke_jalur_m": 889.3,
        "dalam_500m": false,
        "dalam_700m": false,
        "dalam_1000m": true,
        "layanan_terdekat": "LRT Jabodebek",
        "latitude": -6.2546398,
        "longitude": 107.0190387,
        "google_maps_url": "https://www.google.com/maps/search/?api=1&query=Perumahan%20Margahayu%20Jaya%2C%20%3CNA%3E%2C%20Indonesia",
        "google_maps_pin_url": "https://www.google.com/maps/search/?api=1&query=-6.254639849758528%2C107.01903873477276",
        "google_directions_url": "https://www.google.com/maps/dir/?api=1&destination=-6.254639849758528%2C107.01903873477276",
        "tingkat_kepercayaan": "menengah",
        "status_verifikasi": "kandidat AHR terkurasi dari OSM",
        "sumber_kontak": null
      },
      "geometry": {
        "type": "Point",
        "coordinates": [
          107.01903873477276,
          -6.254639849758528
        ]
      }
    }
  ]
}
