{
"type": "FeatureCollection",
"name": "buffers_500_700_1000m",
"crs": { "type": "name", "properties": { "name": "urn:ogc:def:crs:OGC:1.3:CRS84" } },
"features": [
{ "type": "Feature", "properties": { "buffer_m": 500 }, "geometry": { "type": "Polygon", "coordinates": [ [ [ 106.770025508505995, -6.293998840349796 ], [ 106.769937071072803, -6.294044782519056 ], [ 106.769696866251152, -6.294220563755856 ], [ 106.769326553984172, -6.294464586166749 ], [ 106.768934120300742, -6.294671114903105 ], [ 106.768523344413836, -6.294838161061752 ], [ 106.768098182519154, -6.294964115811957 ], [ 106.767662729168237, -6.29504776599104 ], [ 106.767221178176186, -6.295088305993972 ], [ 106.766777781887569, -6.295085345328057 ], [ 106.766336810700366, -6.295038912549598 ], [ 106.765902511490324, -6.294949454773037 ], [ 106.765479066926503, -6.2948178335598 ], [ 106.765070555042968, -6.294645316375034 ], [ 106.76468091015532, -6.294433564784142 ], [ 106.764313884936996, -6.29418461812361 ], [ 106.763973013931022, -6.293900873821029 ], [ 106.763661580124406, -6.293585064629861 ], [ 106.763382582775634, -6.293240231971525 ], [ 106.7631387087592, -6.292869696823812 ], [ 106.76293230670305, -6.292477027796692 ], [ 106.762765364370992, -6.292066006393917 ], [ 106.762639489476214, -6.291640591178035 ], [ 106.762555894101212, -6.291204879120295 ], [ 106.762515383273737, -6.290763066484596 ], [ 106.762518347062382, -6.290319408072325 ], [ 106.762564756739906, -6.289878176725244 ], [ 106.762654165281191, -6.289443621728969 ], [ 106.762785711478557, -6.289019928109226 ], [ 106.762958128395837, -6.288611176185217 ], [ 106.763169755531607, -6.288221302467224 ], [ 106.763418554690773, -6.287854061717971 ], [ 106.76370212956553, -6.287512990448632 ], [ 106.764017749301686, -6.287201373476125 ], [ 106.764362374237322, -6.286922211739358 ], [ 106.764881374066036, -6.28654241480941 ], [ 106.765167117335352, -6.286349605877342 ], [ 106.765466716655581, -6.286179151169649 ], [ 106.766498313148176, -6.28564325682482 ], [ 106.766916167398222, -6.285452506852774 ], [ 106.767241865753618, -6.285323408481944 ], [ 106.767663813792296, -6.285179816577424 ], [ 106.767888912411507, -6.28511541753565 ], [ 106.768143382974642, -6.285050556958682 ], [ 106.768242751855468, -6.285028284875628 ], [ 106.768465637850156, -6.284973456909492 ], [ 106.768971950398893, -6.284879152393904 ], [ 106.769299847879438, -6.284837253604098 ], [ 106.769828566640527, -6.284801044762951 ], [ 106.770516585520767, -6.284794396536759 ], [ 106.77101838133467, -6.284788396697141 ], [ 106.771381984895783, -6.284738864285544 ], [ 106.771762470529453, -6.284703350895875 ], [ 106.772073567908208, -6.284687551790399 ], [ 106.772393978906933, -6.284682664707041 ], [ 106.773355012349853, -6.284702117132855 ], [ 106.775023839517331, -6.284734073823967 ], [ 106.775761016086747, -6.284748228203195 ], [ 106.776259740154657, -6.284673372345607 ], [ 106.77661431810877, -6.284634399083764 ], [ 106.77690111580948, -6.284614299881266 ], [ 106.777169831443359, -6.284603496071734 ], [ 106.777410129399058, -6.2846009966393 ], [ 106.77787130012257, -6.284619790007508 ], [ 106.77813509773236, -6.284644090507483 ], [ 106.778681040792506, -6.284728312249594 ], [ 106.778887838902548, -6.284773312354658 ], [ 106.779150952857137, -6.284838898683031 ], [ 106.779482849888325, -6.284932298606027 ], [ 106.78008549424294, -6.28514906318269 ], [ 106.780412591509446, -6.28529366269808 ], [ 106.780793589165242, -6.285484044213431 ], [ 106.781154980909506, -6.285709472589293 ], [ 106.781358781914633, -6.2858503640894 ], [ 106.781977328549758, -6.286241555086832 ], [ 106.782298398629692, -6.286435002546026 ], [ 106.782511988111978, -6.286544646793022 ], [ 106.782633687346745, -6.286591950731751 ], [ 106.783052893610076, -6.28672950936467 ], [ 106.783728833458454, -6.286938560031362 ], [ 106.784467049622222, -6.28714758604485 ], [ 106.784510517252826, -6.287160129330561 ], [ 106.785345209762923, -6.287405529172642 ], [ 106.785457060030282, -6.287439993813905 ], [ 106.786273772379403, -6.287703282981938 ], [ 106.786696843219673, -6.287830153523683 ], [ 106.786869119865415, -6.287866032269513 ], [ 106.786880673853432, -6.287867639750045 ], [ 106.787481764754048, -6.287882199182995 ], [ 106.790563150698034, -6.287900335408544 ], [ 106.790832454564892, -6.28790135816311 ], [ 106.790854232537356, -6.287689326627037 ], [ 106.790875919389492, -6.287540734970384 ], [ 106.790903617326393, -6.287264224751824 ], [ 106.790923918621729, -6.287115024536202 ], [ 106.790956400137716, -6.286911225048694 ], [ 106.790983701511209, -6.286761924902069 ], [ 106.790995567283957, -6.286699515877238 ], [ 106.791030568910116, -6.286522215758124 ], [ 106.791046363043279, -6.286445695173541 ], [ 106.79119721198866, -6.285745454622263 ], [ 106.791265626401881, -6.285343540989408 ], [ 106.791323486294104, -6.284889863316768 ], [ 106.791394455779155, -6.284309222490159 ], [ 106.791436026266112, -6.283811665608384 ], [ 106.791532022056217, -6.28211915631946 ], [ 106.791546345365276, -6.281933964719327 ], [ 106.791573147864767, -6.281660564270463 ], [ 106.791641448708248, -6.281204637398241 ], [ 106.791701251343966, -6.280909137268484 ], [ 106.79178308884461, -6.280571876725942 ], [ 106.791998095642924, -6.279813976888284 ], [ 106.792023632932541, -6.279727267331146 ], [ 106.792109635399655, -6.279445667399141 ], [ 106.792159868421734, -6.279291176459991 ], [ 106.792257470904815, -6.279008376655161 ], [ 106.792375239248543, -6.278703371023563 ], [ 106.792434340386492, -6.27856537122745 ], [ 106.792470014797274, -6.278484276603812 ], [ 106.792744659039712, -6.277876189105447 ], [ 106.792814296715221, -6.277625954852329 ], [ 106.792818905889675, -6.277609512600367 ], [ 106.792953310164521, -6.277133512652781 ], [ 106.792959315498123, -6.277112439796722 ], [ 106.793160407262846, -6.276413232252123 ], [ 106.793197232903395, -6.276273916508373 ], [ 106.793173584357461, -6.275024704788677 ], [ 106.793139928532952, -6.274202934258957 ], [ 106.793138299547977, -6.274157601882667 ], [ 106.793113836953566, -6.273366295722859 ], [ 106.793101901253323, -6.273067507459412 ], [ 106.793047625491738, -6.272117304854016 ], [ 106.792939328937635, -6.270526109282805 ], [ 106.792928399389652, -6.270388273591629 ], [ 106.792901469831179, -6.270074733445773 ], [ 106.792899631793105, -6.270052701602596 ], [ 106.792784043362133, -6.268625097175039 ], [ 106.792770881766074, -6.268380085562091 ], [ 106.792754486940268, -6.267762583893293 ], [ 106.792752904956529, -6.267652762204653 ], [ 106.792752406878279, -6.267432761598053 ], [ 106.792757328666099, -6.267211306970002 ], [ 106.792791435047292, -6.26648160543971 ], [ 106.792792350192812, -6.26646286048383 ], [ 106.792831341359317, -6.265696810904233 ], [ 106.792836368733361, -6.265468494123194 ], [ 106.792833981263456, -6.265249657057081 ], [ 106.792831708297754, -6.265129445348609 ], [ 106.792648328542583, -6.264547003095506 ], [ 106.792628433499246, -6.264482117919005 ], [ 106.792370738763225, -6.26361861397244 ], [ 106.792318405752411, -6.263428173956739 ], [ 106.792249607598876, -6.263154572834224 ], [ 106.792146513403239, -6.2626007243246 ], [ 106.792110315717991, -6.262304823266786 ], [ 106.792079260367572, -6.261903408805544 ], [ 106.792072362127257, -6.261692508162103 ], [ 106.792072880112741, -6.261381664302373 ], [ 106.792084082786189, -6.261070863615861 ], [ 106.792101285706579, -6.26080743412513 ], [ 106.792201398850906, -6.25974998759209 ], [ 106.792416347672116, -6.257397741095624 ], [ 106.792457867014761, -6.256944780197791 ], [ 106.792461497022231, -6.256906928879594 ], [ 106.792520102270998, -6.256321727915231 ], [ 106.792522129389226, -6.256301925962014 ], [ 106.792625205014645, -6.255316422699219 ], [ 106.792751647591899, -6.254080443691931 ], [ 106.792821663947421, -6.253135246049781 ], [ 106.792939138172187, -6.250865990414779 ], [ 106.793006105730015, -6.249539942023569 ], [ 106.793019931899096, -6.249347628439397 ], [ 106.793045034313749, -6.249078727998304 ], [ 106.79305284400391, -6.24900212104327 ], [ 106.7930960474974, -6.248611320408125 ], [ 106.7931091130353, -6.248504733625293 ], [ 106.793287031675177, -6.247183364722549 ], [ 106.793411806652898, -6.246200259084725 ], [ 106.793426651585634, -6.246055897676666 ], [ 106.793465630630763, -6.245437037619689 ], [ 106.793467089915936, -6.245414746935873 ], [ 106.793479656675217, -6.245229790542687 ], [ 106.793492589807954, -6.24435559575252 ], [ 106.793501593819059, -6.243750077803665 ], [ 106.793505690025711, -6.243471100498173 ], [ 106.793521168776408, -6.243157770999288 ], [ 106.793539970713724, -6.242934570611406 ], [ 106.793598268064557, -6.242497974333792 ], [ 106.793633969830083, -6.242303374166783 ], [ 106.793722144965514, -6.241918330938665 ], [ 106.793780046835934, -6.24170813095191 ], [ 106.793839079825773, -6.241511386681363 ], [ 106.793901630060617, -6.241318910315338 ], [ 106.793908742655745, -6.241295762552073 ], [ 106.793901792055152, -6.23991580422263 ], [ 106.793901769576763, -6.239875251727646 ], [ 106.793906179196412, -6.238752549000676 ], [ 106.79390631230882, -6.238731328423848 ], [ 106.793913466709967, -6.237901266712215 ], [ 106.793914464107516, -6.236616904585182 ], [ 106.793914471752743, -6.236611393350368 ], [ 106.793917168442633, -6.235259966975663 ], [ 106.793915091888564, -6.233673740047844 ], [ 106.793915099903714, -6.233673572745705 ], [ 106.793915091475384, -6.23367340577078 ], [ 106.793914296959088, -6.233029904252149 ], [ 106.793914602782067, -6.233023514487125 ], [ 106.793914299253487, -6.233017124987297 ], [ 106.793915606274425, -6.232195322904348 ], [ 106.793926915723034, -6.231882748151259 ], [ 106.79395841960762, -6.231438147336241 ], [ 106.794009586373164, -6.231008624339536 ], [ 106.794088990681203, -6.230535823875907 ], [ 106.794169051309126, -6.230158435321419 ], [ 106.794281555197031, -6.229720935288944 ], [ 106.794381974962079, -6.229384992866404 ], [ 106.794531078692387, -6.228948593089275 ], [ 106.794599928263963, -6.228775358358585 ], [ 106.79466605455967, -6.228601066857266 ], [ 106.794837957848713, -6.228207367507882 ], [ 106.795005611189069, -6.227863783690556 ], [ 106.795168313521046, -6.227563284463622 ], [ 106.795301883765191, -6.227333044188535 ], [ 106.79551838622271, -6.226983945346875 ], [ 106.795724991704219, -6.226679242517315 ], [ 106.795904993182575, -6.22643574353092 ], [ 106.796160216186536, -6.226121036556549 ], [ 106.796335717035319, -6.22592343755887 ], [ 106.796651870651019, -6.225601404344624 ], [ 106.796877871194269, -6.225393105637026 ], [ 106.796962166535295, -6.22531734578476 ], [ 106.797684267762548, -6.224684550076149 ], [ 106.797796414040732, -6.224595612716744 ], [ 106.797905396653036, -6.224502822619423 ], [ 106.798431648683362, -6.224097570213846 ], [ 106.799664939063774, -6.223128099394156 ], [ 106.799747704638747, -6.223064570832834 ], [ 106.800209798583808, -6.222718285219354 ], [ 106.801775947747046, -6.221504772284106 ], [ 106.801857513402581, -6.221443036827673 ], [ 106.803313213154524, -6.220366945380472 ], [ 106.803564257432512, -6.220194150066138 ], [ 106.80436243246217, -6.21968356168432 ], [ 106.805971736421228, -6.218637417584952 ], [ 106.806829648612648, -6.217980698928417 ], [ 106.807552335681152, -6.217402439928369 ], [ 106.80765000933323, -6.217326456531003 ], [ 106.808877539199926, -6.216398223126396 ], [ 106.810635316873018, -6.215004291864813 ], [ 106.811652133466566, -6.214185058790912 ], [ 106.812278481967752, -6.213670426766576 ], [ 106.812356688830917, -6.213607610171799 ], [ 106.813161626054807, -6.212975645491056 ], [ 106.814012792145874, -6.212301117639031 ], [ 106.814018394941968, -6.212296684671405 ], [ 106.814966602378249, -6.211547689013791 ], [ 106.815251582935872, -6.211283418346649 ], [ 106.81541691148702, -6.211111874240263 ], [ 106.815505586621953, -6.211008307478848 ], [ 106.815764844243404, -6.210654576759144 ], [ 106.815970892035864, -6.210320805019102 ], [ 106.816416762823081, -6.209485593935602 ], [ 106.817072433845468, -6.208195503018707 ], [ 106.817309096035331, -6.207692731965016 ], [ 106.817400354610342, -6.207476748987744 ], [ 106.817433006719284, -6.207350776236151 ], [ 106.817509360812053, -6.206964562824938 ], [ 106.817537888143463, -6.206748261248625 ], [ 106.817594814365094, -6.206154290587983 ], [ 106.81760489625475, -6.206059600233995 ], [ 106.817688132998299, -6.205348954692348 ], [ 106.81773994053907, -6.204807725516023 ], [ 106.81777513194362, -6.204397252272228 ], [ 106.817812929311813, -6.203440348856825 ], [ 106.817833382398604, -6.203153734177096 ], [ 106.817905088581554, -6.202460033097139 ], [ 106.817914507857751, -6.202376503944122 ], [ 106.818016715374682, -6.201540002723847 ], [ 106.818057161697212, -6.20127463635702 ], [ 106.818234470351712, -6.200305335480861 ], [ 106.818252632125535, -6.200211644401908 ], [ 106.818312667964037, -6.199918520235316 ], [ 106.818419225075019, -6.199346036481192 ], [ 106.818423991915523, -6.199320823953964 ], [ 106.818505439767492, -6.198896629208849 ], [ 106.818576225453526, -6.198417463077919 ], [ 106.818580020072375, -6.198365510308933 ], [ 106.818556281195839, -6.197368362933062 ], [ 106.818518921199541, -6.196127921995573 ], [ 106.81851970785236, -6.196086391508032 ], [ 106.818517183614475, -6.19604493241248 ], [ 106.818512876404696, -6.195678744332588 ], [ 106.818509913451877, -6.195566540180206 ], [ 106.818469468336019, -6.194320723306079 ], [ 106.818468250020118, -6.19427654411991 ], [ 106.818449756894466, -6.193461441912218 ], [ 106.818448634818267, -6.193378298484838 ], [ 106.818442227155373, -6.19188988700502 ], [ 106.818432164894347, -6.191083575788514 ], [ 106.818448385911552, -6.190640216505889 ], [ 106.818507951260727, -6.190200583298767 ], [ 106.818610287339254, -6.189768910152453 ], [ 106.818754408305438, -6.189349354331644 ], [ 106.818938926245806, -6.188945956199798 ], [ 106.819162063968662, -6.188562600929061 ], [ 106.819421672495054, -6.188202980194532 ], [ 106.819715251542959, -6.187870557475591 ], [ 106.820039973807312, -6.18756853406795 ], [ 106.820392711961432, -6.187299818522784 ], [ 106.820770068918648, -6.187066998696907 ], [ 106.821168410632694, -6.186872316778453 ], [ 106.82158390080518, -6.186717647470513 ], [ 106.82201253822609, -6.186604480325033 ], [ 106.822450194756357, -6.186533905148576 ], [ 106.822892655853479, -6.186506601558177 ], [ 106.822906291228449, -6.18650710114763 ], [ 106.82291065366023, -6.186506762478457 ], [ 106.82335385935383, -6.186515972442727 ], [ 106.823794028837327, -6.18656861411856 ], [ 106.824226923106536, -6.186664180425109 ], [ 106.824648373383511, -6.186801751209727 ], [ 106.825054320891141, -6.186980001429886 ], [ 106.825440856194334, -6.187197214580511 ], [ 106.825804256924158, -6.187451298657707 ], [ 106.826141023440854, -6.187739806830827 ], [ 106.826447912338395, -6.188059960743478 ], [ 106.826721968334638, -6.188408676984339 ], [ 106.82696055202004, -6.188782597459726 ], [ 106.827161365714602, -6.189178121038215 ], [ 106.827322475543426, -6.189591438734645 ], [ 106.827442329633101, -6.190018570172986 ], [ 106.827519773875807, -6.190455401866243 ], [ 106.827554062278608, -6.190897726961786 ], [ 106.827577275950219, -6.191717336193022 ], [ 106.827593473986369, -6.192261279549219 ], [ 106.827626025689909, -6.193208411676813 ], [ 106.827628473151023, -6.193318957127137 ], [ 106.82763553225881, -6.194030829353018 ], [ 106.827656205239464, -6.195285859759999 ], [ 106.827662603917759, -6.19543406584943 ], [ 106.827662243095546, -6.195495195610841 ], [ 106.82766622543248, -6.195556197110699 ], [ 106.827672090745509, -6.195919559338127 ], [ 106.827693459236414, -6.197161909990853 ], [ 106.827706321788028, -6.197943034019161 ], [ 106.82770690951628, -6.19803269077723 ], [ 106.827705413314021, -6.198478889732183 ], [ 106.827688899686194, -6.198850220968824 ], [ 106.827647203910075, -6.19933652009619 ], [ 106.827604002492265, -6.199682821202584 ], [ 106.827455420302087, -6.200588040689859 ], [ 106.827681395693361, -6.200635326488873 ], [ 106.827681545145737, -6.200635357800262 ], [ 106.82774125068596, -6.200647839389988 ], [ 106.827977537698914, -6.200693646418636 ], [ 106.828070219702326, -6.200708870211709 ], [ 106.828417359356024, -6.200756687367655 ], [ 106.828626230984071, -6.200790464088214 ], [ 106.828759129796509, -6.200815164194044 ], [ 106.829181683998044, -6.200914934467217 ], [ 106.829308282931706, -6.200951334453735 ], [ 106.829739310761568, -6.201099191824751 ], [ 106.829859409738546, -6.201147291661904 ], [ 106.830437137208875, -6.201427872442201 ], [ 106.830556736397909, -6.201496872192744 ], [ 106.830856093672551, -6.201685582637888 ], [ 106.83113977604512, -6.201897159720573 ], [ 106.831239075528202, -6.201977459229539 ], [ 106.831721177206617, -6.202429466285267 ], [ 106.831805376989138, -6.20252086572741 ], [ 106.832058487006236, -6.202820762391647 ], [ 106.832284646664178, -6.203141502612179 ], [ 106.832375746958064, -6.203283401808804 ], [ 106.832585997573901, -6.20365096792886 ], [ 106.832711504238191, -6.203798775249137 ], [ 106.832812004176418, -6.203927274429636 ], [ 106.833146641648611, -6.204418579858182 ], [ 106.833255042057445, -6.2046026787882 ], [ 106.833423360017861, -6.204916121218869 ], [ 106.833625161501701, -6.205330218932292 ], [ 106.833674350208128, -6.20543451003094 ], [ 106.833839751684835, -6.20579710814332 ], [ 106.833902220482301, -6.20594057661573 ], [ 106.834029621918731, -6.206247575003823 ], [ 106.834100442240782, -6.206429189789951 ], [ 106.834203243650748, -6.206710588373229 ], [ 106.834241842582969, -6.206820625867154 ], [ 106.834341844296759, -6.207117924492556 ], [ 106.834400002316215, -6.207304002177171 ], [ 106.834464603712448, -6.20752750124119 ], [ 106.834515821950504, -6.207720583034338 ], [ 106.834575223526912, -6.20796628196982 ], [ 106.834600139564401, -6.208075213455584 ], [ 106.834666941728145, -6.20838481218466 ], [ 106.834696789529943, -6.208535511106015 ], [ 106.834761092066671, -6.208891809744657 ], [ 106.834784601886511, -6.209035219054372 ], [ 106.834825203998548, -6.209310518011518 ], [ 106.834850582562794, -6.209514645723701 ], [ 106.83490228657115, -6.21002504398301 ], [ 106.834912386549149, -6.210139130093331 ], [ 106.834953090916386, -6.210676228407033 ], [ 106.834958057492997, -6.210749691545433 ], [ 106.834974259671853, -6.211022290749098 ], [ 106.834981981455414, -6.211243314463293 ], [ 106.834987686136017, -6.211787713048945 ], [ 106.834986850225988, -6.21193416310323 ], [ 106.834970781957139, -6.212667974704401 ], [ 106.834973001539083, -6.212744298568993 ], [ 106.834982652473983, -6.212897299826576 ], [ 106.835219367520168, -6.215749691691443 ], [ 106.835224668990691, -6.21579986622062 ], [ 106.835244663501385, -6.215909250397357 ], [ 106.835308001862856, -6.216251593757212 ], [ 106.83546984286059, -6.217000657380606 ], [ 106.835552277493889, -6.21731542560033 ], [ 106.835744380957266, -6.217910648500001 ], [ 106.83578447701251, -6.218006163884913 ], [ 106.836054997349663, -6.218607147741301 ], [ 106.836097520886085, -6.218704665864556 ], [ 106.836174221708319, -6.218886364956121 ], [ 106.8363704789612, -6.219453738881669 ], [ 106.836429880336823, -6.219671237868324 ], [ 106.836442957653688, -6.219720198039585 ], [ 106.836472358316371, -6.219832797562671 ], [ 106.836483753429178, -6.219877364439838 ], [ 106.83664729663802, -6.220530817705034 ], [ 106.83686450670595, -6.221398288519743 ], [ 106.837148675345617, -6.222458065371932 ], [ 106.837190468053606, -6.222626827043695 ], [ 106.83724136964733, -6.222850726052196 ], [ 106.837253709704129, -6.222906640590971 ], [ 106.83729421095353, -6.223095839824556 ], [ 106.837352986562152, -6.223431841710269 ], [ 106.83737878799721, -6.223621140985441 ], [ 106.837407605047744, -6.223894314244287 ], [ 106.83742330674194, -6.224104013577092 ], [ 106.837424390339947, -6.224118810391778 ], [ 106.837516004507805, -6.225398682047397 ], [ 106.837540656060455, -6.225720760770627 ], [ 106.837543164561382, -6.225755268349126 ], [ 106.837730186714012, -6.22847156003896 ], [ 106.837730975349402, -6.228483235061129 ], [ 106.837767779927987, -6.229038733392046 ], [ 106.837775097798115, -6.229185075897568 ], [ 106.837786100559811, -6.229510775022747 ], [ 106.837769426201135, -6.230080457957719 ], [ 106.837751627896125, -6.23027275763045 ], [ 106.837728434923818, -6.230474088207332 ], [ 106.837702636656601, -6.230661087958144 ], [ 106.837672709852768, -6.230848793877037 ], [ 106.837640011518985, -6.231029393663145 ], [ 106.837552144863224, -6.231416796824209 ], [ 106.837497146688804, -6.231617896845699 ], [ 106.837454947949425, -6.231762667505365 ], [ 106.8373009523511, -6.232259967673587 ], [ 106.837267055073653, -6.232364889351553 ], [ 106.83719485692373, -6.232579389509145 ], [ 106.837191672722199, -6.232588815517581 ], [ 106.837138274080559, -6.232746315663262 ], [ 106.836993906243208, -6.233117514209276 ], [ 106.836924607560846, -6.233274814434945 ], [ 106.836828280872396, -6.233479438026041 ], [ 106.836806240226352, -6.233523372279949 ], [ 106.836704204814225, -6.233756121809736 ], [ 106.836466049281469, -6.234223576282294 ], [ 106.836388550303539, -6.234356076652257 ], [ 106.836299677885336, -6.234501650495476 ], [ 106.836214678774951, -6.23463515087384 ], [ 106.836198431095028, -6.234660483306914 ], [ 106.836107332010386, -6.234801483758034 ], [ 106.835948467069926, -6.235031449434977 ], [ 106.835827391704527, -6.235195617999556 ], [ 106.835671217210063, -6.235407386046023 ], [ 106.835504086029786, -6.23562035310757 ], [ 106.835327787204335, -6.235831654148146 ], [ 106.835214841197782, -6.235961892488701 ], [ 106.835036942085495, -6.236159293596734 ], [ 106.834916438812158, -6.236287875033547 ], [ 106.834748339449959, -6.23646037599292 ], [ 106.834744306453459, -6.236464199930955 ], [ 106.834763253656561, -6.236469686809637 ], [ 106.836176430169559, -6.236842398277791 ], [ 106.837641646471923, -6.237218867545253 ], [ 106.838044242032154, -6.237318304207065 ], [ 106.838098911279843, -6.237332169724868 ], [ 106.83895376421718, -6.237554673329148 ], [ 106.839657218382044, -6.237737377485524 ], [ 106.839712298265979, -6.237752054763926 ], [ 106.840366292408206, -6.237930754849869 ], [ 106.840484294017713, -6.237964728967238 ], [ 106.841456582710848, -6.238259036098285 ], [ 106.841641529815732, -6.238309448662458 ], [ 106.842325702132243, -6.238477646936643 ], [ 106.842584312166409, -6.238549438288497 ], [ 106.842790510342525, -6.238613338234251 ], [ 106.843042707866474, -6.238699731675735 ], [ 106.843238506189138, -6.238773331509323 ], [ 106.843510746329443, -6.238885931799072 ], [ 106.844059116967415, -6.239133985883574 ], [ 106.846222500196362, -6.239246585064288 ], [ 106.846317594784026, -6.239250289857805 ], [ 106.846542008736449, -6.239242054292333 ], [ 106.847579002380954, -6.239142345869599 ], [ 106.847695372193655, -6.239132673751556 ], [ 106.848198868082847, -6.239097375321258 ], [ 106.848348540992177, -6.239089376432344 ], [ 106.848723437882242, -6.239075577529848 ], [ 106.848781924996288, -6.239073804222634 ], [ 106.849488448335308, -6.239056964308797 ], [ 106.849780957310685, -6.23904205190415 ], [ 106.851586964909217, -6.2389236265595 ], [ 106.851922967100265, -6.238896970755838 ], [ 106.852307781784347, -6.238882916498046 ], [ 106.855625053216485, -6.238903324756314 ], [ 106.855693732199057, -6.238904269571015 ], [ 106.856428625811233, -6.238919971340339 ], [ 106.856491423574695, -6.238921750250578 ], [ 106.857211542312427, -6.238947164633053 ], [ 106.858019200526456, -6.238968688001274 ], [ 106.8582693288418, -6.238971776567067 ], [ 106.858939945004579, -6.238977321403966 ], [ 106.859247297941167, -6.238976884108855 ], [ 106.859976784014904, -6.238968873639436 ], [ 106.860475977391687, -6.238954311937768 ], [ 106.861003724233242, -6.238929762663192 ], [ 106.861408034148369, -6.238907738292691 ], [ 106.861481497099888, -6.238904336346756 ], [ 106.862102691893412, -6.238880638156532 ], [ 106.862141636893128, -6.238879320629206 ], [ 106.862643132672233, -6.238864522100255 ], [ 106.862829334282409, -6.238862869331996 ], [ 106.863093232006136, -6.238865970016751 ], [ 106.863207855204422, -6.238868772825449 ], [ 106.863560925096678, -6.238881894267617 ], [ 106.863807395512325, -6.238890525750874 ], [ 106.863844294442089, -6.238891969029543 ], [ 106.863925293740309, -6.238895469238605 ], [ 106.863994846274309, -6.238899012479296 ], [ 106.864074945563004, -6.238903712587622 ], [ 106.864153075087842, -6.238908977518056 ], [ 106.86422797442836, -6.238914677646958 ], [ 106.864265922416251, -6.238917726574953 ], [ 106.864352221647337, -6.238925026737985 ], [ 106.864380429798416, -6.238927502092293 ], [ 106.864461829124494, -6.238934902221517 ], [ 106.864540453486171, -6.238942744346925 ], [ 106.864619652727626, -6.23895134445576 ], [ 106.864739569008549, -6.238965991847877 ], [ 106.864850068034016, -6.238980991993563 ], [ 106.864974870244055, -6.238999713772184 ], [ 106.865131868766738, -6.239025513944391 ], [ 106.86521085130866, -6.239039214690147 ], [ 106.865346650108449, -6.239064014744225 ], [ 106.865384092091986, -6.239071015893676 ], [ 106.865629608027746, -6.239117996793935 ], [ 106.865892022199702, -6.239167685940769 ], [ 106.866023634851942, -6.239194641574913 ], [ 106.866280032556929, -6.239251141736912 ], [ 106.866440045604847, -6.239289472562502 ], [ 106.866687243391084, -6.239353472587807 ], [ 106.866927994938493, -6.239422986518274 ], [ 106.867189392563674, -6.239506386408729 ], [ 106.867287344266487, -6.239538876086534 ], [ 106.868195236279362, -6.239851575519927 ], [ 106.868308291086265, -6.239892204355001 ], [ 106.868657588000957, -6.240023004014245 ], [ 106.868794951952225, -6.240077017855012 ], [ 106.869112749233381, -6.240208017539683 ], [ 106.869245927455381, -6.240265433855266 ], [ 106.869832532929564, -6.24052958239023 ], [ 106.870975877003815, -6.241010610169723 ], [ 106.871012973229853, -6.241028408538112 ], [ 106.871051370735245, -6.241043183864496 ], [ 106.871069463517415, -6.241052273450426 ], [ 106.87108829368438, -6.24105971359629 ], [ 106.871279196071782, -6.24114620555018 ], [ 106.871450478272138, -6.241181651236793 ], [ 106.871526273019654, -6.241198016351793 ], [ 106.871674771686443, -6.241231416477315 ], [ 106.871820857995459, -6.241266838763644 ], [ 106.872391452137606, -6.241415292372024 ], [ 106.872925935051668, -6.241553801519494 ], [ 106.87311921541621, -6.241603180915895 ], [ 106.873451882291164, -6.241701933976193 ], [ 106.873697180103818, -6.241785133848254 ], [ 106.874039666479803, -6.241917047055474 ], [ 106.874232393002288, -6.242000422381592 ], [ 106.87433608620384, -6.242024513735196 ], [ 106.87435599009946, -6.242030181221942 ], [ 106.874376317333514, -6.242034055178656 ], [ 106.87443073825861, -6.242050091220181 ], [ 106.874486184217602, -6.24206210855431 ], [ 106.874770081684247, -6.242138408520916 ], [ 106.874964157721365, -6.24219525779512 ], [ 106.875045757032254, -6.242221157770668 ], [ 106.875226567323466, -6.242282787035885 ], [ 106.875308566594725, -6.24231268693404 ], [ 106.875656239505346, -6.242456131865717 ], [ 106.875725038863834, -6.242487931770192 ], [ 106.876283710937727, -6.242795779223743 ], [ 106.876343210572344, -6.242834279084053 ], [ 106.87676183805128, -6.243140630783203 ], [ 106.876801037796156, -6.243172930617513 ], [ 106.876896028206943, -6.243253423513169 ], [ 106.87704789179044, -6.243385747105071 ], [ 106.877083281009163, -6.243365956507549 ], [ 106.877265880410448, -6.243272357488623 ], [ 106.877661215013418, -6.243093151332394 ], [ 106.877892713922222, -6.243001352538589 ], [ 106.878379642169648, -6.242839623429484 ], [ 106.878593240826518, -6.242781924402718 ], [ 106.878970497195297, -6.242697166712689 ], [ 106.879278694913538, -6.242641667944778 ], [ 106.879738735705899, -6.24258302853007 ], [ 106.879950533969065, -6.242567029214526 ], [ 106.880507688420266, -6.242559426140796 ], [ 106.881585778995756, -6.242611328450392 ], [ 106.881614474100829, -6.24261280143426 ], [ 106.883551578371581, -6.242718414845077 ], [ 106.883583435429202, -6.242718830308835 ], [ 106.883697554800762, -6.242700946895695 ], [ 106.883802550960581, -6.242677552628133 ], [ 106.883867225740417, -6.24265605271814 ], [ 106.883880726579562, -6.242650668504653 ], [ 106.884167925057284, -6.242488667030892 ], [ 106.88454966707306, -6.242247572138666 ], [ 106.884657550253067, -6.242170630022749 ], [ 106.884879150593392, -6.2420125961845 ], [ 106.885372401409001, -6.241648169776371 ], [ 106.8855310141834, -6.241536170468927 ], [ 106.886218457171722, -6.241072568023912 ], [ 106.886646948799921, -6.240779735239928 ], [ 106.886754936890853, -6.240708185339301 ], [ 106.88699273652675, -6.240555486762285 ], [ 106.887164055653116, -6.240450780539682 ], [ 106.887431154967388, -6.240295582021009 ], [ 106.887864361476275, -6.240074171554056 ], [ 106.888184660069783, -6.239931673193785 ], [ 106.888457181551132, -6.239820917190753 ], [ 106.888700580326244, -6.239731118459977 ], [ 106.888927136732221, -6.239654288112584 ], [ 106.889159835442271, -6.239582189172005 ], [ 106.889274218726797, -6.239548398033993 ], [ 106.889510417236011, -6.239481999132015 ], [ 106.889710746010834, -6.239430603956833 ], [ 106.890005643971136, -6.239362105296777 ], [ 106.890274151486025, -6.239308263030646 ], [ 106.890682648457968, -6.239239164596182 ], [ 106.890953668320122, -6.239201728565451 ], [ 106.891838461391657, -6.23910673162303 ], [ 106.892253207616747, -6.239081433795386 ], [ 106.892844302552334, -6.239072635383726 ], [ 106.893361060255614, -6.239094576024513 ], [ 106.89387065565424, -6.23914557685742 ], [ 106.894187118097207, -6.239188601803304 ], [ 106.894677313678514, -6.239273002353205 ], [ 106.895169616197094, -6.239386447291594 ], [ 106.895781910669101, -6.239564147253558 ], [ 106.896071510592364, -6.239658900301306 ], [ 106.896751004594492, -6.239906899722998 ], [ 106.897079533050004, -6.240041667211866 ], [ 106.897737827523414, -6.240342466063192 ], [ 106.8982053199353, -6.240590148721513 ], [ 106.89905111375073, -6.241103846215595 ], [ 106.899364238768271, -6.241312351580475 ], [ 106.900084534232136, -6.241836548697683 ], [ 106.900559855395969, -6.242235131375344 ], [ 106.900950853723302, -6.242611629132763 ], [ 106.901117139076774, -6.242780367617544 ], [ 106.901745137197977, -6.243451963607535 ], [ 106.902101343019496, -6.243883628471016 ], [ 106.903179243316515, -6.245368319695244 ], [ 106.903436896440809, -6.245765383981553 ], [ 106.903838098134983, -6.246460880013672 ], [ 106.903845922560805, -6.246474498497731 ], [ 106.904735222126362, -6.248028565473426 ], [ 106.905066424368911, -6.248591642646627 ], [ 106.905234464403449, -6.248833941259651 ], [ 106.905410779147957, -6.24906887908207 ], [ 106.905502856254884, -6.249182147344992 ], [ 106.905640141137752, -6.24933357002414 ], [ 106.905812260921238, -6.249504628620674 ], [ 106.906044289760089, -6.249716180374061 ], [ 106.906199816228153, -6.249846648256946 ], [ 106.906355052606159, -6.249968171734325 ], [ 106.906415070954978, -6.250010866989086 ], [ 106.906576057345873, -6.250116276250925 ], [ 106.906769726625598, -6.250236017998208 ], [ 106.907026371924943, -6.250377360186116 ], [ 106.907205557987311, -6.250464099126282 ], [ 106.907694801457737, -6.250643959599909 ], [ 106.908406862032592, -6.250832930851791 ], [ 106.908775156071243, -6.250947720424718 ], [ 106.909184652385761, -6.251094820212606 ], [ 106.909221355980421, -6.251108184388228 ], [ 106.909966849435705, -6.251383283711558 ], [ 106.91012092428808, -6.251440159380762 ], [ 106.91035376165172, -6.251533537313056 ], [ 106.910721558537347, -6.251693036784189 ], [ 106.911221551299946, -6.251910008275008 ], [ 106.911576338153566, -6.252063843186606 ], [ 106.911716900556527, -6.252124847753843 ], [ 106.911957392761835, -6.25222918681528 ], [ 106.91217965603407, -6.252322882118508 ], [ 106.912369448572875, -6.252402868716306 ], [ 106.912799030010859, -6.252583835536792 ], [ 106.913229341320545, -6.252765194000301 ], [ 106.914205225860044, -6.253176442087139 ], [ 106.914460230516639, -6.253264943034109 ], [ 106.914798490410419, -6.253349142763051 ], [ 106.915625701790177, -6.253529234166724 ], [ 106.915846841836569, -6.25356403349414 ], [ 106.916223894228594, -6.253595738378012 ], [ 106.918104736835815, -6.253656748007756 ], [ 106.920185692682139, -6.253595465843789 ], [ 106.920230185680239, -6.25359437498022 ], [ 106.920700855248825, -6.253585155978655 ], [ 106.922177781125967, -6.253510079398259 ], [ 106.924570166400386, -6.253360338964625 ], [ 106.924630355870846, -6.253356974875269 ], [ 106.926617115805755, -6.253259227179393 ], [ 106.927619019942256, -6.253193200887367 ], [ 106.927691050405528, -6.25318903175179 ], [ 106.936677843655985, -6.252740820763778 ], [ 106.93821719869139, -6.252663187554369 ], [ 106.940023065914303, -6.252573325678113 ], [ 106.940106119476894, -6.252565558319825 ], [ 106.942292024978499, -6.252210177711848 ], [ 106.942607650656967, -6.252170220101875 ], [ 106.942917748178232, -6.252142021117078 ], [ 106.943307663484447, -6.252123509584666 ], [ 106.943617460904008, -6.252122210459123 ], [ 106.94373172050274, -6.252123177329137 ], [ 106.943959018520474, -6.252127977839024 ], [ 106.944252194936936, -6.252143718855216 ], [ 106.946044279323758, -6.252298509384398 ], [ 106.946176239892651, -6.252307711074882 ], [ 106.946230716528675, -6.252308485412152 ], [ 106.948354022753193, -6.252216298716862 ], [ 106.948991985439761, -6.252180985936401 ], [ 106.949013376986031, -6.252180853805713 ], [ 106.949034671341167, -6.252178825846256 ], [ 106.949040607060113, -6.252178845422232 ], [ 106.949046518904808, -6.252178298029373 ], [ 106.951621524698339, -6.252066976694875 ], [ 106.952197010459344, -6.252026281065256 ], [ 106.953445711117027, -6.251832823524962 ], [ 106.953744140651537, -6.251796715732357 ], [ 106.954102537790362, -6.251765416904423 ], [ 106.954283981965034, -6.251753247910211 ], [ 106.955080500717131, -6.251715923240511 ], [ 106.95513650703117, -6.251711183886916 ], [ 106.955233030237508, -6.251697052935284 ], [ 106.956989123321449, -6.251337918738209 ], [ 106.958179863356889, -6.251064734796817 ], [ 106.958439354009471, -6.251013154386984 ], [ 106.958723651976086, -6.250965255517838 ], [ 106.959171200404967, -6.250912658727764 ], [ 106.959495797802575, -6.250890859747447 ], [ 106.959572019259767, -6.250886388071569 ], [ 106.960435462271022, -6.250843055030717 ], [ 106.960476288554631, -6.250838914225947 ], [ 106.960478818550129, -6.250838171019971 ], [ 106.96090357171893, -6.250683804502951 ], [ 106.961513243770526, -6.250443302814453 ], [ 106.963185767387969, -6.249785163978263 ], [ 106.963427200016369, -6.249665674260725 ], [ 106.965532011547836, -6.248451602918053 ], [ 106.967483929249951, -6.24714992655795 ], [ 106.967627850643822, -6.24705783335073 ], [ 106.968314349482682, -6.246636637435071 ], [ 106.968503136128376, -6.246526998590769 ], [ 106.969158834350694, -6.246167102316435 ], [ 106.969301547347229, -6.246092054068207 ], [ 106.96983284560325, -6.245824656996917 ], [ 106.970000184321918, -6.245744700185808 ], [ 106.970590681991055, -6.24547730338445 ], [ 106.970791503146032, -6.245392148083567 ], [ 106.971567599509157, -6.245084952142904 ], [ 106.971854151946218, -6.244982555537775 ], [ 106.972744146924541, -6.244697959899876 ], [ 106.972964643148757, -6.244633585541983 ], [ 106.973712338381176, -6.244435789052367 ], [ 106.973946802899363, -6.244380412051926 ], [ 106.974594298414644, -6.244245614772341 ], [ 106.974820859805476, -6.244204447021894 ], [ 106.975537354493952, -6.24409304985254 ], [ 106.975783105344448, -6.244061720832741 ], [ 106.976617698795962, -6.243978523680315 ], [ 106.976923874521972, -6.243958481197912 ], [ 106.97743677023071, -6.243942382687731 ], [ 106.977611423757864, -6.243940281426372 ], [ 106.978883112722244, -6.243949584807821 ], [ 106.979010258245623, -6.24395230624485 ], [ 106.979689152289779, -6.243976407928682 ], [ 106.979834113674002, -6.243983889271848 ], [ 106.980113111170596, -6.244002789856983 ], [ 106.980369854202905, -6.244027568552335 ], [ 106.980686351341689, -6.244067269008898 ], [ 106.980844818020159, -6.244090007321595 ], [ 106.981450512528056, -6.244187908125201 ], [ 106.981799807061577, -6.244258614502287 ], [ 106.982371001850581, -6.244397914766346 ], [ 106.982664497316506, -6.244480079501908 ], [ 106.983615188671081, -6.244781179339904 ], [ 106.983806454095969, -6.244846500989063 ], [ 106.984643346695378, -6.245153400457435 ], [ 106.984910188056745, -6.24526101809603 ], [ 106.987267267894921, -6.246300114819507 ], [ 106.987600481732414, -6.246463679682141 ], [ 106.988958528342692, -6.247201046315545 ], [ 106.992233239927288, -6.248772700486528 ], [ 106.995930156096946, -6.250208269469837 ], [ 106.998649795728866, -6.251139439288846 ], [ 106.998704249803282, -6.25115847291698 ], [ 106.998855348419909, -6.251212372841665 ], [ 106.998934921025139, -6.251241602813387 ], [ 106.999104110273862, -6.251305561112194 ], [ 107.006038704043746, -6.253787495123046 ], [ 107.008727886984275, -6.254744814480721 ], [ 107.008812096677303, -6.254775737831999 ], [ 107.009888431978695, -6.255183164369479 ], [ 107.011540003484029, -6.255742169420425 ], [ 107.011585358473525, -6.255757789559491 ], [ 107.019453988045797, -6.258514485569554 ], [ 107.019454175176534, -6.258514561605401 ], [ 107.019454368830992, -6.258514618992288 ], [ 107.019524568207657, -6.258539218969271 ], [ 107.019535054197462, -6.258542908017232 ], [ 107.021274038646681, -6.259157107118632 ], [ 107.021283819629616, -6.259160574267172 ], [ 107.021566900615085, -6.259261288475117 ], [ 107.022432364354657, -6.259564845901473 ], [ 107.02243240950871, -6.259564864260922 ], [ 107.02243245491502, -6.259564877737448 ], [ 107.023164848377306, -6.259821777340599 ], [ 107.023164992888795, -6.259821836180927 ], [ 107.023165142856087, -6.259821880625555 ], [ 107.023421026587712, -6.259911655769852 ], [ 107.023532043981916, -6.259925402150545 ], [ 107.024118667684917, -6.260037852968749 ], [ 107.024308865881721, -6.26008755302231 ], [ 107.024441820831896, -6.260124474365925 ], [ 107.024604619299367, -6.260172374377439 ], [ 107.024842766516329, -6.260249680395615 ], [ 107.024846885047765, -6.260251144737921 ], [ 107.025033011930347, -6.260175009657507 ], [ 107.025457826959197, -6.26004821214365 ], [ 107.025893016336951, -6.259963691365261 ], [ 107.026334389000823, -6.259922261283895 ], [ 107.026777694390134, -6.259924320773603 ], [ 107.027218663355299, -6.259969850119926 ], [ 107.027653049259655, -6.260058410772564 ], [ 107.028076668827779, -6.260189149709049 ], [ 107.028230309153514, -6.260244965157236 ], [ 107.029072370888528, -6.260550427050578 ], [ 107.029072776753466, -6.260550597253987 ], [ 107.029073198092917, -6.260550727166647 ], [ 107.029441735084333, -6.260684496498678 ], [ 107.029441735265038, -6.26068449649798 ], [ 107.029442094809355, -6.26068462701086 ], [ 107.030335427273855, -6.26100879595035 ], [ 107.030707991375522, -6.261174716501113 ], [ 107.03080385609978, -6.261211829243558 ], [ 107.031005655424792, -6.261289842867764 ], [ 107.031006336819843, -6.261290145533291 ], [ 107.03100704388072, -6.261290379933013 ], [ 107.031249589440733, -6.261384237507384 ], [ 107.03245588041537, -6.261831998665666 ], [ 107.032863450503044, -6.262006498757294 ], [ 107.033251965550505, -6.262220133071922 ], [ 107.033617683809382, -6.262470844381947 ], [ 107.033858739990421, -6.262673529093679 ], [ 107.033893776436571, -6.262677818753551 ], [ 107.034326409458046, -6.262774591909889 ], [ 107.034747480063004, -6.262913331791442 ], [ 107.035152933272329, -6.263092702191297 ], [ 107.035538864364781, -6.263310975781093 ], [ 107.035901556790932, -6.263566050417136 ], [ 107.036237517754913, -6.263855469613588 ], [ 107.036543511640787, -6.264176446187773 ], [ 107.036816591644993, -6.264525888985721 ], [ 107.037054127898941, -6.264900432875494 ], [ 107.03725383288959, -6.265296470649456 ], [ 107.037413783100462, -6.265710188466694 ], [ 107.037532438216971, -6.26613760202823 ], [ 107.037608655373063, -6.266574595122015 ], [ 107.037641700512168, -6.267016959354751 ], [ 107.037641348284367, -6.267031913440155 ], [ 107.037651398763373, -6.267175645839899 ], [ 107.037638846404121, -6.267619066282755 ], [ 107.037582919745347, -6.26805912043995 ], [ 107.037484157048439, -6.268491570352614 ], [ 107.037343509480181, -6.26891225130068 ], [ 107.037278944405372, -6.269056528596059 ], [ 107.037227532322873, -6.269212143228057 ], [ 107.037047796246114, -6.269617646984585 ], [ 107.036829204476405, -6.270003569558988 ], [ 107.036573862075926, -6.270366194462539 ], [ 107.036284228078387, -6.270702029383297 ], [ 107.035963091680671, -6.271007839821275 ], [ 107.035613545624884, -6.271280680745904 ], [ 107.035238956311858, -6.271517924379135 ], [ 107.034842931105132, -6.271717286000801 ], [ 107.034429284081483, -6.271876845601395 ], [ 107.034001998876988, -6.271995066291595 ], [ 107.033565190616386, -6.272070809641276 ], [ 107.033123066105688, -6.272103346052895 ], [ 107.032679883289745, -6.272092362153685 ], [ 107.032239910420955, -6.272037963758941 ], [ 107.031391446840615, -6.271890454171017 ], [ 107.031170930689328, -6.271874598878491 ], [ 107.031086529906247, -6.271863999025186 ], [ 107.03062773482867, -6.271782136216256 ], [ 107.030179809833484, -6.27165341085114 ], [ 107.030106009191016, -6.271628010795494 ], [ 107.029902050165788, -6.271552270765955 ], [ 107.029751606149645, -6.271492241017852 ], [ 107.029595968073195, -6.271432982071338 ], [ 107.029582495229974, -6.271427827658373 ], [ 107.029331542128048, -6.271331358539185 ], [ 107.02831199736778, -6.270948262969685 ], [ 107.028207414806658, -6.270910386380744 ], [ 107.027953076146702, -6.270829940465036 ], [ 107.027520407534283, -6.270702014247681 ], [ 107.027453368361634, -6.270681625843237 ], [ 107.026785359954062, -6.270472790476933 ], [ 107.026010735512941, -6.270239511580674 ], [ 107.025134533343021, -6.269987187209201 ], [ 107.024715035441602, -6.269843731586916 ], [ 107.024434082574672, -6.269715653812161 ], [ 107.024117668552023, -6.269686393393715 ], [ 107.023682354958723, -6.26960247155705 ], [ 107.023257358122919, -6.269476257921255 ], [ 107.020918530407613, -6.268654724590577 ], [ 107.020918337070071, -6.26865465671706 ], [ 107.020918336527288, -6.268654656538328 ], [ 107.020169123723605, -6.268391524227749 ], [ 107.02016911241202, -6.268391519570174 ], [ 107.02016909992976, -6.268391515911589 ], [ 107.019052989930429, -6.267999515359319 ], [ 107.019052935454795, -6.267999493148165 ], [ 107.019052880097959, -6.267999476726468 ], [ 107.018294969856768, -6.267733259378892 ], [ 107.016858241503598, -6.267246186525868 ], [ 107.016806230946287, -6.26722820000713 ], [ 107.008622754784312, -6.26434210425198 ], [ 107.006933097301996, -6.26377414498094 ], [ 107.006772440038958, -6.26371674138822 ], [ 107.005645632406015, -6.263289953958381 ], [ 106.992880398988561, -6.258728703043919 ], [ 106.992818628157039, -6.258706121471881 ], [ 106.988832292977236, -6.25721581845759 ], [ 106.988437463850531, -6.257046387043352 ], [ 106.984902234580304, -6.255325780642162 ], [ 106.984740352178889, -6.255242918952192 ], [ 106.983428402441447, -6.254537687942828 ], [ 106.981385563910351, -6.25362114729831 ], [ 106.980781855607432, -6.253402853958952 ], [ 106.980082662986192, -6.253183180384645 ], [ 106.979834631131737, -6.253122687659546 ], [ 106.979525620655579, -6.253073425883991 ], [ 106.979368759564679, -6.25305681396963 ], [ 106.97925504020381, -6.253046647344246 ], [ 106.978759550891112, -6.253029194134868 ], [ 106.977645427540338, -6.253021608670028 ], [ 106.977407580637291, -6.253030431314361 ], [ 106.976793002131615, -6.25309164597376 ], [ 106.97630006214716, -6.253162810781206 ], [ 106.975897001113012, -6.253246653543727 ], [ 106.975385864690963, -6.253379691485554 ], [ 106.974773659767806, -6.253577810739734 ], [ 106.974229559092294, -6.253795047574822 ], [ 106.973806435449717, -6.253986458674729 ], [ 106.973452050394528, -6.254161566427941 ], [ 106.972978192809563, -6.254426548417753 ], [ 106.972443757545292, -6.254754029679785 ], [ 106.970429495415218, -6.256092498590799 ], [ 106.970196179095652, -6.256237506224712 ], [ 106.967840573837975, -6.257604019931836 ], [ 106.967521555448869, -6.257772429898272 ], [ 106.966968653364319, -6.258036632922803 ], [ 106.966671692151763, -6.258165670533753 ], [ 106.964836934333604, -6.258885873191935 ], [ 106.964177672458888, -6.259147245373852 ], [ 106.964092275505536, -6.259180104742658 ], [ 106.963476772436152, -6.259409807864398 ], [ 106.963222620471328, -6.259496140945866 ], [ 106.962957018898962, -6.259577642190282 ], [ 106.962688458799889, -6.259651072169138 ], [ 106.962408256966754, -6.259718473426297 ], [ 106.962059780102933, -6.259787916538262 ], [ 106.961814578273348, -6.259826817506389 ], [ 106.961555858021526, -6.2598602319846 ], [ 106.961239455539925, -6.259891833062601 ], [ 106.961015979303369, -6.259908563207715 ], [ 106.960091238140976, -6.259954746244982 ], [ 106.960014085846282, -6.259960539243902 ], [ 106.958968699220321, -6.260205150304094 ], [ 106.958836838748098, -6.26023393263837 ], [ 106.956945025478674, -6.260617340566694 ], [ 106.956688238710129, -6.260661708822894 ], [ 106.956305535779435, -6.260716510284549 ], [ 106.95600374471681, -6.260749414489977 ], [ 106.955732142561132, -6.260769815364535 ], [ 106.955631262448435, -6.260776257817567 ], [ 106.95482254805971, -6.260818819173559 ], [ 106.95470806575689, -6.260828957564099 ], [ 106.953367557430141, -6.261035401450429 ], [ 106.952951492516576, -6.261079857345901 ], [ 106.952125285708732, -6.26112955990568 ], [ 106.952070787825477, -6.261132507849403 ], [ 106.949936570023524, -6.261235014371623 ], [ 106.949934417565913, -6.261235011971992 ], [ 106.949932275461066, -6.261235218563763 ], [ 106.948372862496512, -6.261308623348785 ], [ 106.948358161693051, -6.261308592760174 ], [ 106.948343519642066, -6.261309908895106 ], [ 106.946488904134625, -6.261385114459681 ], [ 106.946300287347583, -6.261388817747552 ], [ 106.945984584558175, -6.261388418610701 ], [ 106.945686036734827, -6.261378157923079 ], [ 106.945444734573144, -6.261361858398323 ], [ 106.945368832285538, -6.261356088102414 ], [ 106.943587864115514, -6.26120557994716 ], [ 106.943528702887605, -6.261205659087876 ], [ 106.941408124652341, -6.26154839969538 ], [ 106.941236521243027, -6.261572764768353 ], [ 106.940903318656026, -6.261613565935241 ], [ 106.940572993071413, -6.261641751388843 ], [ 106.938660877176559, -6.261734357266469 ], [ 106.938653578437837, -6.261734704829568 ], [ 106.93712079797001, -6.261806447537588 ], [ 106.928153357638593, -6.262256908895536 ], [ 106.927120349167453, -6.262314075742833 ], [ 106.927109673359539, -6.262314653807389 ], [ 106.925114679119972, -6.262420313012458 ], [ 106.922704862137081, -6.262577242676691 ], [ 106.922660361155806, -6.262579919929448 ], [ 106.92169485318648, -6.26263322291106 ], [ 106.921613031536168, -6.262636995858279 ], [ 106.919878816958374, -6.262701200949667 ], [ 106.919833211188092, -6.262702658551338 ], [ 106.918264397925597, -6.262744863038052 ], [ 106.917984421331624, -6.262743709978708 ], [ 106.916242517277468, -6.262682486957387 ], [ 106.915791540359834, -6.262673879559951 ], [ 106.915508391378367, -6.2626595717616 ], [ 106.91490408596664, -6.26260997291719 ], [ 106.914544558033143, -6.262565884808231 ], [ 106.914306755914353, -6.26252698505989 ], [ 106.914242040516442, -6.262515915232588 ], [ 106.91388863733836, -6.262452815539489 ], [ 106.913691337710659, -6.262413030792584 ], [ 106.912845830013993, -6.262222831322838 ], [ 106.912691933193926, -6.262185363972368 ], [ 106.912015526971757, -6.262008064073681 ], [ 106.911744148644971, -6.261927761280774 ], [ 106.911178343633551, -6.261740861002663 ], [ 106.910862535357097, -6.261623299302473 ], [ 106.906012819011679, -6.259608854463962 ], [ 106.905888845038049, -6.259563553087379 ], [ 106.905184907676329, -6.259378756663954 ], [ 106.904777557677221, -6.259250952546107 ], [ 106.90388454974341, -6.258923651884984 ], [ 106.903480205133249, -6.258752728232657 ], [ 106.902983401113929, -6.258513627278417 ], [ 106.902705846302339, -6.258367974924589 ], [ 106.902245742772038, -6.258105773713078 ], [ 106.902170969117776, -6.25806220777874 ], [ 106.90183446654008, -6.257861806890239 ], [ 106.901618587091235, -6.257724819910904 ], [ 106.901330285097316, -6.257530218895532 ], [ 106.901164757574264, -6.257412995708528 ], [ 106.900648754321978, -6.257029893595959 ], [ 106.900429081135314, -6.256855978262008 ], [ 106.900140379559275, -6.2566124768248 ], [ 106.90001373001121, -6.256501552687663 ], [ 106.899635528305907, -6.256157650647214 ], [ 106.89947682769342, -6.256006143230143 ], [ 106.899157426509817, -6.255686041277328 ], [ 106.898973454532126, -6.255490366666149 ], [ 106.898672753857923, -6.255150864583436 ], [ 106.898567700819271, -6.2550278912645 ], [ 106.89834470051585, -6.254757189678245 ], [ 106.898270306793535, -6.25466442239816 ], [ 106.897982906542452, -6.254296220237862 ], [ 106.897813021442985, -6.254063661359023 ], [ 106.897507221815715, -6.253615758785546 ], [ 106.897347724608252, -6.253364801003823 ], [ 106.896907826226325, -6.252619596714515 ], [ 106.896873663395084, -6.252560715451968 ], [ 106.89597864071628, -6.250990985937745 ], [ 106.895696947184362, -6.250503809200644 ], [ 106.89491943168133, -6.249425856893374 ], [ 106.894576483942814, -6.24905686681631 ], [ 106.894510005436359, -6.248993049449004 ], [ 106.894195653993933, -6.248762372833166 ], [ 106.893737197722572, -6.248484392427522 ], [ 106.893486642561456, -6.248369566229002 ], [ 106.893118877845637, -6.248236204939613 ], [ 106.892896550718035, -6.248171285485317 ], [ 106.892808977014198, -6.248156285305704 ], [ 106.892724668527578, -6.248147687137157 ], [ 106.892605578738852, -6.248149410099576 ], [ 106.892053891348169, -6.248207970472443 ], [ 106.89192459571656, -6.248228751552722 ], [ 106.891881745374278, -6.248239302223086 ], [ 106.891769785033688, -6.248270223663442 ], [ 106.89171944517598, -6.248303333588127 ], [ 106.891312330256554, -6.248577152454455 ], [ 106.890689584790294, -6.249002489088149 ], [ 106.89021826622843, -6.249346340052344 ], [ 106.89016445374682, -6.249384997605578 ], [ 106.889915479914592, -6.249561100094567 ], [ 106.889722359387022, -6.249699436370859 ], [ 106.889537813034906, -6.249824852457729 ], [ 106.888953712258029, -6.250201055868535 ], [ 106.888787047662888, -6.250303364526682 ], [ 106.888143346148979, -6.250679568202378 ], [ 106.887594050800118, -6.250952365868316 ], [ 106.887175048896921, -6.251126068087151 ], [ 106.886795715612024, -6.251263803672609 ], [ 106.886385213209891, -6.25139240560183 ], [ 106.886076868365549, -6.251477137463285 ], [ 106.885598065110713, -6.251590639582914 ], [ 106.885240755199419, -6.251660258992472 ], [ 106.88473125135053, -6.251738360881745 ], [ 106.88430013841031, -6.2517833947171 ], [ 106.884011436039188, -6.251799595572006 ], [ 106.883700010881014, -6.251806308259947 ], [ 106.883337307681472, -6.251801609143256 ], [ 106.88315511480225, -6.251795567948258 ], [ 106.881154390125232, -6.251688750307852 ], [ 106.880949094774181, -6.251679632744306 ], [ 106.88018014094412, -6.252229991043586 ], [ 106.879889392936889, -6.252421583574933 ], [ 106.879584764881002, -6.252590203851656 ], [ 106.879262263787894, -6.252752805646735 ], [ 106.878667876616163, -6.253001043383873 ], [ 106.878522975769172, -6.253049744041002 ], [ 106.878188514162247, -6.253141913191016 ], [ 106.878081215238296, -6.253240846611376 ], [ 106.877769623133673, -6.253533629210894 ], [ 106.877467825409326, -6.253826203221991 ], [ 106.877434955265088, -6.253857748798207 ], [ 106.876929284086017, -6.254338170801214 ], [ 106.876791870289836, -6.254469190985157 ], [ 106.87689209495106, -6.254612058527127 ], [ 106.877104974185755, -6.254987034905459 ], [ 106.877281178125827, -6.255380603302418 ], [ 106.877338078803959, -6.255525902496212 ], [ 106.877525959309864, -6.256125285509319 ], [ 106.877567960536354, -6.25630128473902 ], [ 106.877610165472504, -6.256497278600038 ], [ 106.87787697544762, -6.257885072999425 ], [ 106.877905130674193, -6.258047414148534 ], [ 106.877963633569749, -6.258425512754337 ], [ 106.878014964513824, -6.258987309595055 ], [ 106.878028668608536, -6.259464308253572 ], [ 106.878029953262867, -6.259666722375938 ], [ 106.878024556191136, -6.260003421533028 ], [ 106.87801658656403, -6.260208927035461 ], [ 106.877782721611482, -6.264007163225589 ], [ 106.877772043441013, -6.264214670180706 ], [ 106.877772848447336, -6.264225722108971 ], [ 106.877870640767185, -6.26500453219713 ], [ 106.877873274033249, -6.265025915670953 ], [ 106.877946678812165, -6.265633913516147 ], [ 106.877979271738496, -6.26616285916885 ], [ 106.877980876400343, -6.266710257723908 ], [ 106.877952769977412, -6.267227175438378 ], [ 106.877911473311869, -6.267595774899582 ], [ 106.877865247880735, -6.26790890397364 ], [ 106.877568352457544, -6.269526141910942 ], [ 106.87754047926714, -6.269842521526574 ], [ 106.877522847128162, -6.270257330812774 ], [ 106.877523780866838, -6.270664350551383 ], [ 106.877537497331076, -6.271136586443713 ], [ 106.877557719393522, -6.27182122595705 ], [ 106.877613057123, -6.272586094804252 ], [ 106.877622755837962, -6.272774889138121 ], [ 106.877625387000094, -6.272861329499946 ], [ 106.877749440421624, -6.273415740614498 ], [ 106.878052671376196, -6.274749756862407 ], [ 106.87839795029835, -6.275795974040725 ], [ 106.87877526089116, -6.276733876305617 ], [ 106.87931436267975, -6.278064776699404 ], [ 106.880968782193605, -6.281955612943109 ], [ 106.880989096392781, -6.282004169624674 ], [ 106.881170911862142, -6.282445964692448 ], [ 106.88155917016617, -6.283213016160026 ], [ 106.881626456194553, -6.28335176975042 ], [ 106.881684917812592, -6.283477753668744 ], [ 106.881698432331504, -6.283500700208704 ], [ 106.881705914983016, -6.283513452717471 ], [ 106.881964816005365, -6.283956350219005 ], [ 106.881974530546643, -6.283973050494543 ], [ 106.882198831463882, -6.284360548214668 ], [ 106.882427812322319, -6.284812862345367 ], [ 106.882500113047968, -6.284978061439533 ], [ 106.88252162393853, -6.285028027569854 ], [ 106.882619724925377, -6.285259726374375 ], [ 106.882700328307408, -6.285463743712064 ], [ 106.882896758368048, -6.285998537436387 ], [ 106.883058058886377, -6.286413707459069 ], [ 106.883061577099355, -6.286422791905077 ], [ 106.883346280722392, -6.287160288105907 ], [ 106.88340859800573, -6.287331953293353 ], [ 106.883621020559787, -6.287956124676014 ], [ 106.883851404180916, -6.288632214431065 ], [ 106.884162969098469, -6.28954432877579 ], [ 106.884187157745444, -6.289617155336756 ], [ 106.884277424361358, -6.289896838245595 ], [ 106.884617289273535, -6.290794179429196 ], [ 106.884636567524524, -6.290846034814976 ], [ 106.884815917464365, -6.291337641273607 ], [ 106.885004443936765, -6.291842126847746 ], [ 106.885817741541473, -6.293862859789702 ], [ 106.885819905685736, -6.293868246891084 ], [ 106.886138409491039, -6.294662542812248 ], [ 106.886166602955626, -6.294734632330949 ], [ 106.886246366293449, -6.294943845176444 ], [ 106.886961637587689, -6.296696971717761 ], [ 106.887250542000743, -6.297316043699069 ], [ 106.887473470967407, -6.297894098055316 ], [ 106.887619973824556, -6.298368495806549 ], [ 106.887686723537215, -6.298607758755616 ], [ 106.887777825925028, -6.298972757159345 ], [ 106.887803634369661, -6.299081899210595 ], [ 106.887877136571689, -6.299410897816784 ], [ 106.887910674429563, -6.299575285182295 ], [ 106.888220687112636, -6.301253125551289 ], [ 106.888334167885077, -6.301421666757418 ], [ 106.888530229335075, -6.301740611152029 ], [ 106.888699238339072, -6.302074696536269 ], [ 106.888756238805314, -6.302199995883756 ], [ 106.888928730826464, -6.302638445357919 ], [ 106.888981931679169, -6.302797544632883 ], [ 106.889092655538519, -6.303185378714171 ], [ 106.889168389391102, -6.303581543937026 ], [ 106.88919059052985, -6.30373434340762 ], [ 106.889232772027881, -6.304175955991447 ], [ 106.889231490727965, -6.30461957901219 ], [ 106.889218892900814, -6.304861878514516 ], [ 106.889166259958088, -6.305353577086757 ], [ 106.889060266562694, -6.30583658168099 ], [ 106.889015168034405, -6.305999081730329 ], [ 106.888830889036797, -6.306531740989923 ], [ 106.888734591042478, -6.306762441295749 ], [ 106.888641040646192, -6.306971501208911 ], [ 106.888573358291112, -6.307113026194129 ], [ 106.888586887531829, -6.307189109003738 ], [ 106.888746066014463, -6.30813178340309 ], [ 106.888854303533208, -6.308766322091945 ], [ 106.888903394148102, -6.309039640003455 ], [ 106.888927572412115, -6.309083241395869 ], [ 106.889076086914059, -6.30937557819197 ], [ 106.889093009013521, -6.309412110746124 ], [ 106.889244475492745, -6.309715231148939 ], [ 106.889286975891622, -6.309812230560205 ], [ 106.889349064005671, -6.309961103653153 ], [ 106.889391464514617, -6.310068103086811 ], [ 106.889546734710635, -6.310531658607339 ], [ 106.889772939881368, -6.311351754839383 ], [ 106.889789330708084, -6.311412841859949 ], [ 106.889901933450801, -6.311844539885719 ], [ 106.88995070710547, -6.312051294477786 ], [ 106.890240264129673, -6.313422038582909 ], [ 106.890402492391402, -6.314177590422774 ], [ 106.890433176541478, -6.314333850152701 ], [ 106.890699287523276, -6.315827644205315 ], [ 106.890710203308089, -6.315891569656758 ], [ 106.890788106922315, -6.316368367788909 ], [ 106.89079937789522, -6.316441059723457 ], [ 106.89089798300374, -6.317113057254829 ], [ 106.890906528729374, -6.317174198689133 ], [ 106.891023435626892, -6.318054395537934 ], [ 106.891043819886463, -6.318235867786822 ], [ 106.891101724951085, -6.318865765672197 ], [ 106.891119734080377, -6.319185552776872 ], [ 106.891159950564415, -6.321114747460488 ], [ 106.891160813011638, -6.321176052692929 ], [ 106.891174776374442, -6.323091639934726 ], [ 106.891181351071239, -6.323716511752615 ], [ 106.891188593028701, -6.324282903344203 ], [ 106.891236243918797, -6.326346740464968 ], [ 106.891245987589556, -6.326759274102462 ], [ 106.891313200467749, -6.32804229682223 ], [ 106.891317943574919, -6.328164377726079 ], [ 106.891336313651877, -6.328889533954995 ], [ 106.891389349073904, -6.329550297198296 ], [ 106.891470479871032, -6.330485849331518 ], [ 106.891532279176687, -6.330961850894501 ], [ 106.892422479504887, -6.336406108692626 ], [ 106.892441677834782, -6.336518837762076 ], [ 106.892451621465383, -6.336556254595795 ], [ 106.892562914082461, -6.336942105734064 ], [ 106.892679290980112, -6.337341721882483 ], [ 106.89272489411546, -6.337510384479911 ], [ 106.892824096721384, -6.337907582701549 ], [ 106.892879252999677, -6.33815854713815 ], [ 106.893099212802269, -6.339315186746319 ], [ 106.893482678783968, -6.341330322798312 ], [ 106.893487884091087, -6.341358150790429 ], [ 106.893706095159601, -6.342545266139462 ], [ 106.894235417694574, -6.345355303450307 ], [ 106.894254633494484, -6.345444735026079 ], [ 106.894375086489347, -6.34588008784142 ], [ 106.895054016940776, -6.348336414687767 ], [ 106.895063589780648, -6.348371600293147 ], [ 106.895238032712669, -6.349023130973436 ], [ 106.895565847219331, -6.35022636660678 ], [ 106.89607002810601, -6.351959235135452 ], [ 106.896598786656838, -6.353778420541607 ], [ 106.896613311720003, -6.353829511311218 ], [ 106.896768915261774, -6.354389308686117 ], [ 106.896813496561009, -6.354562963108703 ], [ 106.897033402869383, -6.35549595908059 ], [ 106.897070558064058, -6.355668630654392 ], [ 106.897151061072023, -6.356081828930582 ], [ 106.897168721421195, -6.356178001688543 ], [ 106.897670343164634, -6.359086290173957 ], [ 106.897968156754061, -6.360814267312482 ], [ 106.897995339173463, -6.360993338409568 ], [ 106.898214303549153, -6.362660110062725 ], [ 106.898500325772062, -6.364784289104598 ], [ 106.898709567203966, -6.365337296687554 ], [ 106.898814612647712, -6.365648660983377 ], [ 106.898892314279053, -6.365909959753886 ], [ 106.898978212545984, -6.366245306933397 ], [ 106.899026514144154, -6.366469205950358 ], [ 106.899064084703369, -6.366663994491915 ], [ 106.899155288737532, -6.367199792363637 ], [ 106.899158537878876, -6.367219133710644 ], [ 106.899461651648068, -6.369047726579476 ], [ 106.899478245601145, -6.369155934252087 ], [ 106.899651766235621, -6.370386681768462 ], [ 106.899715383121489, -6.370804447063189 ], [ 106.899861743746484, -6.371638027209665 ], [ 106.900013692037149, -6.372434233116468 ], [ 106.900019993054471, -6.372467943940895 ], [ 106.900129747042911, -6.373067715006146 ], [ 106.900253175313722, -6.373728902192084 ], [ 106.90036950951496, -6.374352758235662 ], [ 106.900369545746216, -6.374352952219021 ], [ 106.900451612768677, -6.374792656408406 ], [ 106.900473318577497, -6.374918830221078 ], [ 106.900513620456678, -6.375174729238715 ], [ 106.9005389269104, -6.375360355256838 ], [ 106.900568428936737, -6.375616254368109 ], [ 106.900592246281974, -6.375902470487554 ], [ 106.900605648454743, -6.37616366972592 ], [ 106.900611239035712, -6.376339064657626 ], [ 106.900619244640311, -6.376981462911437 ], [ 106.900603009198136, -6.377424798318859 ], [ 106.900543416108533, -6.377864406943172 ], [ 106.900441039078615, -6.378296055173472 ], [ 106.900296863936333, -6.378715585892977 ], [ 106.900112279114708, -6.37911895883811 ], [ 106.899889062152837, -6.379502289255052 ], [ 106.899629362758304, -6.379861885484593 ], [ 106.899335681703676, -6.380194284393011 ], [ 106.899010847364735, -6.380496284732599 ], [ 106.898657988090918, -6.380764977896059 ], [ 106.898280502125829, -6.380997776329362 ], [ 106.897882024710171, -6.381192437886823 ], [ 106.897466393638808, -6.381347087931418 ], [ 106.89703761163652, -6.381460236835835 ], [ 106.896599808181833, -6.381530795044262 ], [ 106.8961571996836, -6.381558082895922 ], [ 106.896071138914948, -6.381554928014884 ], [ 106.896052706651716, -6.381555833997238 ], [ 106.895926036310485, -6.381549608779525 ], [ 106.895714048833028, -6.381541837558044 ], [ 106.895683461000857, -6.381537687327069 ], [ 106.895609792503549, -6.381534066879338 ], [ 106.895171143693844, -6.381468972887689 ], [ 106.894740984804969, -6.381361178848111 ], [ 106.894323458601747, -6.381211722741984 ], [ 106.893922586225457, -6.38102204408824 ], [ 106.893542228455189, -6.380793969619184 ], [ 106.893186048313666, -6.380529695695941 ], [ 106.892857476102037, -6.380231767549925 ], [ 106.892559676228302, -6.379903054448525 ], [ 106.892295516737775, -6.379546722138109 ], [ 106.892067541455177, -6.379166202383797 ], [ 106.891877946094041, -6.378765159782079 ], [ 106.891728556349079, -6.378347456757766 ], [ 106.89162081095084, -6.377917116011157 ], [ 106.89155574751922, -6.377478281960458 ], [ 106.891533992390166, -6.377035180994627 ], [ 106.891533996894836, -6.376516759288848 ], [ 106.891531877752328, -6.376475953944886 ], [ 106.891521396574902, -6.376415891094386 ], [ 106.891371427523069, -6.375597184018715 ], [ 106.891371418322905, -6.375597114976515 ], [ 106.8913714022557, -6.375597046321166 ], [ 106.891330096431574, -6.375371510096405 ], [ 106.89120940967328, -6.374722369231726 ], [ 106.891208752416176, -6.374717520955278 ], [ 106.891207633476753, -6.374712757823922 ], [ 106.891097587798043, -6.374113647476528 ], [ 106.890940972900637, -6.373307192804036 ], [ 106.890934129032374, -6.373271172356668 ], [ 106.89076523572372, -6.372362168640769 ], [ 106.890735229068937, -6.372180049961583 ], [ 106.890662732962738, -6.371676148082448 ], [ 106.890658407885866, -6.371645333803583 ], [ 106.890498183988413, -6.37047455610939 ], [ 106.890203846369445, -6.368698913625495 ], [ 106.890147217217063, -6.368362897790569 ], [ 106.88996040737203, -6.367872121649225 ], [ 106.889921465093266, -6.367765831377465 ], [ 106.889846366256876, -6.367552630318954 ], [ 106.889729004993384, -6.367164809562889 ], [ 106.889667306590397, -6.366922208477116 ], [ 106.889588875992402, -6.366548362745446 ], [ 106.889543278072495, -6.36627376169446 ], [ 106.88952324359748, -6.366140930453479 ], [ 106.889214761355703, -6.363867122144493 ], [ 106.889211059153823, -6.363839179592864 ], [ 106.889006237487038, -6.362255388108751 ], [ 106.888724878861467, -6.360628381597587 ], [ 106.888724073946449, -6.360623712319973 ], [ 106.888236518184399, -6.357786587970507 ], [ 106.888176646039923, -6.357490844072123 ], [ 106.887995607480534, -6.356710479147027 ], [ 106.887900715038967, -6.356361371852671 ], [ 106.887609588163713, -6.355499450462831 ], [ 106.887496440108066, -6.355106753352367 ], [ 106.88732064758436, -6.354373598085197 ], [ 106.886843657767912, -6.352709433144708 ], [ 106.886838030337103, -6.352689629437354 ], [ 106.886481338337347, -6.35142342357908 ], [ 106.886451757748617, -6.351313096207414 ], [ 106.886298493571033, -6.350711172520374 ], [ 106.885626132134306, -6.348306821915838 ], [ 106.885616542298067, -6.348271992963427 ], [ 106.885466245914301, -6.347717490477975 ], [ 106.885405365052947, -6.347464195836724 ], [ 106.885343767089054, -6.347170994615073 ], [ 106.885324511852147, -6.347074092515681 ], [ 106.884788032794759, -6.344210981024625 ], [ 106.884563537054134, -6.343010331878189 ], [ 106.884185987114236, -6.341020602161195 ], [ 106.883979172217053, -6.339960965270407 ], [ 106.883941532512893, -6.33980033062872 ], [ 106.883856707253827, -6.339522713812335 ], [ 106.88383955558389, -6.339465217564332 ], [ 106.883716158214511, -6.339041315562274 ], [ 106.88365430399611, -6.338805278064408 ], [ 106.883584606017394, -6.338506676740279 ], [ 106.8835354907267, -6.338267186111978 ], [ 106.883476493211404, -6.337933984723137 ], [ 106.88346664266264, -6.337876170599791 ], [ 106.882562784216901, -6.332355249238304 ], [ 106.882538983894861, -6.332191028864416 ], [ 106.88245718899698, -6.33154312653774 ], [ 106.882444052139803, -6.331427017240495 ], [ 106.882338260638846, -6.330369913630144 ], [ 106.882323142465992, -6.330177487125602 ], [ 106.882277549126243, -6.329379384635407 ], [ 106.88227220980832, -6.329256683145694 ], [ 106.882249178699894, -6.328486893099754 ], [ 106.882171451138731, -6.327201406247186 ], [ 106.88217039227689, -6.32710795095337 ], [ 106.882164028664704, -6.327014705202199 ], [ 106.882164217589249, -6.327008404910828 ], [ 106.88216380607156, -6.32700211674065 ], [ 106.882155907886798, -6.326517440538643 ], [ 106.882111388261492, -6.324461958724562 ], [ 106.882111291468945, -6.324457385112487 ], [ 106.88209899661372, -6.323861883494526 ], [ 106.882098396254818, -6.323825847482168 ], [ 106.882090301740277, -6.323187245744621 ], [ 106.882089979932616, -6.323110546391971 ], [ 106.882097924355008, -6.321255991299388 ], [ 106.882056994389501, -6.319537555509184 ], [ 106.882023510215333, -6.319172176493392 ], [ 106.881922437538549, -6.318450496869006 ], [ 106.881822896824843, -6.317811633439852 ], [ 106.881754096010667, -6.317377323136879 ], [ 106.881587982986659, -6.316435716982966 ], [ 106.881584411189294, -6.316415193755048 ], [ 106.881512290586528, -6.31599507793886 ], [ 106.881422962266868, -6.315584778718049 ], [ 106.881277095013957, -6.314918942613565 ], [ 106.881264188316038, -6.314858024660969 ], [ 106.881083230735015, -6.313973952195886 ], [ 106.881012564869081, -6.313698260714555 ], [ 106.881001871169474, -6.313655682866144 ], [ 106.880940459704235, -6.313406045225074 ], [ 106.880789753276716, -6.313135331745995 ], [ 106.880738465072511, -6.313040562793449 ], [ 106.880673465439372, -6.312916962058692 ], [ 106.8805890723321, -6.312748009756342 ], [ 106.880537772804203, -6.312639709218215 ], [ 106.880458887700868, -6.31246354858316 ], [ 106.880421588134553, -6.312375248176873 ], [ 106.880335633875944, -6.312156009096281 ], [ 106.880303134426313, -6.312066308626555 ], [ 106.88018723504058, -6.311698043201084 ], [ 106.880161335726797, -6.311601542771943 ], [ 106.880086461179985, -6.311274576319177 ], [ 106.879919667551761, -6.310397972734413 ], [ 106.879904178096979, -6.310312058452629 ], [ 106.879795925532676, -6.309676556215919 ], [ 106.879635741170247, -6.308775538264569 ], [ 106.879451460329889, -6.307810573289521 ], [ 106.879398308729094, -6.307456848213524 ], [ 106.879383409833267, -6.307321447763496 ], [ 106.87935900157315, -6.306983810925654 ], [ 106.879351203463983, -6.306759410244994 ], [ 106.879369041301416, -6.306171470327507 ], [ 106.879381442437989, -6.30604187013193 ], [ 106.879460549130627, -6.305528395978361 ], [ 106.879501750930643, -6.305335395908091 ], [ 106.87963495015434, -6.304847103060371 ], [ 106.879702632167721, -6.304676798264687 ], [ 106.879662022331217, -6.304572119472414 ], [ 106.87961832295656, -6.304444418843659 ], [ 106.879509849939154, -6.304077423654063 ], [ 106.879432788989945, -6.303702563566117 ], [ 106.879402690367471, -6.30351656284843 ], [ 106.879397199172018, -6.303481769943844 ], [ 106.879374929086197, -6.303337006570276 ], [ 106.879346340464494, -6.303186182345054 ], [ 106.879318876624609, -6.303025522127296 ], [ 106.879301890618038, -6.302914104768029 ], [ 106.879002639408299, -6.301323309181565 ], [ 106.878953732558415, -6.301106562687971 ], [ 106.878912750095282, -6.300936250328338 ], [ 106.878890732831138, -6.300867427082471 ], [ 106.878676691954922, -6.300400879039897 ], [ 106.878594323193155, -6.300209864288996 ], [ 106.877823432367649, -6.298302654439801 ], [ 106.877779685892008, -6.298190122620519 ], [ 106.877698811972834, -6.29797356926706 ], [ 106.877409772965478, -6.297246335711083 ], [ 106.876574506994331, -6.295188757503093 ], [ 106.876533154108273, -6.295083105220605 ], [ 106.876325331981803, -6.29453186464215 ], [ 106.876139619818787, -6.29405680510866 ], [ 106.876107539150496, -6.293972257803751 ], [ 106.875739344331933, -6.292971852787525 ], [ 106.875699383172375, -6.292858663704608 ], [ 106.875570423660122, -6.292477341267648 ], [ 106.875257607082688, -6.291565402492871 ], [ 106.875249819712735, -6.291542500850194 ], [ 106.875020823475467, -6.290863097454531 ], [ 106.875011317405409, -6.290834581163753 ], [ 106.874856666737145, -6.290365471649388 ], [ 106.874738324690824, -6.290072849150529 ], [ 106.874636835717283, -6.289836234958008 ], [ 106.874526712453829, -6.289553698710797 ], [ 106.874388789945755, -6.289161453864676 ], [ 106.874210040918982, -6.288684179287986 ], [ 106.874206508265786, -6.28867552317881 ], [ 106.874115809551824, -6.288515452986298 ], [ 106.873874104887904, -6.288105042072114 ], [ 106.873841184772871, -6.288048204088479 ], [ 106.873720785339557, -6.28783680286535 ], [ 106.87355587391319, -6.287518535795775 ], [ 106.873434384323659, -6.287259412835402 ], [ 106.87299835722844, -6.286403228820077 ], [ 106.872875528689903, -6.28614170017364 ], [ 106.872613131373612, -6.285533196933131 ], [ 106.872599064989615, -6.285500217892831 ], [ 106.87094358283241, -6.281575797320925 ], [ 106.87090701647206, -6.281486463026045 ], [ 106.870373368084614, -6.280141960897714 ], [ 106.869933998978269, -6.279090682437675 ], [ 106.869883755246647, -6.278951662920325 ], [ 106.86982898564716, -6.278814362976477 ], [ 106.869586289558796, -6.278106959583284 ], [ 106.869539113226523, -6.277961482883236 ], [ 106.86935061695371, -6.277344880003334 ], [ 106.869266875910796, -6.277031055084613 ], [ 106.868899486872678, -6.275424748294336 ], [ 106.868891112273488, -6.275387406229332 ], [ 106.868748816804938, -6.27474010356695 ], [ 106.868733269913534, -6.274666464031491 ], [ 106.868683771611956, -6.27442196307864 ], [ 106.868629695583593, -6.274092894740672 ], [ 106.868594897650382, -6.273818193768653 ], [ 106.868560810873319, -6.273376447773206 ], [ 106.868553695745121, -6.2731225715937 ], [ 106.868503914846741, -6.272346158606331 ], [ 106.868498489298801, -6.272243163235304 ], [ 106.868465995914264, -6.27145546096745 ], [ 106.86846629880759, -6.271416773646803 ], [ 106.868463469732404, -6.271378190079358 ], [ 106.868450774217678, -6.270852288578465 ], [ 106.868449534779316, -6.270769694796644 ], [ 106.868446139685631, -6.270191793353609 ], [ 106.868449932038615, -6.269978132722057 ], [ 106.868475637578371, -6.269357131377886 ], [ 106.868494731157995, -6.26908899105144 ], [ 106.868559536974203, -6.26844829004733 ], [ 106.868606074636176, -6.268113606898492 ], [ 106.868893680939976, -6.266491901121985 ], [ 106.868892756819704, -6.266386995682597 ], [ 106.868865723015276, -6.266081551808075 ], [ 106.868757327058589, -6.265280134952125 ], [ 106.868733763797266, -6.265068541487083 ], [ 106.868698867066058, -6.264670140198739 ], [ 106.868688487962146, -6.2640261146752 ], [ 106.868717592678792, -6.263498813642691 ], [ 106.868719150307982, -6.263472035567726 ], [ 106.868943474801483, -6.259803361947095 ], [ 106.868943220992492, -6.259676403043611 ], [ 106.86893834988264, -6.259544602035215 ], [ 106.868930657770491, -6.259494320862939 ], [ 106.868923222664705, -6.259454214174499 ], [ 106.868613165952752, -6.259139572430486 ], [ 106.868493965608451, -6.259005971633675 ], [ 106.868211416516658, -6.258655628308321 ], [ 106.868162316564337, -6.258588127869383 ], [ 106.867883645014118, -6.258155179857769 ], [ 106.86779944538732, -6.258006378996687 ], [ 106.867640520058202, -6.257698575772035 ], [ 106.867505618245616, -6.257379497594709 ], [ 106.867437519099369, -6.257199496761764 ], [ 106.867317313888165, -6.256835963868742 ], [ 106.867228284173706, -6.256463555850157 ], [ 106.867198685302, -6.256311555236235 ], [ 106.86713955188219, -6.255914855539861 ], [ 106.867115789304847, -6.25551447242746 ], [ 106.86711329076094, -6.255347171965632 ], [ 106.867145692820486, -6.254734975996932 ], [ 106.867170494672351, -6.25453047565682 ], [ 106.86723986042368, -6.254118650618086 ], [ 106.867346909268022, -6.253714988531787 ], [ 106.867406810956638, -6.253524988573611 ], [ 106.867504301990138, -6.253247554064322 ], [ 106.868312920050982, -6.251165456231075 ], [ 106.868416129751751, -6.250899993138233 ], [ 106.868661376189323, -6.250372463382902 ], [ 106.868841047272937, -6.250043218348018 ], [ 106.868641168100567, -6.249966697512943 ], [ 106.868529667195631, -6.249918597407368 ], [ 106.868250504571961, -6.249786674841273 ], [ 106.868141203746774, -6.249730374571287 ], [ 106.867970116740722, -6.249637530277524 ], [ 106.867733773607881, -6.249502600907698 ], [ 106.865624854651415, -6.248600009868006 ], [ 106.865404370680082, -6.248509116488601 ], [ 106.865181865477268, -6.248425805425105 ], [ 106.864380466827484, -6.248149807311765 ], [ 106.864243494918583, -6.248106098864644 ], [ 106.864138055565618, -6.248076413955682 ], [ 106.864087796939899, -6.248063980790914 ], [ 106.863732470519309, -6.247997872926624 ], [ 106.863544013031401, -6.247966012380195 ], [ 106.863517978006456, -6.247964121281615 ], [ 106.86344387198011, -6.247960078463567 ], [ 106.863237884748187, -6.247952604897951 ], [ 106.863000969195141, -6.247944395969376 ], [ 106.862839875776189, -6.247943479627725 ], [ 106.862410655276648, -6.247958128824455 ], [ 106.861879603710392, -6.247979617275657 ], [ 106.861322976553311, -6.248006636561575 ], [ 106.861299513440471, -6.24800771426278 ], [ 106.860904810145087, -6.248024815486899 ], [ 106.860824678312341, -6.248027574598394 ], [ 106.860182572880959, -6.248043976388023 ], [ 106.860123769256404, -6.248045095133118 ], [ 106.859795966412591, -6.248049196036861 ], [ 106.859319848059698, -6.248055013519148 ], [ 106.859270836285759, -6.248055346288078 ], [ 106.858902533060885, -6.248055847246918 ], [ 106.858839181170765, -6.248055488893201 ], [ 106.85851108156983, -6.248051330402111 ], [ 106.858251483090214, -6.248049317181708 ], [ 106.858200209550702, -6.248048628279787 ], [ 106.857839306485516, -6.248041729220548 ], [ 106.857833073779929, -6.248041605759496 ], [ 106.856979466368031, -6.248024107736446 ], [ 106.856945906124452, -6.248023294954012 ], [ 106.855529785450386, -6.247983726586285 ], [ 106.852313554623478, -6.247971822087146 ], [ 106.852103698570474, -6.247975682509821 ], [ 106.850335624845087, -6.248094512556353 ], [ 106.85026653539353, -6.248098624083118 ], [ 106.849884432268851, -6.248118425260882 ], [ 106.849757437003717, -6.248123215179083 ], [ 106.849040836774449, -6.248140146775488 ], [ 106.848755127699633, -6.248154250804306 ], [ 106.848362744872688, -6.248177992021565 ], [ 106.847210607119464, -6.248288906799588 ], [ 106.846925820689464, -6.248307261253755 ], [ 106.846461816778984, -6.24832246255353 ], [ 106.846326478227738, -6.24832486603271 ], [ 106.84603687569259, -6.248325666794309 ], [ 106.845783434107346, -6.248319249042523 ], [ 106.843231711634814, -6.248182854285472 ], [ 106.842979218136662, -6.248162239529183 ], [ 106.842765516198469, -6.248138739792409 ], [ 106.842419610885557, -6.248087074129636 ], [ 106.84218390877848, -6.248042474330026 ], [ 106.841713597891399, -6.247927050322785 ], [ 106.841514996146941, -6.247866850279093 ], [ 106.841406408190991, -6.247832433799019 ], [ 106.841215706564199, -6.24776933370137 ], [ 106.840947765009588, -6.247671179253052 ], [ 106.840740363226615, -6.24758767904406 ], [ 106.840588823241021, -6.247523435274473 ], [ 106.839933502903051, -6.247231417996612 ], [ 106.839354122712862, -6.247081812659867 ], [ 106.839278785872494, -6.247061663927185 ], [ 106.83898788327005, -6.246981163911214 ], [ 106.83894545699097, -6.246969200213417 ], [ 106.838719849188223, -6.246904391121771 ], [ 106.837916523228131, -6.246686391876406 ], [ 106.837363609943964, -6.246541037766532 ], [ 106.837315398144, -6.246528078021108 ], [ 106.836629202701545, -6.246339549271453 ], [ 106.835810540588824, -6.246117376746276 ], [ 106.835099294253325, -6.245939355893886 ], [ 106.833938682966021, -6.24565100005059 ], [ 106.833876208988897, -6.245635003729332 ], [ 106.832395595678975, -6.245244603882026 ], [ 106.832290973589821, -6.245215668088943 ], [ 106.832079271689125, -6.245154368059572 ], [ 106.831918071409277, -6.245104407785308 ], [ 106.831727469754981, -6.245041407704274 ], [ 106.831527397944484, -6.244970014819799 ], [ 106.831310496003752, -6.244886814547914 ], [ 106.831103950699031, -6.244801668157431 ], [ 106.830859548610491, -6.2446937677619 ], [ 106.830572696822671, -6.244554832062939 ], [ 106.830333994986489, -6.244428631556501 ], [ 106.830238484938519, -6.244376655249376 ], [ 106.82977108143028, -6.244114953980383 ], [ 106.829690807155686, -6.244068921747738 ], [ 106.829493405694109, -6.243953021122413 ], [ 106.829306356587495, -6.24383697925744 ], [ 106.829053854831798, -6.24367167842733 ], [ 106.828955338490886, -6.243605317856366 ], [ 106.82842239710844, -6.243236050888902 ], [ 106.828290206159167, -6.243151233823834 ], [ 106.827956352969665, -6.242943579010371 ], [ 106.827509068636772, -6.242672448240534 ], [ 106.82750798640474, -6.242671885715286 ], [ 106.826832207164045, -6.242345702556865 ], [ 106.826660075536708, -6.242258031284407 ], [ 106.826420773714986, -6.242129630650529 ], [ 106.826305217450795, -6.242065432078037 ], [ 106.826089515852175, -6.241941431439201 ], [ 106.826036613220523, -6.241907459744666 ], [ 106.825981453975828, -6.241877293575323 ], [ 106.825589451165072, -6.24163719238547 ], [ 106.825516697381062, -6.241587561735803 ], [ 106.825441136056767, -6.241542326044728 ], [ 106.825311835162893, -6.241456025588781 ], [ 106.825014617313968, -6.241239667048414 ], [ 106.824910216653294, -6.241156966630901 ], [ 106.82465245682215, -6.240936544739945 ], [ 106.824411942721426, -6.240697398777003 ], [ 106.824317342463928, -6.240595998108294 ], [ 106.823932024990725, -6.240122558357361 ], [ 106.823858825002731, -6.240019057712506 ], [ 106.823631560148939, -6.239663629857098 ], [ 106.823571360394567, -6.239559029217189 ], [ 106.823297444933658, -6.238996243603602 ], [ 106.823247545477813, -6.238872642990729 ], [ 106.823104196570085, -6.23846160831554 ], [ 106.823070497327365, -6.23834760779991 ], [ 106.822936029812595, -6.237743252708047 ], [ 106.822913730953687, -6.237596152211268 ], [ 106.822875579930582, -6.237260150534376 ], [ 106.822862633795609, -6.23692223501615 ], [ 106.82286253473913, -6.236813334724887 ], [ 106.822884295679827, -6.236366008603341 ], [ 106.822897496876266, -6.236231908352414 ], [ 106.822943646193281, -6.235894189107259 ], [ 106.823015091655009, -6.235560909377864 ], [ 106.823047492789726, -6.235433409369551 ], [ 106.823177242221362, -6.235010618703034 ], [ 106.823219943326436, -6.234892418757507 ], [ 106.823383657820528, -6.234498463077259 ], [ 106.823433458722477, -6.234392963195981 ], [ 106.823521575083561, -6.234227802835869 ], [ 106.823607152648293, -6.234061308832872 ], [ 106.823671853534179, -6.233949309195084 ], [ 106.823780697665427, -6.233770576627094 ], [ 106.824022800303737, -6.233392977856703 ], [ 106.824058357964518, -6.23334308783173 ], [ 106.824090284877471, -6.2332907969495 ], [ 106.824181685750929, -6.233156397412581 ], [ 106.824360869873885, -6.232911069450402 ], [ 106.824486970746193, -6.23275007019005 ], [ 106.824674877441751, -6.232525538199789 ], [ 106.824831778303519, -6.232349939135984 ], [ 106.824980018193287, -6.232191832151021 ], [ 106.825197119073962, -6.231971133456149 ], [ 106.825400258289761, -6.231777079308237 ], [ 106.825489058435224, -6.231697379878121 ], [ 106.825654123693909, -6.231556244204404 ], [ 106.825767723851769, -6.231463744945761 ], [ 106.82589348012263, -6.231364995891857 ], [ 106.826032180098522, -6.231259996660657 ], [ 106.826278305989987, -6.231086271815418 ], [ 106.826385305898228, -6.231015972434315 ], [ 106.826521291964298, -6.230930055684911 ], [ 106.826646791726802, -6.230853856391522 ], [ 106.826943536411832, -6.230688622322885 ], [ 106.827206835551763, -6.230554723730865 ], [ 106.827388409600729, -6.230467427160525 ], [ 106.828238107775135, -6.230082002676665 ], [ 106.828244256573683, -6.230078593340283 ], [ 106.82827700367892, -6.230056847605321 ], [ 106.828356036572671, -6.229999077264938 ], [ 106.828364671678685, -6.229991514404867 ], [ 106.828411740898261, -6.229939304580048 ], [ 106.828531065290505, -6.229796294457873 ], [ 106.828543189566687, -6.229781824920642 ], [ 106.828551091543602, -6.229772434376852 ], [ 106.828622299682038, -6.229627033613228 ], [ 106.828642241062411, -6.229567516646545 ], [ 106.828696538506762, -6.229379778364367 ], [ 106.828677757253018, -6.229138474982504 ], [ 106.828674412917849, -6.229092477808782 ], [ 106.828488443611889, -6.226340767637973 ], [ 106.828467790023268, -6.226052262490644 ], [ 106.828466686548254, -6.226036460307222 ], [ 106.828382509552796, -6.224799820361574 ], [ 106.828382449786872, -6.224799154736482 ], [ 106.828193594391735, -6.224150471669 ], [ 106.828173652039254, -6.224066901121691 ], [ 106.828148722986953, -6.223984681222641 ], [ 106.827837931090258, -6.222743375812048 ], [ 106.827673595808378, -6.222086914717817 ], [ 106.827673421673381, -6.222086148401609 ], [ 106.827488504456369, -6.221669327213188 ], [ 106.827456203062027, -6.221594714569067 ], [ 106.82731300461559, -6.221255612844777 ], [ 106.827172313001228, -6.220875834933029 ], [ 106.826900517837217, -6.220027331023966 ], [ 106.826856380273981, -6.219881083460473 ], [ 106.826691883905028, -6.219300780870675 ], [ 106.826628532443763, -6.219050220523588 ], [ 106.826430438532896, -6.218160516805479 ], [ 106.826412432662693, -6.21807583443577 ], [ 106.826322335751541, -6.217631232674022 ], [ 106.826294385399919, -6.21748017187964 ], [ 106.826245687534339, -6.217189470855067 ], [ 106.826206996160238, -6.216902355359687 ], [ 106.826180198145707, -6.216640354477069 ], [ 106.826172200527452, -6.216553990717532 ], [ 106.825927524195549, -6.213604081375457 ], [ 106.825920939838724, -6.21351372249054 ], [ 106.825903642154501, -6.213238321641781 ], [ 106.82589667448552, -6.213086853076974 ], [ 106.825888776662381, -6.212816552302579 ], [ 106.825887931412467, -6.212585358082023 ], [ 106.825904933955385, -6.211809028534947 ], [ 106.825901167884354, -6.211450296080388 ], [ 106.825893799333741, -6.211326249389366 ], [ 106.825868095672618, -6.210986746835394 ], [ 106.825724125985317, -6.21133107524472 ], [ 106.825648323453279, -6.211502319070619 ], [ 106.825338828795822, -6.212164120233843 ], [ 106.8252741939054, -6.212296655827806 ], [ 106.824578704773387, -6.213665658764906 ], [ 106.824563010987021, -6.213696261521251 ], [ 106.824033419019628, -6.214719363867747 ], [ 106.823850475471161, -6.215040005725039 ], [ 106.823471679799042, -6.215645107666055 ], [ 106.823256806996, -6.215958287091233 ], [ 106.822825910380473, -6.216532989470598 ], [ 106.822632578919453, -6.216773302053239 ], [ 106.82226678098732, -6.217197504125004 ], [ 106.822119549004057, -6.217360093212447 ], [ 106.821779950416982, -6.217717295231223 ], [ 106.821529769096912, -6.217960867633335 ], [ 106.821017670215568, -6.218422270697495 ], [ 106.820878316039568, -6.218542773853503 ], [ 106.819920617119209, -6.21933737953733 ], [ 106.8198309296058, -6.219409880807216 ], [ 106.818861522379748, -6.22017327536312 ], [ 106.818098472541905, -6.220781014793809 ], [ 106.818025018030369, -6.220838290820915 ], [ 106.817331831433876, -6.221367401887139 ], [ 106.816322331357881, -6.222163908765316 ], [ 106.814565257880886, -6.223560151656451 ], [ 106.814541105032887, -6.223579210575699 ], [ 106.813265319530288, -6.224578897734514 ], [ 106.81254077529465, -6.225159181180532 ], [ 106.812475538415057, -6.225210452740533 ], [ 106.811422338728647, -6.226022658938222 ], [ 106.811109888695569, -6.226243172941301 ], [ 106.808650182924936, -6.227827538378384 ], [ 106.807379019173041, -6.228793197583477 ], [ 106.807284117618295, -6.22886335496597 ], [ 106.805786911440478, -6.229940226540063 ], [ 106.805455209844027, -6.230223335892594 ], [ 106.80519822969292, -6.230427025614864 ], [ 106.803497696342632, -6.23167717569727 ], [ 106.803085367686961, -6.23202585653573 ], [ 106.803074242829538, -6.232042789168204 ], [ 106.80304202564956, -6.23213776144887 ], [ 106.803020952518978, -6.232222480239692 ], [ 106.803011389631365, -6.232279848156867 ], [ 106.803005932178635, -6.232364709664085 ], [ 106.803001495283709, -6.233039083012687 ], [ 106.803001500673872, -6.2336667798343 ], [ 106.803001285004953, -6.233671173097892 ], [ 106.803001492291628, -6.233675568260239 ], [ 106.802998405921485, -6.235271864369959 ], [ 106.802998331691029, -6.235290468028007 ], [ 106.802990220851669, -6.23663224036729 ], [ 106.8029897368516, -6.237924212675771 ], [ 106.802989719199971, -6.237935279494785 ], [ 106.802987355204849, -6.238773496412119 ], [ 106.802989247836152, -6.239899312555848 ], [ 106.802991266955672, -6.241719199486369 ], [ 106.802976542247492, -6.242088963332892 ], [ 106.802950545162503, -6.24241036275374 ], [ 106.8028708892341, -6.24296489310066 ], [ 106.802773493536677, -6.243434192850843 ], [ 106.802756180585561, -6.243511907257732 ], [ 106.802756181949889, -6.243516004200373 ], [ 106.802757628279736, -6.243796708898684 ], [ 106.802757680842078, -6.243828239506919 ], [ 106.802756586047735, -6.244430825611484 ], [ 106.80275569036526, -6.244925412056855 ], [ 106.802745011712872, -6.245227981844442 ], [ 106.802710116205816, -6.245734780860242 ], [ 106.802641995950992, -6.246264744904739 ], [ 106.802583798701875, -6.246572444669455 ], [ 106.80257649012384, -6.246610206548399 ], [ 106.802428970834995, -6.247355412788218 ], [ 106.802404650541789, -6.247521216847519 ], [ 106.802280083246657, -6.24839701119144 ], [ 106.802109531575667, -6.249680915446356 ], [ 106.802073423368483, -6.249978658226578 ], [ 106.80206404771522, -6.250081423833742 ], [ 106.802008639281411, -6.251307375170016 ], [ 106.802006391689417, -6.251352179041153 ], [ 106.801878612097227, -6.253669674400102 ], [ 106.801875005947579, -6.25372818014303 ], [ 106.801802815335691, -6.254787578199423 ], [ 106.801793198014735, -6.25490582988802 ], [ 106.801669609697228, -6.256213027717267 ], [ 106.801662111580498, -6.256286014391589 ], [ 106.801553837198711, -6.257262032051115 ], [ 106.801497812737409, -6.257809409995436 ], [ 106.801456048890913, -6.258236023051965 ], [ 106.80124430240835, -6.260581048394728 ], [ 106.801241273685534, -6.260613300544268 ], [ 106.801169923831466, -6.261344945750573 ], [ 106.801322301551224, -6.261843781243064 ], [ 106.801555314264547, -6.26259109592771 ], [ 106.801623659654268, -6.262833923771454 ], [ 106.801715362075171, -6.263198422159891 ], [ 106.801788054192045, -6.26354379167831 ], [ 106.801821755665472, -6.263741990898144 ], [ 106.801871733091403, -6.264144246422893 ], [ 106.801887934702577, -6.264349445786014 ], [ 106.801900750524752, -6.264600488755117 ], [ 106.801911354362815, -6.265057087549034 ], [ 106.801911902136482, -6.265084165241713 ], [ 106.801917705029894, -6.265420864348637 ], [ 106.80191670876016, -6.265621652126934 ], [ 106.801906512038826, -6.265997051273454 ], [ 106.801901200125016, -6.266125421000349 ], [ 106.80185665355711, -6.266926409517092 ], [ 106.801827877634238, -6.267545720231886 ], [ 106.8018276522467, -6.267574724772826 ], [ 106.801843362341543, -6.267994803180797 ], [ 106.801944770848237, -6.269323823115728 ], [ 106.801970628765034, -6.269633515774121 ], [ 106.801971872656836, -6.269648723027038 ], [ 106.801985874068791, -6.269823522528176 ], [ 106.801990009583221, -6.269879515236849 ], [ 106.802100522968075, -6.271513810334641 ], [ 106.802102638656024, -6.271546897431976 ], [ 106.802164547142908, -6.272574194350758 ], [ 106.802168082053043, -6.272641099886026 ], [ 106.802184185016841, -6.272995698866943 ], [ 106.802185283003169, -6.273021500749098 ], [ 106.802217489805031, -6.273832898404234 ], [ 106.80221826364469, -6.273853588605899 ], [ 106.802248970988572, -6.274728186170719 ], [ 106.802251068141231, -6.274807992371655 ], [ 106.80227688079367, -6.276287188446698 ], [ 106.802276941334242, -6.276441502444979 ], [ 106.802273543070044, -6.276645401991782 ], [ 106.802257148051297, -6.276962098173363 ], [ 106.802242549597651, -6.277129897889385 ], [ 106.802217783696975, -6.277351280679254 ], [ 106.802180786157805, -6.277621580382375 ], [ 106.802130323494964, -6.2779170300961 ], [ 106.802075825965829, -6.278182729901053 ], [ 106.802016547163134, -6.278434840027209 ], [ 106.801921450390694, -6.278792939937705 ], [ 106.801907096815853, -6.278837961344002 ], [ 106.801896259874454, -6.278883957016855 ], [ 106.801687029091156, -6.279610353081932 ], [ 106.80156051123025, -6.28006055535599 ], [ 106.801469057634861, -6.280392870222474 ], [ 106.801440449522005, -6.280479892286913 ], [ 106.801416901186727, -6.280568418401723 ], [ 106.801341903263193, -6.280803318510521 ], [ 106.801244518471506, -6.281077553894318 ], [ 106.801171020038453, -6.281265154184014 ], [ 106.801076008463966, -6.281489654123345 ], [ 106.800771348021868, -6.282158688401234 ], [ 106.800768833293318, -6.282166015339147 ], [ 106.800720030832679, -6.28232752242393 ], [ 106.800584032414321, -6.282811825038727 ], [ 106.800489830373493, -6.284402625504526 ], [ 106.800484415321165, -6.284482182021138 ], [ 106.800435520947204, -6.28511778090733 ], [ 106.800416350994098, -6.285312058244999 ], [ 106.800333257261883, -6.286001557305683 ], [ 106.80032723888786, -6.286049352836542 ], [ 106.800254743867796, -6.286601352110982 ], [ 106.800226061208903, -6.286789122899176 ], [ 106.800120566701395, -6.287394322291059 ], [ 106.800085828174417, -6.287572416849681 ], [ 106.799923252530235, -6.288325208676389 ], [ 106.799905860181113, -6.288412371227182 ], [ 106.799900301491093, -6.288473355780019 ], [ 106.79989821724817, -6.288494424021836 ], [ 106.799906149367501, -6.288682124430942 ], [ 106.799910006389851, -6.288913120162846 ], [ 106.799906010305136, -6.289365019129585 ], [ 106.799895674745699, -6.289633236819957 ], [ 106.799866178598634, -6.290065136009484 ], [ 106.799852987051352, -6.290219404285475 ], [ 106.799738996992076, -6.291328502568906 ], [ 106.799727927566465, -6.291425831970781 ], [ 106.799699829617737, -6.291651131674175 ], [ 106.799599556535028, -6.292188374477963 ], [ 106.799548558336767, -6.292392374397136 ], [ 106.799384338000991, -6.292913296620586 ], [ 106.799301139808236, -6.293130496832449 ], [ 106.79905939761845, -6.293657643320396 ], [ 106.798949499220043, -6.293861643848337 ], [ 106.798761694118795, -6.294178610649748 ], [ 106.798548714474805, -6.294479220942048 ], [ 106.798411915448554, -6.294656521696145 ], [ 106.798141214682261, -6.294975657587582 ], [ 106.797991015403056, -6.295136958528941 ], [ 106.797697870550252, -6.295424406265979 ], [ 106.797379865114124, -6.295684050127146 ], [ 106.79720956509513, -6.295810651100994 ], [ 106.796932508312992, -6.296001032409123 ], [ 106.796747408015776, -6.296118333429957 ], [ 106.796424593845146, -6.296304700429905 ], [ 106.796087527066248, -6.296463812561384 ], [ 106.795882326084367, -6.29655051356446 ], [ 106.795410204030091, -6.296719763019778 ], [ 106.795190302659847, -6.296785064016369 ], [ 106.794827391345223, -6.296876652824104 ], [ 106.79445814898088, -6.296937873032139 ], [ 106.794180346784799, -6.296972173970718 ], [ 106.793571918203384, -6.297005870825988 ], [ 106.792426018836551, -6.296991892115736 ], [ 106.790523714082369, -6.296983773114644 ], [ 106.790501989701525, -6.296983628108551 ], [ 106.78737646248284, -6.296955235549587 ], [ 106.787327005635575, -6.296954515200228 ], [ 106.786424097747002, -6.296936417292908 ], [ 106.785957847733641, -6.296902871102628 ], [ 106.785528043902204, -6.296849471711503 ], [ 106.785135938569056, -6.296783110364628 ], [ 106.784621333944315, -6.296672510573799 ], [ 106.784293652374529, -6.296589137680567 ], [ 106.78364384663665, -6.296397637496601 ], [ 106.783525737378412, -6.296361065808822 ], [ 106.782724303680709, -6.296100831784901 ], [ 106.781970972472664, -6.295879607853808 ], [ 106.781190757774922, -6.295655862986989 ], [ 106.78109966881965, -6.295628700436346 ], [ 106.780332461999848, -6.295391100132995 ], [ 106.78023199203507, -6.295358693340341 ], [ 106.779664786976596, -6.295168392972929 ], [ 106.779544350288774, -6.295126082915003 ], [ 106.779070846184851, -6.29495218243883 ], [ 106.778672356023364, -6.2947782238146 ], [ 106.778328386991575, -6.294892872366317 ], [ 106.777896000192882, -6.294991155105151 ], [ 106.777456067494654, -6.295046557927638 ], [ 106.77701282571951, -6.29505854735631 ], [ 106.775545512918796, -6.295026150674113 ], [ 106.77544431588278, -6.295018933953701 ], [ 106.775342879379323, -6.295017119781535 ], [ 106.775174477929156, -6.295005820153721 ], [ 106.774788352716541, -6.294963163805043 ], [ 106.774407316668672, -6.294887477842417 ], [ 106.774258815377877, -6.294851277877957 ], [ 106.77370672419633, -6.294678562124074 ], [ 106.773582223064977, -6.29463066202017 ], [ 106.77299140948621, -6.294352796056628 ], [ 106.77295875274153, -6.294334445695241 ], [ 106.772844600172476, -6.294291066660704 ], [ 106.77252879834316, -6.294152958538372 ], [ 106.772245972771216, -6.294188221651649 ], [ 106.772089371492669, -6.294197922180706 ], [ 106.771719590784798, -6.294205651387961 ], [ 106.771355887537283, -6.294198352210482 ], [ 106.770913542641651, -6.294167700420672 ], [ 106.770476330469734, -6.294093812801203 ], [ 106.770429984737063, -6.294081203397247 ], [ 106.770162371969278, -6.294036042557798 ], [ 106.770025508505995, -6.293998840349796 ] ] ] } },
{ "type": "Feature", "properties": { "buffer_m": 700 }, "geometry": { "type": "Polygon", "coordinates": [ [ [ 106.778562576357558, -6.296691858831516 ], [ 106.778209406871724, -6.296772135535097 ], [ 106.777593499134298, -6.296849700418803 ], [ 106.776972958638069, -6.29686648624182 ], [ 106.775505640654771, -6.296834090852667 ], [ 106.775363965050417, -6.296823987621558 ], [ 106.775221952752958, -6.296821447889362 ], [ 106.775053550649901, -6.296810148324988 ], [ 106.774512973482459, -6.296750429735738 ], [ 106.773979521075859, -6.296644469573887 ], [ 106.773831019192571, -6.296608269617889 ], [ 106.773058088799687, -6.29636646746722 ], [ 106.772933587296151, -6.296318567272892 ], [ 106.772255163415437, -6.295999498012665 ], [ 106.772201044453865, -6.296002850387302 ], [ 106.771683349672557, -6.296013671911036 ], [ 106.771319645220188, -6.296006373059477 ], [ 106.770700360178949, -6.295963460939377 ], [ 106.770408747302739, -6.295914179580468 ], [ 106.770245346686096, -6.296021854913587 ], [ 106.769695938714818, -6.296310996442423 ], [ 106.769120851401127, -6.296544862218791 ], [ 106.768525623263073, -6.296721199869817 ], [ 106.767915986821635, -6.296838311058839 ], [ 106.767297813387657, -6.296895067845455 ], [ 106.766677056511142, -6.296890923551905 ], [ 106.766059694637434, -6.296825918030901 ], [ 106.765451673523174, -6.296700677284119 ], [ 106.764858848966853, -6.29651640743483 ], [ 106.764286930405618, -6.296274883112865 ], [ 106.76374142592212, -6.295978430363451 ], [ 106.763227589191217, -6.295629904244937 ], [ 106.762750368877704, -6.295232661330694 ], [ 106.762314360972738, -6.294790527380694 ], [ 106.761923764528191, -6.294307760493628 ], [ 106.761582341215245, -6.293789010094975 ], [ 106.761293379096898, -6.293239272156127 ], [ 106.761059660963383, -6.292663841075615 ], [ 106.760883437535085, -6.292068258686623 ], [ 106.760766405791315, -6.291458260881533 ], [ 106.760709692633128, -6.290839722368009 ], [ 106.760713844037582, -6.290218600088658 ], [ 106.760778819807399, -6.289600875849445 ], [ 106.760903993966394, -6.288992498709416 ], [ 106.761088160796689, -6.288399327686474 ], [ 106.761329546458796, -6.287827075331459 ], [ 106.761625826082977, -6.287281252713481 ], [ 106.76197414616631, -6.286767116346645 ], [ 106.762371152060027, -6.286289617569135 ], [ 106.762813020281797, -6.285853354861949 ], [ 106.763295495341694, -6.285462529566715 ], [ 106.763814495057147, -6.285082733866412 ], [ 106.764214535427996, -6.284812802312608 ], [ 106.764633973995387, -6.284574166591304 ], [ 106.765665569121467, -6.284038274504071 ], [ 106.766250564104212, -6.283771225876829 ], [ 106.766576261827922, -6.2836421281672 ], [ 106.767166987730121, -6.283441100547549 ], [ 106.767392085744873, -6.283376701956597 ], [ 106.767748343652428, -6.283285897697551 ], [ 106.767829457836541, -6.283267717225953 ], [ 106.76803418076156, -6.283217357486572 ], [ 106.768743016300618, -6.283085332261022 ], [ 106.769070912710944, -6.283043433840235 ], [ 106.769811116626116, -6.282992742416 ], [ 106.770497063061327, -6.28298611485655 ], [ 106.770885178709804, -6.282981474729255 ], [ 106.77113818468429, -6.282947008824478 ], [ 106.771670862910653, -6.282897290661527 ], [ 106.771981959268118, -6.282881491902168 ], [ 106.772430533040847, -6.282874650486342 ], [ 106.773390579875198, -6.282894083871751 ], [ 106.775058417982876, -6.282926023266365 ], [ 106.77564347647882, -6.282937257490604 ], [ 106.775991642329544, -6.282884999900337 ], [ 106.77648804995296, -6.282830437981497 ], [ 106.776774846644798, -6.28281033918982 ], [ 106.777151047383413, -6.282795214193573 ], [ 106.77739134449341, -6.282792715042343 ], [ 106.778036981212566, -6.282819026325379 ], [ 106.778300777896249, -6.282843326926412 ], [ 106.779065095366491, -6.282961237703011 ], [ 106.779271892737398, -6.283006237837835 ], [ 106.779640250928907, -6.283098058732331 ], [ 106.77997214675581, -6.283191458669081 ], [ 106.780815845908435, -6.283494928824722 ], [ 106.781142942092657, -6.283639528076652 ], [ 106.78167633707487, -6.283906061707366 ], [ 106.782182284200516, -6.284221660867266 ], [ 106.782355645767694, -6.284341509108557 ], [ 106.782926371620064, -6.284702456745106 ], [ 106.783178030459652, -6.284854083499853 ], [ 106.783250145795179, -6.284891103327772 ], [ 106.78360136720967, -6.28500635375346 ], [ 106.784241803471602, -6.285204424640835 ], [ 106.784959146377844, -6.285407541031048 ], [ 106.78502000085372, -6.285425101706957 ], [ 106.785854690386685, -6.285670501415704 ], [ 106.786011280181512, -6.285718751889468 ], [ 106.786810357665416, -6.28597635680733 ], [ 106.787103039206201, -6.28606412650483 ], [ 106.787508953378591, -6.286073958801631 ], [ 106.789275599714443, -6.286084360673742 ], [ 106.789279669901802, -6.2860646414467 ], [ 106.789422217970525, -6.285402944730111 ], [ 106.789477677185161, -6.285077145783069 ], [ 106.789530160510125, -6.284665637143553 ], [ 106.789596357330552, -6.284124060037349 ], [ 106.78963303525353, -6.283685080584429 ], [ 106.789727669077678, -6.28201668753489 ], [ 106.789747722624782, -6.281757419125651 ], [ 106.789774526064619, -6.281484018516059 ], [ 106.789870149532035, -6.280845720662534 ], [ 106.789929953291022, -6.28055022040348 ], [ 106.79004452747624, -6.280078055681659 ], [ 106.790259536997254, -6.279320155831773 ], [ 106.790295289600593, -6.279198762520225 ], [ 106.790381293115672, -6.278917162656787 ], [ 106.790451620120933, -6.278700875359096 ], [ 106.790549223599285, -6.278418075644285 ], [ 106.7907141006812, -6.27799106790908 ], [ 106.790773202305573, -6.277853068197537 ], [ 106.790823146868874, -6.277739535770886 ], [ 106.791040790369621, -6.277257657023215 ], [ 106.791073298432892, -6.277140844976148 ], [ 106.791079751353053, -6.277117825849423 ], [ 106.791214157332973, -6.276641825933845 ], [ 106.791222564863631, -6.276612324019377 ], [ 106.791385364832962, -6.276046266298259 ], [ 106.791367054393135, -6.275078856037116 ], [ 106.791334215925588, -6.274276977308379 ], [ 106.791331935586271, -6.274213511926658 ], [ 106.791307727829391, -6.273430363305008 ], [ 106.791296737666286, -6.273155219789008 ], [ 106.791243911183372, -6.272230336297722 ], [ 106.791136975870415, -6.270659062590793 ], [ 106.791127314289511, -6.270537212678884 ], [ 106.791100892855525, -6.270229576464215 ], [ 106.791098319675982, -6.270198731889723 ], [ 106.790982735930726, -6.268771125662645 ], [ 106.790964310754575, -6.268428109080008 ], [ 106.790947918079269, -6.267810606764231 ], [ 106.790945703837551, -6.267656856144295 ], [ 106.790945206486484, -6.267436855381712 ], [ 106.790952098029805, -6.267126818558303 ], [ 106.79098620703185, -6.266397116460102 ], [ 106.790987488293013, -6.266370873421527 ], [ 106.791025155582162, -6.265630884087746 ], [ 106.791028953297754, -6.265458440868362 ], [ 106.791028537971428, -6.265420360028635 ], [ 106.790924651129586, -6.26509039617186 ], [ 106.790896798316567, -6.264999556757245 ], [ 106.790639105698276, -6.264136051243224 ], [ 106.790565840219273, -6.263869434781374 ], [ 106.790497042754566, -6.263595833137233 ], [ 106.790352713101768, -6.262820444004049 ], [ 106.790316516339644, -6.262524542584164 ], [ 106.790273040722113, -6.261962561601589 ], [ 106.7902661432109, -6.26175166079605 ], [ 106.790266869807837, -6.261316478912231 ], [ 106.790278073620755, -6.261005677978154 ], [ 106.790302158995345, -6.260636876335878 ], [ 106.790401997409617, -6.259582371191433 ], [ 106.790616685650889, -6.257233066132235 ], [ 106.790658252768608, -6.256779600914963 ], [ 106.790663334999579, -6.256726609024663 ], [ 106.790721942338081, -6.256141407731653 ], [ 106.790724780365977, -6.256113684954781 ], [ 106.790827646248502, -6.255130220338367 ], [ 106.790951305530513, -6.253921489758367 ], [ 106.791017967780547, -6.253021613219452 ], [ 106.791134351466596, -6.25077357538042 ], [ 106.791201266024004, -6.249448667653178 ], [ 106.791220623655519, -6.249179428500164 ], [ 106.791245727017696, -6.2489105278823 ], [ 106.791256660896181, -6.248803278004577 ], [ 106.791299865803325, -6.248412477191668 ], [ 106.791318158166987, -6.248263255590104 ], [ 106.791495164180887, -6.246948699100084 ], [ 106.791616368693767, -6.245993751270253 ], [ 106.791625350849657, -6.245906406447324 ], [ 106.791662081183773, -6.245323281468737 ], [ 106.791664124243837, -6.245292074447007 ], [ 106.791673437096946, -6.245155015651099 ], [ 106.791685662978708, -6.244328823065981 ], [ 106.791694668555408, -6.243723337955111 ], [ 106.791698763233995, -6.243444529700475 ], [ 106.791720435026832, -6.243005868062975 ], [ 106.79173923780759, -6.242782667524073 ], [ 106.79182085626357, -6.242171432415825 ], [ 106.791856558726025, -6.24197683219357 ], [ 106.791980005830709, -6.241437771642731 ], [ 106.792037908463072, -6.241227571656727 ], [ 106.792100217111866, -6.24101991293548 ], [ 106.792094705628074, -6.239924915096315 ], [ 106.792094674341399, -6.239868141543234 ], [ 106.792099087844818, -6.238745437731068 ], [ 106.792099274322737, -6.238715728887043 ], [ 106.792106370385255, -6.237892762572019 ], [ 106.792107366648878, -6.236615495535887 ], [ 106.792107377369362, -6.236607779845321 ], [ 106.792110072759129, -6.235259342941229 ], [ 106.792108005527595, -6.233676105184458 ], [ 106.792108016707104, -6.233675871224229 ], [ 106.792108004934164, -6.233675637293159 ], [ 106.792107212643685, -6.233032135068897 ], [ 106.792107640754168, -6.233023189655008 ], [ 106.792107215887555, -6.233014244086262 ], [ 106.792108525747992, -6.232192441273043 ], [ 106.792124360415386, -6.231754836129851 ], [ 106.792155865920606, -6.231310234981067 ], [ 106.792227501552063, -6.230708902471958 ], [ 106.792306907521237, -6.23023610183429 ], [ 106.792418994319135, -6.229707757826562 ], [ 106.792531499810252, -6.229270257747252 ], [ 106.792672089064681, -6.228799938339376 ], [ 106.792821194405406, -6.228363538744653 ], [ 106.792917584052375, -6.228121011715335 ], [ 106.793010162206954, -6.227877002226784 ], [ 106.793182066788702, -6.227483303075763 ], [ 106.793416783075941, -6.227002286149642 ], [ 106.793579486297133, -6.22670178719043 ], [ 106.793766485633498, -6.226379451220449 ], [ 106.793982989085265, -6.226030352757075 ], [ 106.794272237809921, -6.225603769506992 ], [ 106.794452239868562, -6.225360270904475 ], [ 106.794809552992788, -6.224919681959224 ], [ 106.794985054268295, -6.224722083395789 ], [ 106.795427670018569, -6.22427123783365 ], [ 106.795653670771657, -6.224062939722018 ], [ 106.795771684307724, -6.223956876195431 ], [ 106.796493786070087, -6.223324082229127 ], [ 106.796650790094546, -6.223199570976228 ], [ 106.796803366628964, -6.223069664487578 ], [ 106.797322479473891, -6.222669911031144 ], [ 106.798548685899121, -6.221706011802244 ], [ 106.798664557705976, -6.221617072096068 ], [ 106.799115009335978, -6.221279512215843 ], [ 106.800669658150596, -6.22007491394879 ], [ 106.80078385008396, -6.219988484612379 ], [ 106.802239549694221, -6.21891239662209 ], [ 106.802591011534517, -6.218670484005908 ], [ 106.803383616543741, -6.218163460216002 ], [ 106.804929082277425, -6.217158817893932 ], [ 106.805716359284901, -6.216556171255553 ], [ 106.806423881144084, -6.215990048500053 ], [ 106.806560624277537, -6.215883672090153 ], [ 106.80777156608444, -6.214967985096584 ], [ 106.809507574842513, -6.213591321258546 ], [ 106.810512198035511, -6.21278191480874 ], [ 106.811131845931428, -6.212272789961903 ], [ 106.811241335595312, -6.212184846877756 ], [ 106.812043047681243, -6.211555416304654 ], [ 106.812891000222109, -6.210883437286572 ], [ 106.812898844200049, -6.210877231228697 ], [ 106.813790894530584, -6.210172596762182 ], [ 106.813986186959269, -6.209991497106842 ], [ 106.814079366566972, -6.209894814809666 ], [ 106.814088951134991, -6.20988362071212 ], [ 106.814265310741931, -6.209642997041064 ], [ 106.814403816661908, -6.209418636058686 ], [ 106.81481439498225, -6.208649540387913 ], [ 106.815449414041069, -6.207400093035606 ], [ 106.815658940373737, -6.206954973299957 ], [ 106.815678326682047, -6.20690909186811 ], [ 106.815725505561261, -6.206670456414589 ], [ 106.815742242725918, -6.206543554368462 ], [ 106.815796099105128, -6.205981635576763 ], [ 106.815810214241978, -6.205849068947738 ], [ 106.815891225334738, -6.205157445274708 ], [ 106.815940355608433, -6.204644204401631 ], [ 106.81597122288909, -6.204284181993927 ], [ 106.816007378711348, -6.203368917371072 ], [ 106.816036014544324, -6.202967656566789 ], [ 106.816107723185482, -6.202273955021766 ], [ 106.816120910576217, -6.202157014066164 ], [ 106.816223121039968, -6.201320512402133 ], [ 106.816279747214978, -6.200948999319052 ], [ 106.816457059421623, -6.199979698148049 ], [ 106.816482486281956, -6.199848530517419 ], [ 106.816539256249442, -6.199571356706137 ], [ 106.816642836036962, -6.199014879483255 ], [ 106.81664950976824, -6.198979581899715 ], [ 106.816723616251323, -6.198593629360212 ], [ 106.816770448480028, -6.198276617857145 ], [ 106.816749989933029, -6.197417137476412 ], [ 106.816712805931886, -6.196182400234941 ], [ 106.816713907479709, -6.196124258828093 ], [ 106.816710373596948, -6.196066214614913 ], [ 106.816706223458709, -6.195713273843374 ], [ 106.816703755064751, -6.195619785640173 ], [ 106.816663491771266, -6.19437944204587 ], [ 106.816661786395898, -6.194317591117483 ], [ 106.816643295968689, -6.19350248805916 ], [ 106.816641725473488, -6.193386087188455 ], [ 106.816635354728007, -6.191905071033776 ], [ 106.81662538745266, -6.19110615543728 ], [ 106.816648098988168, -6.190485451895773 ], [ 106.816731492735542, -6.189869965115607 ], [ 106.816874765345872, -6.189265622603136 ], [ 106.81707653680769, -6.188678244515823 ], [ 106.817334863745643, -6.188113487610683 ], [ 106.817647258144149, -6.187576790767116 ], [ 106.818010711315466, -6.187073322609104 ], [ 106.818421722881098, -6.186607931730776 ], [ 106.818876334487157, -6.186185100004849 ], [ 106.819370167928881, -6.18580889942344 ], [ 106.819898467316875, -6.185482952886717 ], [ 106.820456144879074, -6.185210399316879 ], [ 106.821037829957191, -6.184993863433253 ], [ 106.821637920726104, -6.184835430479449 ], [ 106.822250638137632, -6.184736626145737 ], [ 106.822870081570315, -6.184698401879871 ], [ 106.822930971199398, -6.18470063286622 ], [ 106.82347996473851, -6.18471204160311 ], [ 106.824096199801446, -6.184785740264933 ], [ 106.824702249657008, -6.184919533320861 ], [ 106.825292277932732, -6.18511213225776 ], [ 106.825860602542249, -6.18536168225355 ], [ 106.82640175039873, -6.18566578003968 ], [ 106.826910510116505, -6.186021497044679 ], [ 106.827381982193202, -6.186425407595713 ], [ 106.827811626189629, -6.186873621906702 ], [ 106.828195304452962, -6.187361823535635 ], [ 106.828529321962549, -6.187885310950043 ], [ 106.828810461914614, -6.188439042800926 ], [ 106.829036016702986, -6.189017686469069 ], [ 106.829203813997751, -6.189615669416403 ], [ 106.829312237670322, -6.190227232848049 ], [ 106.829360243363325, -6.190846487168629 ], [ 106.829383422573542, -6.191664780105469 ], [ 106.829399459734816, -6.192203260800777 ], [ 106.829431872108614, -6.193146245764337 ], [ 106.829435298980812, -6.193301009309647 ], [ 106.829442301684892, -6.194006950365328 ], [ 106.829462483587946, -6.195231913091679 ], [ 106.829467841392798, -6.19535600169947 ], [ 106.82946733657559, -6.195441583779875 ], [ 106.829472912050903, -6.195526985261878 ], [ 106.829478762309975, -6.195889335875625 ], [ 106.829500119392762, -6.197130783290316 ], [ 106.829513006967602, -6.197913236954624 ], [ 106.829513830222396, -6.198038756310623 ], [ 106.829512335551684, -6.1984849547657 ], [ 106.829489218221269, -6.199004818067751 ], [ 106.829478554448528, -6.199129195207875 ], [ 106.829680634593032, -6.199176908951636 ], [ 106.829807233015245, -6.199213308933662 ], [ 106.830410669909412, -6.199420309038251 ], [ 106.830530768478496, -6.199468408843945 ], [ 106.831339584401078, -6.199861221370977 ], [ 106.831459183156056, -6.199930220913737 ], [ 106.831878282188384, -6.200194415079051 ], [ 106.832275436575344, -6.200490622266155 ], [ 106.832374735817254, -6.200570921628737 ], [ 106.833049677129168, -6.201203730001626 ], [ 106.83313387681487, -6.201295129240545 ], [ 106.833488230604019, -6.201714983534839 ], [ 106.83380485425333, -6.202164018887917 ], [ 106.833895954551579, -6.202305917743229 ], [ 106.834066763912489, -6.202604530531781 ], [ 106.834134414675034, -6.202684201637568 ], [ 106.834234914586929, -6.202812700571975 ], [ 106.834703407385319, -6.203500526526951 ], [ 106.834811807964812, -6.203684625068154 ], [ 106.835047453538564, -6.204123443411373 ], [ 106.835249255649785, -6.20453754028774 ], [ 106.835318120104176, -6.204683547486717 ], [ 106.835483522163543, -6.205046144804647 ], [ 106.835570978804753, -6.205247000213802 ], [ 106.835698380778538, -6.205553998009395 ], [ 106.835797529696762, -6.205808258187805 ], [ 106.835900331751489, -6.206089656250671 ], [ 106.835954370618651, -6.20624370846482 ], [ 106.836054372935152, -6.20654100647504 ], [ 106.836135794804918, -6.206801514817077 ], [ 106.836200396717558, -6.20702501339764 ], [ 106.836272102939205, -6.207295327488729 ], [ 106.8363315052178, -6.207541026021159 ], [ 106.836366388056518, -6.207693529792525 ], [ 106.836433191042531, -6.2080031280123 ], [ 106.836474978568603, -6.20821410618964 ], [ 106.836539282174186, -6.208570404254878 ], [ 106.836572196541056, -6.208771177003999 ], [ 106.836612799440289, -6.209046475596147 ], [ 106.836648330338164, -6.2093322539149 ], [ 106.836700035978978, -6.209842651544492 ], [ 106.836714176410624, -6.210002371806426 ], [ 106.836754882485536, -6.210539469458145 ], [ 106.836761836038349, -6.210642317812293 ], [ 106.836778039163733, -6.210914916669201 ], [ 106.836788850694504, -6.211224349446497 ], [ 106.836794557157049, -6.21176874746598 ], [ 106.836793387624425, -6.211973777349102 ], [ 106.836778331498664, -6.212661473808605 ], [ 106.836784908799842, -6.212765489456849 ], [ 106.837016029764911, -6.215550362888944 ], [ 106.837021802139688, -6.215581941204791 ], [ 106.837079875459139, -6.215895822065502 ], [ 106.837227732310225, -6.216580151486133 ], [ 106.83728738000822, -6.216807907500042 ], [ 106.837440203910447, -6.217281420439183 ], [ 106.837441497788006, -6.2172845026474 ], [ 106.837702546020594, -6.217864440205129 ], [ 106.837762079306685, -6.218000965321236 ], [ 106.837838780454433, -6.218182664007087 ], [ 106.83811354229546, -6.218976985936966 ], [ 106.838172944214691, -6.219194484580445 ], [ 106.838191252622437, -6.219263028705016 ], [ 106.838220653636597, -6.219375628013531 ], [ 106.838236606896047, -6.219438021509777 ], [ 106.838400127415269, -6.220091376035104 ], [ 106.838613662443834, -6.220944159448485 ], [ 106.838893937268381, -6.22198940300621 ], [ 106.838952447777601, -6.222225668878277 ], [ 106.839003349906079, -6.222449567565914 ], [ 106.839020626195165, -6.222527847781333 ], [ 106.839061128029158, -6.222717046694283 ], [ 106.83914341524553, -6.223187448605157 ], [ 106.839169217269003, -6.223376747656526 ], [ 106.839209562304205, -6.223759189607972 ], [ 106.839225264683265, -6.223968888691832 ], [ 106.839226781723255, -6.223989604254335 ], [ 106.839318081550275, -6.225265024618423 ], [ 106.839342393691368, -6.225582654808708 ], [ 106.839345905737886, -6.225630965386035 ], [ 106.83953293672721, -6.22834725369545 ], [ 106.839534040948863, -6.228363598688645 ], [ 106.839570847301729, -6.228919096313465 ], [ 106.839581093049276, -6.229123975632014 ], [ 106.839592096867563, -6.2294496743578 ], [ 106.839568755489211, -6.230247229866271 ], [ 106.839550957888804, -6.230439529406544 ], [ 106.839518488782602, -6.230721391978472 ], [ 106.839492691140123, -6.230908391639604 ], [ 106.839450794610116, -6.23117117978297 ], [ 106.839418096896424, -6.231351779556702 ], [ 106.839295085643826, -6.231894143822434 ], [ 106.839240088167912, -6.23209524381538 ], [ 106.83918101060722, -6.232297922820166 ], [ 106.839027016789601, -6.232795223040798 ], [ 106.838979561077977, -6.23294211343331 ], [ 106.838907363719855, -6.233156613604742 ], [ 106.838902905835354, -6.233169810063669 ], [ 106.838849507773404, -6.233327310194666 ], [ 106.838647394635686, -6.233846988391341 ], [ 106.838578096472133, -6.23400428873008 ], [ 106.838443239953591, -6.234290761925068 ], [ 106.83844222261736, -6.23429278983044 ], [ 106.838359012561781, -6.234482599012861 ], [ 106.838025596942501, -6.235137035885555 ], [ 106.837948098314527, -6.235269536408915 ], [ 106.837863086919953, -6.235408786682537 ], [ 106.838082859136435, -6.235465254356203 ], [ 106.838477256579822, -6.235562666582906 ], [ 106.838553793293428, -6.235582078336367 ], [ 106.839408187437797, -6.235804463352658 ], [ 106.840111183298262, -6.235987049180938 ], [ 106.840188294821218, -6.236007597382991 ], [ 106.840842286594352, -6.236186297412621 ], [ 106.841007488305394, -6.236233861181116 ], [ 106.841955732785934, -6.236520891271088 ], [ 106.842094619294741, -6.236558748856305 ], [ 106.842756820777254, -6.236721546433199 ], [ 106.843118873553209, -6.236822054305652 ], [ 106.843325070983482, -6.236885954215812 ], [ 106.8436781462959, -6.237006904917176 ], [ 106.843873943918553, -6.237080504661832 ], [ 106.844255078877424, -6.237238144957445 ], [ 106.844493102038115, -6.237345814430538 ], [ 106.846304582499499, -6.237440099136935 ], [ 106.846319635857697, -6.237440685621531 ], [ 106.846422376802366, -6.23743691531337 ], [ 106.847406168526703, -6.237342323274417 ], [ 106.847569085714369, -6.237328782521719 ], [ 106.848072579960217, -6.237293484708717 ], [ 106.848282121416119, -6.2372822865427 ], [ 106.848657017019747, -6.237268488032107 ], [ 106.84873889869904, -6.237266005492146 ], [ 106.849420951615144, -6.237249749571053 ], [ 106.849675904671415, -6.237236752081876 ], [ 106.851456475584044, -6.237119996521859 ], [ 106.851780158789666, -6.237094318320172 ], [ 106.852318897563933, -6.237074642987378 ], [ 106.855636157576015, -6.237095054545292 ], [ 106.855732307798121, -6.237096377385378 ], [ 106.856467198865332, -6.23711207981542 ], [ 106.856555115433665, -6.237114570368815 ], [ 106.857267441750352, -6.237139710461516 ], [ 106.858054403507083, -6.237160683059671 ], [ 106.858287943427527, -6.237163567094615 ], [ 106.858946126167808, -6.237169009755923 ], [ 106.859236100428774, -6.237168597485712 ], [ 106.859940541311985, -6.237160862816109 ], [ 106.860407692343358, -6.237147236217462 ], [ 106.860912658193897, -6.237123747202686 ], [ 106.861309812197717, -6.237102113028981 ], [ 106.861412659945231, -6.237097350404559 ], [ 106.862033852668944, -6.237073652897689 ], [ 106.862088375474102, -6.237071808523498 ], [ 106.862589869563834, -6.237057010487386 ], [ 106.862850550921465, -6.23705469692403 ], [ 106.863114447730183, -6.237057797830492 ], [ 106.863274919740249, -6.237061721970137 ], [ 106.863626057531803, -6.237074771939384 ], [ 106.863870596123292, -6.23708333604409 ], [ 106.863922254533946, -6.23708535675281 ], [ 106.864003253538769, -6.237088857000426 ], [ 106.864100626669313, -6.237093817559772 ], [ 106.864180725678651, -6.237098517789443 ], [ 106.864290106716368, -6.237105888711798 ], [ 106.86436500578391, -6.237111588910371 ], [ 106.864418132780614, -6.23711585751721 ], [ 106.864504431703111, -6.237123157736836 ], [ 106.864543922950872, -6.237126623156973 ], [ 106.86462532193255, -6.237134023357676 ], [ 106.864735395695703, -6.2371450024863 ], [ 106.864814594699965, -6.237153602663859 ], [ 106.864982476820472, -6.237174109077541 ], [ 106.865092975423281, -6.237189109286876 ], [ 106.86526769789603, -6.23721531986221 ], [ 106.8654246959034, -6.237241120101491 ], [ 106.865535271027525, -6.237260301113744 ], [ 106.865671069301953, -6.237285101288321 ], [ 106.865723487968822, -6.23729490292484 ], [ 106.865967290220141, -6.237341556117252 ], [ 106.866227990066818, -6.237390920918286 ], [ 106.866412247159431, -6.237428658886746 ], [ 106.866668643902983, -6.237485159089337 ], [ 106.866892661468441, -6.237538822228385 ], [ 106.867139858343037, -6.23760282229766 ], [ 106.867476909229651, -6.237700141777085 ], [ 106.867738305973774, -6.237783541641833 ], [ 106.867875437829611, -6.237829027188268 ], [ 106.868783326623017, -6.238141726414484 ], [ 106.868941602784147, -6.238198606669637 ], [ 106.869290898527524, -6.238329406233983 ], [ 106.869483207403349, -6.238405025576494 ], [ 106.869801003605019, -6.23853602502339 ], [ 106.869987452514877, -6.238616407823032 ], [ 106.87055358037334, -6.238871335782025 ], [ 106.871676222322435, -6.239343654807269 ], [ 106.871728156109569, -6.239368572123254 ], [ 106.871781913181664, -6.239389257853151 ], [ 106.871807242993256, -6.239401983222455 ], [ 106.871833605129254, -6.239412399448149 ], [ 106.87184263571082, -6.239416490935321 ], [ 106.871922540512699, -6.239433743579479 ], [ 106.872071038626089, -6.239467143689181 ], [ 106.872275558703961, -6.239516734946892 ], [ 106.872845310628534, -6.239664969974747 ], [ 106.873375946633544, -6.23980248276394 ], [ 106.873566219275247, -6.239851093931581 ], [ 106.874031951210767, -6.239989348189712 ], [ 106.874277248174195, -6.240072547999642 ], [ 106.874756727340909, -6.24025722631556 ], [ 106.874801250181889, -6.240276487384537 ], [ 106.874877271440965, -6.240298888454058 ], [ 106.874954895289392, -6.240315712637297 ], [ 106.875238791702841, -6.24039201268323 ], [ 106.875510497267541, -6.240471601572926 ], [ 106.875592096249491, -6.240497501533404 ], [ 106.875845229757573, -6.240583782439793 ], [ 106.875927228752786, -6.240613682348872 ], [ 106.87641396910594, -6.240814505065964 ], [ 106.876482768307994, -6.240846304902314 ], [ 106.877264906760786, -6.241277290581786 ], [ 106.877295923746175, -6.24129736044967 ], [ 106.877908707311974, -6.241093830256234 ], [ 106.878122305415047, -6.241036131602277 ], [ 106.878650462889965, -6.24091747170282 ], [ 106.878958659755725, -6.240861973405159 ], [ 106.87960271484063, -6.240779879149261 ], [ 106.879814512431679, -6.240763880094756 ], [ 106.880594526041207, -6.24075323663741 ], [ 106.881672612755139, -6.240805139903027 ], [ 106.881712785843618, -6.240807202107692 ], [ 106.883306965677903, -6.240894121005372 ], [ 106.883542265142509, -6.240745514500221 ], [ 106.883608781718166, -6.240698075120963 ], [ 106.883818062121563, -6.240548827676014 ], [ 106.884299093307035, -6.240193430565416 ], [ 106.884521151101438, -6.2400366321511 ], [ 106.885203971380733, -6.239576148619859 ], [ 106.885627859675694, -6.239286462639696 ], [ 106.885779042850942, -6.239186293230323 ], [ 106.88601684236599, -6.239033595171593 ], [ 106.886256688907679, -6.238887006960082 ], [ 106.886523788039142, -6.2387318090967 ], [ 106.887130276279237, -6.238421835748414 ], [ 106.887450574400361, -6.238279338134043 ], [ 106.887832103759365, -6.238124280484727 ], [ 106.888075501998671, -6.238034482192964 ], [ 106.888392680316372, -6.237926920334719 ], [ 106.888625378400661, -6.237854821875007 ], [ 106.888785514652454, -6.237807514525412 ], [ 106.889021712599245, -6.237741116038201 ], [ 106.889302172113844, -6.237669163399929 ], [ 106.889597069332268, -6.237600665171911 ], [ 106.88997297872686, -6.237525286618611 ], [ 106.890381474520282, -6.237456188840898 ], [ 106.890760901163517, -6.237403778981486 ], [ 106.891645691402132, -6.237308783250475 ], [ 106.892226334240561, -6.237273366973171 ], [ 106.892817427206438, -6.237264569222346 ], [ 106.893540885370072, -6.237295286725725 ], [ 106.894050478971863, -6.237346287951204 ], [ 106.894493524857722, -6.23740652314112 ], [ 106.894983718622683, -6.237490923864422 ], [ 106.895672939589133, -6.237649746922304 ], [ 106.896285231879759, -6.237827446868981 ], [ 106.896690670302647, -6.237960101021585 ], [ 106.897370161961391, -6.2382081002885 ], [ 106.897830100217803, -6.238396774492587 ], [ 106.898488392534858, -6.23869757299206 ], [ 106.899142879765222, -6.239044328088935 ], [ 106.899988671084415, -6.239558024574931 ], [ 106.90042704493203, -6.239849931440961 ], [ 106.901147338549663, -6.240374127442494 ], [ 106.901812786776404, -6.240932141871597 ], [ 106.902203784550707, -6.241308638748732 ], [ 106.902436583613365, -6.241544872113304 ], [ 106.903064581004784, -6.242216466479753 ], [ 106.903563268877591, -6.242820795825084 ], [ 106.904641169333189, -6.24430548346431 ], [ 106.905001883988803, -6.244861372238878 ], [ 106.90540308628033, -6.245556866671868 ], [ 106.905414040511246, -6.24557593250332 ], [ 106.90629797991113, -6.247120626356386 ], [ 106.906589462848231, -6.247616174878138 ], [ 106.906699718842773, -6.247775153618657 ], [ 106.906834679460403, -6.247954987064785 ], [ 106.906873907551045, -6.248003243251222 ], [ 106.906946866535009, -6.248083715575604 ], [ 106.907058034624555, -6.248194198152055 ], [ 106.907233755281126, -6.248354410982657 ], [ 106.907337292822646, -6.248441266409466 ], [ 106.907434863440784, -6.248517647479913 ], [ 106.907545831846377, -6.248590306475648 ], [ 106.907680849417659, -6.248673785155536 ], [ 106.907856033748999, -6.24877026447875 ], [ 106.907912295607701, -6.248797499327024 ], [ 106.908239158469314, -6.248917664162267 ], [ 106.908870084311872, -6.249085103988121 ], [ 106.909385694075667, -6.249245809335555 ], [ 106.909795189022404, -6.24939290892995 ], [ 106.909846573780158, -6.249411618750918 ], [ 106.910592064618555, -6.249686717916299 ], [ 106.910746329514737, -6.249743663840984 ], [ 106.911072300693149, -6.249874392791606 ], [ 106.911440096323062, -6.250033892067611 ], [ 106.91194024620718, -6.250250932078675 ], [ 106.91229478770093, -6.250404660963031 ], [ 106.912435814981251, -6.250465867251364 ], [ 106.912667584266501, -6.250566422116015 ], [ 106.912881112941079, -6.250656435500291 ], [ 106.913070702584847, -6.250736336741864 ], [ 106.91350015658945, -6.250917250252487 ], [ 106.91393071236142, -6.251098712222634 ], [ 106.914852631453272, -6.251487219536133 ], [ 106.914975439510911, -6.25152984097934 ], [ 106.915208764712744, -6.251587920567343 ], [ 106.915958421622818, -6.25175112850811 ], [ 106.916063139175336, -6.25176760729784 ], [ 106.916328893947892, -6.251789953888847 ], [ 106.918107434801257, -6.251847646957725 ], [ 106.920132533775188, -6.251788011827904 ], [ 106.92019482376449, -6.251786484656073 ], [ 106.920637321439031, -6.251777817918478 ], [ 106.922075538152583, -6.251704710504709 ], [ 106.924457357640193, -6.251555633922995 ], [ 106.924541622607762, -6.251550924218406 ], [ 106.926513366736216, -6.25145391745392 ], [ 106.927500272704393, -6.251388880585919 ], [ 106.927601114966933, -6.251383043927832 ], [ 106.936587385487883, -6.250934868455087 ], [ 106.938126242637708, -6.250857262064893 ], [ 106.939883551028061, -6.250769817986043 ], [ 106.942002241651991, -6.250425367247038 ], [ 106.942444116215995, -6.250369427201922 ], [ 106.942754212738208, -6.250341228675174 ], [ 106.943300092384305, -6.250315313246598 ], [ 106.94360988866481, -6.250314014416936 ], [ 106.943769851621965, -6.250315368174476 ], [ 106.943997148851892, -6.250320168964822 ], [ 106.944407594419758, -6.250342206721561 ], [ 106.946184792642939, -6.250495713364086 ], [ 106.946227708314751, -6.250498705950675 ], [ 106.948264952889616, -6.250410257804024 ], [ 106.948892184203729, -6.2503755397381 ], [ 106.948922131316039, -6.250375354811933 ], [ 106.948951944288339, -6.250372515585899 ], [ 106.948960255207396, -6.25037254294932 ], [ 106.948968530825894, -6.250371776755152 ], [ 106.95151881920853, -6.250261526754368 ], [ 106.951994740348098, -6.250227872376354 ], [ 106.953169242099435, -6.250045911490128 ], [ 106.953587042137727, -6.249995361119815 ], [ 106.953945438106174, -6.249964062816308 ], [ 106.954199459182945, -6.249947026564429 ], [ 106.954934159403308, -6.249912599462466 ], [ 106.956606260267961, -6.249570644111323 ], [ 106.957776056507953, -6.249302266461516 ], [ 106.958139342429078, -6.249230054488883 ], [ 106.958423639505028, -6.249182156070325 ], [ 106.959050205410733, -6.249108521506079 ], [ 106.959374801693684, -6.249086722974859 ], [ 106.959481511482849, -6.249080462730426 ], [ 106.960108516674666, -6.249048996463845 ], [ 106.960263690116605, -6.248992602471695 ], [ 106.960850551161684, -6.248761100040497 ], [ 106.962453284648078, -6.248130425094483 ], [ 106.962574610935093, -6.248070378524549 ], [ 106.964578787376752, -6.246914357838605 ], [ 106.966481872272198, -6.245645250492725 ], [ 106.966683362146256, -6.245516320570473 ], [ 106.967369860462, -6.245095126187575 ], [ 106.967634161592272, -6.244941632441075 ], [ 106.968289859139631, -6.244581737683387 ], [ 106.96848965700265, -6.244476670571438 ], [ 106.96902095454189, -6.244209274730475 ], [ 106.969255228509127, -6.244097335678989 ], [ 106.969845725204337, -6.243829940171032 ], [ 106.970126874359536, -6.243710723289899 ], [ 106.970902969197496, -6.243403528963054 ], [ 106.971304141867151, -6.243260174637885 ], [ 106.97219413476391, -6.242975580716983 ], [ 106.972502828726093, -6.24288545721789 ], [ 106.97325052208852, -6.242687662019663 ], [ 106.973578771570914, -6.242610134870003 ], [ 106.97422626527775, -6.242475338724295 ], [ 106.974543450297247, -6.242417704380148 ], [ 106.975259942823968, -6.242306308297035 ], [ 106.975603993030802, -6.242262448125765 ], [ 106.97643858377252, -6.242179252219891 ], [ 106.976867228440184, -6.242151193246223 ], [ 106.97738012240508, -6.242135095378676 ], [ 106.977624636490546, -6.24213215390127 ], [ 106.978896321132837, -6.242141458617359 ], [ 106.979074324234716, -6.242145268791974 ], [ 106.97975321590566, -6.242169371080834 ], [ 106.979956161088452, -6.242179845189249 ], [ 106.980235157614231, -6.242198746019235 ], [ 106.980594596516809, -6.242233436394742 ], [ 106.980911092501756, -6.242273137104386 ], [ 106.981132945051272, -6.242304970905214 ], [ 106.981738637316454, -6.242402871978137 ], [ 106.982227647888536, -6.242501861078699 ], [ 106.982798840585048, -6.242641161466591 ], [ 106.983209732741642, -6.242756192116655 ], [ 106.984160420754705, -6.243057291832149 ], [ 106.984428191352862, -6.243148742169986 ], [ 106.985265080983041, -6.24345564135896 ], [ 106.985638657526508, -6.243606305936311 ], [ 106.987995729386796, -6.244645401337264 ], [ 106.988462227245421, -6.244874391805023 ], [ 106.989780612840818, -6.245590225210656 ], [ 106.992951850377565, -6.247112221332233 ], [ 106.99654973419463, -6.248509337976969 ], [ 106.999234750107689, -6.249428655818186 ], [ 106.99931098551032, -6.24945530291301 ], [ 106.999462083626213, -6.249509202789636 ], [ 106.99957348485492, -6.249550124720353 ], [ 106.999727710009225, -6.249608426272089 ], [ 107.006645781471548, -6.252084453946336 ], [ 107.009333517611083, -6.253041261075723 ], [ 107.009451410709659, -6.253084553664893 ], [ 107.010497760580904, -6.253480630943062 ], [ 107.012118961079807, -6.254029357955919 ], [ 107.01218245778955, -6.25405122613209 ], [ 107.020051059193534, -6.256807920561021 ], [ 107.020051321182336, -6.256808027054594 ], [ 107.020051592333658, -6.256808107363178 ], [ 107.020121791453576, -6.256832707313772 ], [ 107.020136471818716, -6.256837872065947 ], [ 107.021875450036063, -6.257452070779226 ], [ 107.021889143274024, -6.257456924838358 ], [ 107.022168418846718, -6.257556285362011 ], [ 107.02303006607103, -6.257858505138927 ], [ 107.023030128348722, -6.257858530480437 ], [ 107.023030192808292, -6.257858549592958 ], [ 107.023762583622855, -6.258115449077421 ], [ 107.023762786221951, -6.258115531521945 ], [ 107.023762995916925, -6.258115593712713 ], [ 107.023870473943262, -6.258153301822321 ], [ 107.024575212446777, -6.258288394985798 ], [ 107.024765410006935, -6.25833809508275 ], [ 107.024821323054226, -6.258353622089908 ], [ 107.025026925903859, -6.258292254530099 ], [ 107.025636189325894, -6.258173926464453 ], [ 107.026254109100989, -6.25811592520999 ], [ 107.026874734522309, -6.258118809262725 ], [ 107.027492088843417, -6.258182550779225 ], [ 107.028100226829309, -6.258306535847417 ], [ 107.028693292003823, -6.258489570400674 ], [ 107.028846597908029, -6.258545264511604 ], [ 107.029688194963981, -6.258850558682026 ], [ 107.029688763690459, -6.258850797196112 ], [ 107.029689353005992, -6.258850978894818 ], [ 107.030057996715627, -6.258984787223982 ], [ 107.030951433874918, -6.259308995131041 ], [ 107.031316469915865, -6.259471563592299 ], [ 107.031455434333154, -6.259525361914423 ], [ 107.031656832826471, -6.25960322083529 ], [ 107.031657786373131, -6.259603644382209 ], [ 107.0316587767078, -6.259603972690858 ], [ 107.031889704939175, -6.259693334940009 ], [ 107.033084308151189, -6.260136758937984 ], [ 107.033654904351522, -6.260381058743669 ], [ 107.034198823578265, -6.260680146327748 ], [ 107.034665215180027, -6.260999872543208 ], [ 107.034806650630003, -6.26103150950923 ], [ 107.035396147379089, -6.261225745269452 ], [ 107.035963779913729, -6.26147686355524 ], [ 107.036504081818649, -6.261782445991397 ], [ 107.037011849861855, -6.262139549706498 ], [ 107.037482194097976, -6.262544735672233 ], [ 107.037910584955895, -6.262994101820301 ], [ 107.038292896857072, -6.263483320617831 ], [ 107.038625447944725, -6.264007680739692 ], [ 107.038905035541632, -6.264562132436549 ], [ 107.03912896699471, -6.265141336161965 ], [ 107.039295085609425, -6.265739713990156 ], [ 107.039401791424254, -6.266351503329908 ], [ 107.039413988384808, -6.266514773116946 ], [ 107.039414632247443, -6.266518571175319 ], [ 107.039419904496313, -6.26659396668599 ], [ 107.039448056624977, -6.266970812416948 ], [ 107.039447603145945, -6.266990068543143 ], [ 107.039457954276301, -6.267138093367691 ], [ 107.039440383200215, -6.267758881414694 ], [ 107.039362088019288, -6.268374956851813 ], [ 107.039223822532833, -6.268980386576966 ], [ 107.039026918088652, -6.26956933998786 ], [ 107.038963670134834, -6.269710675151615 ], [ 107.038913269967424, -6.269863228664216 ], [ 107.038661641429968, -6.270430934163623 ], [ 107.038355614642398, -6.270971226402915 ], [ 107.037998136639345, -6.271478902017551 ], [ 107.03759264999114, -6.271949071737585 ], [ 107.037143059655236, -6.272377207477039 ], [ 107.036653695373346, -6.272759185945492 ], [ 107.036129269975831, -6.273091328361736 ], [ 107.035574833995227, -6.273370435887174 ], [ 107.034995727025688, -6.273593820437093 ], [ 107.034397526296985, -6.273759330573416 ], [ 107.033785992958414, -6.273865372228814 ], [ 107.033167016589999, -6.273910924062925 ], [ 107.03254655847573, -6.273895547302303 ], [ 107.031930594185312, -6.27381938996928 ], [ 107.031146397574489, -6.273683054408493 ], [ 107.030945903621472, -6.273668638903496 ], [ 107.030861502544624, -6.273658039100061 ], [ 107.030219187087113, -6.273543431474764 ], [ 107.029592089878136, -6.273363215973392 ], [ 107.029518288948509, -6.273337815928553 ], [ 107.029232745225272, -6.273231779857781 ], [ 107.02909560378562, -6.273177058158982 ], [ 107.028953350709259, -6.273122895675075 ], [ 107.028934488617267, -6.273115679463253 ], [ 107.028689914415409, -6.273021662695693 ], [ 107.027686871947708, -6.272644768995473 ], [ 107.027627376841949, -6.27262322175299 ], [ 107.027424703371324, -6.272559117439239 ], [ 107.027008367513076, -6.272436020753903 ], [ 107.026914512330791, -6.272407477075742 ], [ 107.026255540726055, -6.272201467480419 ], [ 107.025500466763631, -6.27197407711023 ], [ 107.024634783876834, -6.271724782899754 ], [ 107.024047484681091, -6.271523944939361 ], [ 107.023963826269195, -6.271485807755208 ], [ 107.023863296259478, -6.271476511310188 ], [ 107.023253854966939, -6.27135902093398 ], [ 107.022658857231932, -6.271182321889043 ], [ 107.020319963391316, -6.270360767818538 ], [ 107.019570689099851, -6.27009761473449 ], [ 107.019570672777434, -6.270097608084829 ], [ 107.019570655882404, -6.270097603068022 ], [ 107.018454541879592, -6.269705602267198 ], [ 107.018454466266391, -6.269705571462078 ], [ 107.018454388000222, -6.269705548219346 ], [ 107.017705793798157, -6.269442603944063 ], [ 107.016278414203654, -6.268958701988876 ], [ 107.016205599210863, -6.2689335207774 ], [ 107.0080346927043, -6.266051866709095 ], [ 107.006357692398424, -6.265488163778581 ], [ 107.006132771508476, -6.265407798661108 ], [ 107.005021920904866, -6.264987056278194 ], [ 106.992272714359459, -6.260431544996441 ], [ 106.99218623492537, -6.260399930853608 ], [ 106.988199885575426, -6.258909626627783 ], [ 106.987647122957057, -6.258672422341348 ], [ 106.984111881951335, -6.256951813312278 ], [ 106.983885245936406, -6.256835806793588 ], [ 106.982630196908843, -6.256161163607904 ], [ 106.980707944332437, -6.255298726864698 ], [ 106.980203914029417, -6.255116476355479 ], [ 106.979597565477391, -6.254925973347016 ], [ 106.979477962535526, -6.254896803383462 ], [ 106.979288229373779, -6.254866556777396 ], [ 106.979193264602372, -6.254856499885351 ], [ 106.979142778331962, -6.254851986411164 ], [ 106.978721614264799, -6.254837151730756 ], [ 106.977672762339708, -6.254830011777011 ], [ 106.977530657705145, -6.254835283178176 ], [ 106.977011608902203, -6.254886983211083 ], [ 106.976613253983686, -6.25494449335938 ], [ 106.976308569391151, -6.255007872697043 ], [ 106.975891739243281, -6.255116365205116 ], [ 106.975387173216021, -6.255279651435422 ], [ 106.97493691297268, -6.255459422250455 ], [ 106.97457886025181, -6.255621397374858 ], [ 106.974293361433524, -6.255762467668239 ], [ 106.973891121053072, -6.255987401874992 ], [ 106.973415711928666, -6.256278715121349 ], [ 106.971429104940071, -6.25759881137613 ], [ 106.971102461852993, -6.257801822913733 ], [ 106.968746854475782, -6.259168341992079 ], [ 106.968300228187928, -6.259404117044548 ], [ 106.967747325345599, -6.25966832131524 ], [ 106.967331578958166, -6.259848974860267 ], [ 106.965499677922907, -6.260568058500659 ], [ 106.964843271433907, -6.260828299543015 ], [ 106.964723715438609, -6.260874302874646 ], [ 106.964108211076635, -6.261104007288614 ], [ 106.963752397570531, -6.261224874283911 ], [ 106.963486795385066, -6.261306376071167 ], [ 106.963110810350884, -6.261409178741559 ], [ 106.962830607751073, -6.261476580482499 ], [ 106.962342738713645, -6.261573801639825 ], [ 106.962097536158154, -6.261612702982481 ], [ 106.961735326762053, -6.26165948379696 ], [ 106.961418923243102, -6.261691085341417 ], [ 106.961106055456412, -6.261714507858271 ], [ 106.960277426816162, -6.261755891851341 ], [ 106.959380146833922, -6.261965848178375 ], [ 106.959195541594795, -6.262006143706733 ], [ 106.957303722989522, -6.262389554826778 ], [ 106.956944220503644, -6.262451670950699 ], [ 106.95656151643901, -6.2625064729847 ], [ 106.95613900764053, -6.262552539456484 ], [ 106.955867404547931, -6.262572940707408 ], [ 106.955726171877004, -6.262581960400617 ], [ 106.954949692106922, -6.262622826152517 ], [ 106.95492537790949, -6.2626249794007 ], [ 106.953642426868896, -6.262822560565998 ], [ 106.953059934165424, -6.262884799580832 ], [ 106.952233724634695, -6.262934503245202 ], [ 106.952157427359822, -6.262938630433553 ], [ 106.950023202496496, -6.263041139603964 ], [ 106.950020189337167, -6.263041136207844 ], [ 106.950017190077887, -6.26304142550546 ], [ 106.948457771896486, -6.263114832183702 ], [ 106.948437190549114, -6.263114789325346 ], [ 106.948416691702619, -6.263116631989754 ], [ 106.946562069969545, -6.263191839789425 ], [ 106.946298005570441, -6.263197024651508 ], [ 106.945982301763124, -6.263196625825408 ], [ 106.945564333243837, -6.263182261279709 ], [ 106.945323030234633, -6.26316596198192 ], [ 106.945216766674818, -6.263157883680084 ], [ 106.943618398653484, -6.263022808892871 ], [ 106.941696261116064, -6.263333478057272 ], [ 106.941456015641592, -6.263367589488119 ], [ 106.941122812016829, -6.263408391179975 ], [ 106.940660354729218, -6.263447851412961 ], [ 106.938748232454628, -6.263540459596099 ], [ 106.93873801421843, -6.263540946180493 ], [ 106.937208321550401, -6.263612546059077 ], [ 106.928248545127701, -6.264062631916461 ], [ 106.927220133312517, -6.264119545418973 ], [ 106.927205187234193, -6.264120354787504 ], [ 106.925221115405222, -6.264225437634923 ], [ 106.92282221170872, -6.264381659111723 ], [ 106.922759910145629, -6.26438540735997 ], [ 106.92179439895375, -6.264438711533165 ], [ 106.9216798482516, -6.264443993752598 ], [ 106.919945627864635, -6.26450820088798 ], [ 106.919881779566481, -6.264510241641219 ], [ 106.918312960988558, -6.264552447909139 ], [ 106.917920992467756, -6.26455083401276 ], [ 106.916193566957546, -6.264490121669351 ], [ 106.915757079400777, -6.264481791287706 ], [ 106.915360669452426, -6.264461760744395 ], [ 106.914756361879412, -6.26441216235784 ], [ 106.91425302094504, -6.264350439299752 ], [ 106.914015217910432, -6.26431153968471 ], [ 106.913924616079001, -6.264296041882194 ], [ 106.913571211563763, -6.264232942384548 ], [ 106.913294991162644, -6.264177243844187 ], [ 106.912449480362511, -6.26398704452495 ], [ 106.912234023964373, -6.263934590269542 ], [ 106.911557615362753, -6.263757290477552 ], [ 106.911177684293222, -6.263644866478052 ], [ 106.910611877223729, -6.263457966135326 ], [ 106.910169744187002, -6.263293379637886 ], [ 106.905356181696732, -6.261293956848324 ], [ 106.905348459495272, -6.261291135087748 ], [ 106.904726348327998, -6.261127820115546 ], [ 106.904156056177953, -6.2609488942409 ], [ 106.903263045189163, -6.260621593261571 ], [ 106.902696960798337, -6.260382299884777 ], [ 106.902200155081246, -6.260143198595183 ], [ 106.901811577140734, -6.259939284871978 ], [ 106.901351472225528, -6.259677083165735 ], [ 106.901246788721025, -6.259616090840481 ], [ 106.90091028521644, -6.259415689487117 ], [ 106.900608053015219, -6.25922390742734 ], [ 106.900319750270597, -6.259029305996357 ], [ 106.900088011087192, -6.258865193085431 ], [ 106.899572006602071, -6.258482090129752 ], [ 106.899264463361718, -6.258238608171664 ], [ 106.898975761235732, -6.257995106205036 ], [ 106.898798451493334, -6.25783981203565 ], [ 106.898420249052393, -6.257495909206651 ], [ 106.898198067888885, -6.257283798198665 ], [ 106.897878666250364, -6.256963695524316 ], [ 106.89762110520121, -6.256689750403593 ], [ 106.897320404217538, -6.256350247545166 ], [ 106.897173329875415, -6.256178084481729 ], [ 106.896950329427483, -6.255907382204181 ], [ 106.896846178101711, -6.255777507739722 ], [ 106.896558777813496, -6.255409304650843 ], [ 106.896320938717054, -6.255083721539571 ], [ 106.896015139250935, -6.254635817837752 ], [ 106.89579184333067, -6.254284476143479 ], [ 106.895351945598065, -6.253539270147776 ], [ 106.895304117782402, -6.253456836180644 ], [ 106.894411805947541, -6.251891854908115 ], [ 106.894178434825605, -6.251488248104593 ], [ 106.893519833058562, -6.25057515632325 ], [ 106.893325900239262, -6.250366496600754 ], [ 106.893191186756923, -6.250267641494428 ], [ 106.892889949691707, -6.25008498955344 ], [ 106.892801454239589, -6.250044433330439 ], [ 106.892593669112586, -6.249969085068703 ], [ 106.892461295576069, -6.249983136364181 ], [ 106.89232571362723, -6.250074326791335 ], [ 106.891731470041321, -6.250480197916922 ], [ 106.891282824113119, -6.250807509099211 ], [ 106.891207486544388, -6.250861629783411 ], [ 106.890962923207908, -6.251034613220877 ], [ 106.890774194445697, -6.251169804053507 ], [ 106.890515829528439, -6.251345387150105 ], [ 106.889931728357084, -6.251721591925699 ], [ 106.889698397795911, -6.251864824545709 ], [ 106.889054695740086, -6.252241029706146 ], [ 106.88828568116071, -6.252622948173835 ], [ 106.887866678463325, -6.252796651228706 ], [ 106.887335610703147, -6.252989482085402 ], [ 106.886925107339039, -6.253118084812658 ], [ 106.88649342346946, -6.253236710269953 ], [ 106.886014618976617, -6.253350213164376 ], [ 106.885514383676849, -6.253447681098415 ], [ 106.885004878317289, -6.253525783787997 ], [ 106.884401318229507, -6.253588831975503 ], [ 106.884112614889162, -6.253605033205037 ], [ 106.883676618156528, -6.253614431380276 ], [ 106.883313913759892, -6.253609732635065 ], [ 106.883058842827097, -6.253601275181444 ], [ 106.881487636874894, -6.253517391655103 ], [ 106.881231408630825, -6.253700780553467 ], [ 106.880824361282649, -6.253969011024447 ], [ 106.88039788154191, -6.254205080440479 ], [ 106.880075380001415, -6.254367682929425 ], [ 106.879243236372076, -6.254715217447769 ], [ 106.879101216148612, -6.254762950163936 ], [ 106.879016883387862, -6.254842192386862 ], [ 106.879012766734533, -6.254846183241815 ], [ 106.879020580606976, -6.254866136269033 ], [ 106.879283615268648, -6.255705270826337 ], [ 106.879325616917527, -6.255881269762685 ], [ 106.879384704609691, -6.256155660723741 ], [ 106.879651518521626, -6.257543452904484 ], [ 106.879690936591942, -6.257770730138454 ], [ 106.879749440566457, -6.258148828142671 ], [ 106.879821306502265, -6.258935342708234 ], [ 106.879835012139921, -6.259412340832212 ], [ 106.879836811728026, -6.259695720290226 ], [ 106.879831415819694, -6.260032419143169 ], [ 106.879820259279128, -6.260320126638248 ], [ 106.879586968195412, -6.264109257234987 ], [ 106.879584809009955, -6.26415121937038 ], [ 106.879663651171583, -6.264779095172879 ], [ 106.879667337935786, -6.264809031933536 ], [ 106.879740744580459, -6.265417028930876 ], [ 106.879786377059972, -6.26615755197493 ], [ 106.87978798364702, -6.266704949986625 ], [ 106.879748637188484, -6.267428634153555 ], [ 106.879707341844522, -6.267797233338398 ], [ 106.879642627883143, -6.268235613862206 ], [ 106.879361053188788, -6.269769427118607 ], [ 106.879344229178926, -6.269960398816148 ], [ 106.879330063163451, -6.270293692096606 ], [ 106.87933084964439, -6.270635999897753 ], [ 106.879343851854202, -6.271083594530388 ], [ 106.879362922762795, -6.271729185788412 ], [ 106.879415475205093, -6.27245552228103 ], [ 106.879424121570167, -6.272623820328355 ], [ 106.879512249015903, -6.273017667805086 ], [ 106.879795691455769, -6.274264611146929 ], [ 106.880095880787934, -6.27517419580699 ], [ 106.880450875316143, -6.276056619688172 ], [ 106.880983337756561, -6.277371120370893 ], [ 106.882631684961439, -6.281247651204848 ], [ 106.882660124880402, -6.281315630443889 ], [ 106.882815026128384, -6.28169202392006 ], [ 106.883171347544689, -6.282395976453969 ], [ 106.883265548173341, -6.282590231049598 ], [ 106.883287505531158, -6.282637548557972 ], [ 106.883524731288517, -6.283043364903429 ], [ 106.883538331672156, -6.283066745232736 ], [ 106.883762632966608, -6.283454242124 ], [ 106.884083206969265, -6.284087480457822 ], [ 106.88415550797049, -6.284252679230084 ], [ 106.884185623357368, -6.284322631610416 ], [ 106.884283724822609, -6.284554329906114 ], [ 106.884396570026354, -6.28483995369501 ], [ 106.884587212037701, -6.285358985022505 ], [ 106.884742432662364, -6.285758503160058 ], [ 106.884747358144239, -6.285771221271514 ], [ 106.885032063307662, -6.28650871600441 ], [ 106.88511930798181, -6.286749046717543 ], [ 106.885331619538249, -6.287372886745174 ], [ 106.885561676538686, -6.288048012335494 ], [ 106.8858730274859, -6.288959492403205 ], [ 106.885906891743801, -6.289061449416338 ], [ 106.885983304677069, -6.289298205842669 ], [ 106.886307195347257, -6.290153363817386 ], [ 106.886334185049208, -6.290225961161036 ], [ 106.886511114823719, -6.290710930243657 ], [ 106.886689251665231, -6.291187610254728 ], [ 106.887494108195099, -6.293187356513586 ], [ 106.887497138064845, -6.293194898455922 ], [ 106.88781564341916, -6.293989192704912 ], [ 106.887855114429158, -6.294090117891221 ], [ 106.887927422975025, -6.294279776013191 ], [ 106.888617962392829, -6.295972273525333 ], [ 106.888888028268738, -6.296550974631984 ], [ 106.8892001304866, -6.297360249038965 ], [ 106.889346634442347, -6.297834645890453 ], [ 106.889440084902475, -6.298169613485547 ], [ 106.889531188287123, -6.298534611232691 ], [ 106.889567320445522, -6.298687409849862 ], [ 106.88964082362358, -6.299016407892807 ], [ 106.889687777184022, -6.299246549793612 ], [ 106.889933083405424, -6.300574166435628 ], [ 106.890107470053863, -6.300857850004705 ], [ 106.890344083204198, -6.301325568469148 ], [ 106.890401083925113, -6.3014508675241 ], [ 106.89064257390919, -6.302064695622059 ], [ 106.890695775168908, -6.302223794536249 ], [ 106.890850789884439, -6.30276676128197 ], [ 106.890956818868275, -6.30332139175079 ], [ 106.890979020504403, -6.303474190953413 ], [ 106.89103807651685, -6.304092447789197 ], [ 106.89103628493055, -6.304713519341467 ], [ 106.891023687948731, -6.304955818618075 ], [ 106.890950004328289, -6.305644196150422 ], [ 106.890801616022657, -6.306320402505174 ], [ 106.890756518090186, -6.306482902500088 ], [ 106.890498530200986, -6.307228625656061 ], [ 106.890447187722117, -6.307351627469317 ], [ 106.890527805764123, -6.307829047126956 ], [ 106.890632250091031, -6.308441336993733 ], [ 106.890738367510593, -6.308648986493424 ], [ 106.890899655393824, -6.30898919672507 ], [ 106.890942155983339, -6.309086196001173 ], [ 106.89102907969118, -6.309294617849927 ], [ 106.891071480423676, -6.309401617076463 ], [ 106.891288860159065, -6.310050593493546 ], [ 106.891515067448708, -6.310870688249195 ], [ 106.89153801473131, -6.310956209858728 ], [ 106.891650618669658, -6.311387907149931 ], [ 106.891718902509737, -6.31167736305746 ], [ 106.892007842342778, -6.313045164809382 ], [ 106.89216944190656, -6.313797777421808 ], [ 106.8922124003102, -6.314016540692442 ], [ 106.892478515714004, -6.315510332409249 ], [ 106.89249379806526, -6.315599827852221 ], [ 106.892571703074012, -6.31607662527583 ], [ 106.892587482730733, -6.316178393790283 ], [ 106.892686089930635, -6.316850390269432 ], [ 106.892698054243525, -6.316935988262477 ], [ 106.892814963822701, -6.317816183774244 ], [ 106.892843502566635, -6.318070244551553 ], [ 106.892901409710035, -6.318700141610132 ], [ 106.892926623936461, -6.319147843088608 ], [ 106.892966847089298, -6.321077035624549 ], [ 106.892968054734567, -6.321162862875752 ], [ 106.892982003404114, -6.323075524918781 ], [ 106.892988528000544, -6.323695425473197 ], [ 106.89299562654459, -6.324250453801212 ], [ 106.893043060178613, -6.326304572517441 ], [ 106.893052178506849, -6.32669057296263 ], [ 106.893118036224593, -6.32794764492733 ], [ 106.893124677203829, -6.328118558032577 ], [ 106.893141794637373, -6.328794176863009 ], [ 106.893190403637519, -6.329399765723329 ], [ 106.893267706234653, -6.330291138902142 ], [ 106.893320704571295, -6.330699341348398 ], [ 106.894205144683824, -6.336108262504568 ], [ 106.894207518103627, -6.336122198577911 ], [ 106.89429875105229, -6.336438499649124 ], [ 106.894414478722979, -6.336835882242257 ], [ 106.894478323634956, -6.337072009420866 ], [ 106.894577527343117, -6.337469206958256 ], [ 106.894654747100901, -6.337820556571922 ], [ 106.894874690794452, -6.338977091923582 ], [ 106.895258143198575, -6.340992122401399 ], [ 106.895265430764894, -6.341031081641739 ], [ 106.895482926241257, -6.342214283106048 ], [ 106.89600725742217, -6.344997775437379 ], [ 106.896010558815647, -6.345013140115395 ], [ 106.896116952645727, -6.345397674437606 ], [ 106.896796015201716, -6.347854451948549 ], [ 106.896809417364636, -6.34790371173801 ], [ 106.896982837460186, -6.348551414645446 ], [ 106.897305537480179, -6.349735864734809 ], [ 106.89780539064472, -6.351453840777424 ], [ 106.898334292558076, -6.353273500307243 ], [ 106.898354627901028, -6.353345027220559 ], [ 106.898510232896498, -6.353904823612485 ], [ 106.898572647268381, -6.354147939382885 ], [ 106.898792556200817, -6.355080933696362 ], [ 106.89884457413379, -6.355322673474654 ], [ 106.898925078331516, -6.355735871107835 ], [ 106.898949803203223, -6.355870512678528 ], [ 106.89945143362884, -6.358778796634043 ], [ 106.899749292656296, -6.36050700457181 ], [ 106.899787348851973, -6.360757703737597 ], [ 106.900005938889535, -6.36242158405917 ], [ 106.900263954126416, -6.364337719997172 ], [ 106.900399944314742, -6.364697127765623 ], [ 106.900547008902123, -6.365133036967153 ], [ 106.900624711157008, -6.365394335240889 ], [ 106.900744970006002, -6.3658638204584 ], [ 106.900793272219005, -6.366087719131383 ], [ 106.900845871779921, -6.366360422602797 ], [ 106.900937077409893, -6.366896219655422 ], [ 106.900941626327281, -6.366923297473279 ], [ 106.901244745650985, -6.368751887492648 ], [ 106.901267977654058, -6.368903377967077 ], [ 106.901440106379269, -6.370124224527667 ], [ 106.901499129772517, -6.370511816179047 ], [ 106.901639634226882, -6.371312028556255 ], [ 106.901789081686502, -6.372095116854331 ], [ 106.901797903257886, -6.372142311897625 ], [ 106.901907080253224, -6.372738919246649 ], [ 106.902029918375646, -6.373396933529146 ], [ 106.902146358607496, -6.374021346879625 ], [ 106.902228370769535, -6.374460749488325 ], [ 106.902258759425578, -6.374637392441466 ], [ 106.902299062160026, -6.374893291064559 ], [ 106.902334491955045, -6.375153167160725 ], [ 106.902363994819169, -6.375409065894545 ], [ 106.90239734038343, -6.375809767976309 ], [ 106.902410743478271, -6.376070966867991 ], [ 106.902418571098295, -6.376316519481082 ], [ 106.902426578921194, -6.37695891704672 ], [ 106.902403851544292, -6.377579586079055 ], [ 106.902320423434844, -6.378195037822204 ], [ 106.902177097822431, -6.378799345173544 ], [ 106.901975254785867, -6.379386688332787 ], [ 106.901716837970866, -6.379951410849347 ], [ 106.901404335879974, -6.380488074097746 ], [ 106.901040757914259, -6.380991509655936 ], [ 106.90062960539754, -6.381456869082475 ], [ 106.900174837861755, -6.381879670612736 ], [ 106.899680834918016, -6.382255842324624 ], [ 106.899152354080442, -6.382581761357734 ], [ 106.898594484948887, -6.382854288808068 ], [ 106.898012600191748, -6.383070799962341 ], [ 106.897412303801048, -6.383229209580114 ], [ 106.896799377118072, -6.383327991980487 ], [ 106.896179723149856, -6.383366195739396 ], [ 106.896082400267872, -6.383362628163798 ], [ 106.896052712649762, -6.383364087342922 ], [ 106.895848691062341, -6.383354060983511 ], [ 106.895559309712766, -6.383343452856091 ], [ 106.895517555195184, -6.383337787592688 ], [ 106.895432630529328, -6.383333614007135 ], [ 106.894818519910643, -6.383242482707147 ], [ 106.894216295243567, -6.383091571056385 ], [ 106.893631756505044, -6.382882332410151 ], [ 106.893070533333443, -6.382616781869283 ], [ 106.892538030804033, -6.382297476872801 ], [ 106.892039377367809, -6.381927492566921 ], [ 106.891579375455649, -6.381510392187055 ], [ 106.891162455223281, -6.381050192738783 ], [ 106.890792631883343, -6.38055132630793 ], [ 106.890473467034937, -6.380018597372813 ], [ 106.89020803436361, -6.379457136529816 ], [ 106.889998890041909, -6.378872351078104 ], [ 106.889848048115383, -6.37826987293956 ], [ 106.889756961111317, -6.377655504415833 ], [ 106.889726506056263, -6.37703516230485 ], [ 106.889726510767531, -6.376648988826749 ], [ 106.889593551508256, -6.375923128013227 ], [ 106.889593538583739, -6.375923030742961 ], [ 106.889593516194381, -6.375922935207792 ], [ 106.889552647942338, -6.375699784543404 ], [ 106.889432406439767, -6.375053027345572 ], [ 106.889431486227792, -6.375046239600363 ], [ 106.88942991982637, -6.375039571371611 ], [ 106.889321535818439, -6.374449496901471 ], [ 106.889166674818085, -6.373652060487201 ], [ 106.889157093616902, -6.373601631700282 ], [ 106.888988202993247, -6.372692626571475 ], [ 106.8889461944499, -6.372437659958172 ], [ 106.888873699918307, -6.371933757322894 ], [ 106.888867644957301, -6.371890617360124 ], [ 106.888710891127886, -6.370745168653904 ], [ 106.888421138244297, -6.36899714932605 ], [ 106.888394583242075, -6.368839579139999 ], [ 106.888271280559763, -6.368515642732414 ], [ 106.888216761599679, -6.368366836147944 ], [ 106.888141663243971, -6.368153634657355 ], [ 106.887977358821914, -6.367610684479428 ], [ 106.887915661082459, -6.367368082963027 ], [ 106.88780585966694, -6.366844698134734 ], [ 106.887760262567838, -6.36657009663891 ], [ 106.887732214963648, -6.366384132654514 ], [ 106.887423739835924, -6.364110320962993 ], [ 106.887418556846271, -6.364071201341855 ], [ 106.88721868611502, -6.36252565346964 ], [ 106.886943903663251, -6.360936644539711 ], [ 106.88694277678043, -6.360930107583624 ], [ 106.886459758390117, -6.358119333678067 ], [ 106.88641025684224, -6.357874812462546 ], [ 106.886242642359292, -6.357152301927066 ], [ 106.886170952176514, -6.356888552312152 ], [ 106.885897294178505, -6.356078342626255 ], [ 106.885738888160091, -6.355528565713458 ], [ 106.885572338339372, -6.354833948596804 ], [ 106.885106272264011, -6.353207877859696 ], [ 106.885098393937923, -6.353180152693445 ], [ 106.884741705165311, -6.351913944512614 ], [ 106.884700292739879, -6.351759485920667 ], [ 106.884552242623954, -6.351178032890894 ], [ 106.883885576444783, -6.348794022139192 ], [ 106.883872150849101, -6.348745261524884 ], [ 106.883721855855796, -6.348190757991653 ], [ 106.88363662358752, -6.347836144926777 ], [ 106.883575026500964, -6.347542943211962 ], [ 106.88354806956886, -6.347407280027844 ], [ 106.88301159890716, -6.344544163887403 ], [ 106.882787424793221, -6.343345215192169 ], [ 106.882411214885607, -6.34136251362241 ], [ 106.882211793648693, -6.340340742130479 ], [ 106.882195577134084, -6.340271534216359 ], [ 106.882128301303524, -6.340051351076692 ], [ 106.882104289166577, -6.33997085612302 ], [ 106.881980892853335, -6.339546953357971 ], [ 106.881894297788008, -6.339216500243017 ], [ 106.881824600650418, -6.338917898436762 ], [ 106.88175584016696, -6.338582610914532 ], [ 106.881696843622677, -6.338249409070593 ], [ 106.881683053083663, -6.338168469126139 ], [ 106.880779211267949, -6.332647539296854 ], [ 106.880745891549196, -6.332417630429743 ], [ 106.880664098669186, -6.331769727174645 ], [ 106.880645707576718, -6.331607173871577 ], [ 106.880539919500478, -6.330550068852273 ], [ 106.880518754980216, -6.330280671337051 ], [ 106.880473164323902, -6.329482567924988 ], [ 106.880465689834026, -6.329310785641266 ], [ 106.880443485965941, -6.328568559623148 ], [ 106.880367427007869, -6.327310598164952 ], [ 106.880365945021524, -6.327179759505644 ], [ 106.880357036504876, -6.327049216376973 ], [ 106.880357301050282, -6.327040397023472 ], [ 106.880356724834556, -6.327031592554129 ], [ 106.88034890738291, -6.326551765880473 ], [ 106.880304499787172, -6.324501131373042 ], [ 106.880304364369337, -6.324494728316885 ], [ 106.88029207152195, -6.323899226021391 ], [ 106.880291231163199, -6.323848775494794 ], [ 106.8802831388725, -6.323210173093065 ], [ 106.880282688719802, -6.323102793954948 ], [ 106.880290530630191, -6.321273656929248 ], [ 106.880251667626354, -6.319641767096008 ], [ 106.880227708634436, -6.319380316991843 ], [ 106.880134566311398, -6.31871524584026 ], [ 106.880037529028286, -6.318092437130374 ], [ 106.879971567732255, -6.317676042801704 ], [ 106.879808209411607, -6.316750034274573 ], [ 106.879803208868495, -6.316721301634026 ], [ 106.879737879696449, -6.316340739759399 ], [ 106.879657339653264, -6.31597080103841 ], [ 106.879511725417871, -6.315306110587104 ], [ 106.879493656313642, -6.315220825274491 ], [ 106.87932159524064, -6.314380204051762 ], [ 106.879261942677175, -6.314147476244877 ], [ 106.879246971684736, -6.314087867192839 ], [ 106.879243541070437, -6.314073921592517 ], [ 106.879210883585984, -6.314015258762408 ], [ 106.879139080163768, -6.313882581924146 ], [ 106.879074080709401, -6.31375898095262 ], [ 106.878955930762089, -6.313522447210387 ], [ 106.878904631349187, -6.313414146383705 ], [ 106.878794192679962, -6.313167521042851 ], [ 106.878756893243377, -6.313079220392076 ], [ 106.878636557938819, -6.312772285064617 ], [ 106.878604058607891, -6.312682584435996 ], [ 106.878441800781829, -6.312167011885376 ], [ 106.878415901651465, -6.312070511275143 ], [ 106.878311078648281, -6.311612757401994 ], [ 106.878144287542796, -6.310736152454981 ], [ 106.878122602640914, -6.31061587225187 ], [ 106.878015448911441, -6.309986809085174 ], [ 106.877858430728708, -6.309103584144146 ], [ 106.877676317433412, -6.308149953245986 ], [ 106.877601906650511, -6.307654737401331 ], [ 106.877587008157093, -6.307519336745472 ], [ 106.877552838192429, -6.307046644558731 ], [ 106.877545040854173, -6.306822243658303 ], [ 106.877570016709669, -6.305999126959578 ], [ 106.877582418349576, -6.305869526645849 ], [ 106.877693170346916, -6.305150662557991 ], [ 106.877734372822758, -6.304957662388696 ], [ 106.877807670850117, -6.304688963984592 ], [ 106.877756661940097, -6.304516384361214 ], [ 106.877648778065677, -6.303991579324921 ], [ 106.877618680019722, -6.303805578326395 ], [ 106.877610992430164, -6.303756868194133 ], [ 106.877593493940779, -6.303643119617821 ], [ 106.877570749652975, -6.303523125827762 ], [ 106.877532300892682, -6.303298201249553 ], [ 106.877520040199059, -6.303217777025973 ], [ 106.877232607845656, -6.301689783667624 ], [ 106.877193697759409, -6.30151733879405 ], [ 106.877186361723304, -6.301486851761164 ], [ 106.87703423832231, -6.301155264029117 ], [ 106.876918922563689, -6.300887842856933 ], [ 106.876148035335191, -6.298980629022028 ], [ 106.876086790549408, -6.298823084183652 ], [ 106.876012527039236, -6.298624229640604 ], [ 106.875732912165873, -6.297920702828589 ], [ 106.874900139813562, -6.295869253298974 ], [ 106.874842246133127, -6.295721339808406 ], [ 106.874638295057053, -6.295180363085494 ], [ 106.874456577992092, -6.294715519768745 ], [ 106.874411665183217, -6.294597153363746 ], [ 106.87404347252064, -6.29359674633476 ], [ 106.873987527273997, -6.293438281332296 ], [ 106.873859823805333, -6.293060669893665 ], [ 106.87354828065375, -6.292152435628267 ], [ 106.873537378370813, -6.292120373248018 ], [ 106.873308383714772, -6.291440968616114 ], [ 106.873295075202833, -6.291401045626676 ], [ 106.873159083859633, -6.290988532764482 ], [ 106.873070164517287, -6.290768661753296 ], [ 106.872976119807575, -6.290549401965289 ], [ 106.872821948061585, -6.290153850523262 ], [ 106.872690096355953, -6.289778867750234 ], [ 106.872565047192651, -6.289444973801488 ], [ 106.872551162251824, -6.289420468771566 ], [ 106.872317135647819, -6.289023093573045 ], [ 106.872271047662551, -6.288943520221495 ], [ 106.872150648410695, -6.28873211853284 ], [ 106.871919773031223, -6.288286543666302 ], [ 106.871810807440568, -6.288054131615497 ], [ 106.871388169318564, -6.287224234235273 ], [ 106.871216209948756, -6.28685809335573 ], [ 106.870953813715687, -6.286249588860596 ], [ 106.870934120912167, -6.286203418066846 ], [ 106.869278645874473, -6.282278989288721 ], [ 106.869227453212361, -6.282153920947348 ], [ 106.868699825343185, -6.280824578117313 ], [ 106.868266748490939, -6.279788348375696 ], [ 106.868196407104875, -6.279593719123447 ], [ 106.868119730673087, -6.279401500424663 ], [ 106.867877036154724, -6.278694095584324 ], [ 106.867810989737933, -6.278490427852756 ], [ 106.867622494899081, -6.277873823797778 ], [ 106.867505258671414, -6.277434468176551 ], [ 106.867137874017445, -6.275828158608672 ], [ 106.867126149697782, -6.275775879694719 ], [ 106.866983855963142, -6.275128575889961 ], [ 106.86696209058654, -6.275025480420868 ], [ 106.866912593012387, -6.274780979021822 ], [ 106.866836887902608, -6.274320282680526 ], [ 106.866802090891284, -6.274045581310006 ], [ 106.866754371356905, -6.273427136168668 ], [ 106.866748169757443, -6.273205829668147 ], [ 106.866700476126624, -6.272461931622122 ], [ 106.866692880954901, -6.272317737956809 ], [ 106.866660390201531, -6.271530034755611 ], [ 106.866660814429835, -6.271475873273442 ], [ 106.866656853833902, -6.271421855312317 ], [ 106.866644160081663, -6.270895953278425 ], [ 106.86664242526831, -6.270780321886309 ], [ 106.866639032214522, -6.270202419774674 ], [ 106.866644342573935, -6.269903294631193 ], [ 106.866670050228706, -6.269282292715194 ], [ 106.866696782644453, -6.268906896064614 ], [ 106.866761590715157, -6.268266194566813 ], [ 106.86682674515508, -6.267797637935856 ], [ 106.867078014786586, -6.266380850069304 ], [ 106.867069326621575, -6.266282682421733 ], [ 106.866966531926394, -6.265522659141666 ], [ 106.866933544292337, -6.265226427861736 ], [ 106.866898648789231, -6.264828026038261 ], [ 106.866884121146356, -6.263926389354753 ], [ 106.866913227679376, -6.263399087816967 ], [ 106.866915408558029, -6.263361598575932 ], [ 106.867110776019985, -6.260166675294719 ], [ 106.866750371794168, -6.259719795472487 ], [ 106.866701271818528, -6.259652294911074 ], [ 106.866311131997861, -6.259046166315019 ], [ 106.86622693253166, -6.258897365133395 ], [ 106.86600443770034, -6.258466439662489 ], [ 106.865815575851471, -6.258019729274769 ], [ 106.865747477130839, -6.257839728005061 ], [ 106.865579191014973, -6.257330781080897 ], [ 106.865454550786396, -6.256809408897671 ], [ 106.865424952305531, -6.256657408040027 ], [ 106.865342167167498, -6.256102027684106 ], [ 106.865308901471238, -6.25554149064027 ], [ 106.86530640346578, -6.255374190011654 ], [ 106.865351769465079, -6.254517114848904 ], [ 106.865376572048049, -6.254312614423415 ], [ 106.865473686147197, -6.253736059133931 ], [ 106.865623556610018, -6.253170932172882 ], [ 106.865683458982204, -6.252980932263525 ], [ 106.865819947751461, -6.252592523999106 ], [ 106.866466758524865, -6.250927077446774 ], [ 106.864925351010967, -6.250267374372547 ], [ 106.864743393895381, -6.250192363604404 ], [ 106.864571087266896, -6.250127848211805 ], [ 106.863811849655804, -6.249866370952194 ], [ 106.863724129605799, -6.249838379086055 ], [ 106.863695073573538, -6.249830198815982 ], [ 106.863416778080392, -6.249778422630784 ], [ 106.863342644573422, -6.249765889727058 ], [ 106.863173881102071, -6.249759766924881 ], [ 106.86296455971025, -6.249752514319611 ], [ 106.862865549600897, -6.249751951230127 ], [ 106.862477961443631, -6.249765179846968 ], [ 106.861959889434331, -6.249786143617365 ], [ 106.861410531474164, -6.249812810641555 ], [ 106.861377682962683, -6.249814319521581 ], [ 106.86098297835197, -6.249831421128396 ], [ 106.860870793356185, -6.249835284060046 ], [ 106.860228685759992, -6.249851686543039 ], [ 106.860146360426469, -6.249853252948821 ], [ 106.859818556515151, -6.249857354166596 ], [ 106.859341910788515, -6.249863178681363 ], [ 106.859273294003174, -6.24986364458557 ], [ 106.858904989578306, -6.249864145905043 ], [ 106.858816296526371, -6.24986364427343 ], [ 106.858492637158903, -6.249859542440212 ], [ 106.85823747940988, -6.249857563918183 ], [ 106.858165696216147, -6.249856599566784 ], [ 106.857804791829935, -6.249849700771175 ], [ 106.857796066097151, -6.249849527946482 ], [ 106.856942455715426, -6.249832030779944 ], [ 106.856895471228185, -6.249830892886614 ], [ 106.855501222470309, -6.249791937110836 ], [ 106.852326819884894, -6.249780190628837 ], [ 106.852180902074352, -6.249782875067302 ], [ 106.850456719372232, -6.249898756884037 ], [ 106.850359993913514, -6.249904513203514 ], [ 106.849977889477742, -6.249924314787477 ], [ 106.849800095514382, -6.249931020865004 ], [ 106.849106695533663, -6.249947405017145 ], [ 106.84885418315244, -6.249959870574537 ], [ 106.848503847646967, -6.249981068019048 ], [ 106.847383655204339, -6.250088908585221 ], [ 106.846984952845474, -6.250114605343843 ], [ 106.846520947382601, -6.250129807164282 ], [ 106.846331472723705, -6.250133172233386 ], [ 106.846041869247117, -6.250133973268531 ], [ 106.845687049817329, -6.250124988726265 ], [ 106.843135318303311, -6.249988596110848 ], [ 106.842781826155331, -6.249959735664132 ], [ 106.842568123467046, -6.249936236130583 ], [ 106.842083854246198, -6.249863904369311 ], [ 106.841848151251654, -6.249819304641753 ], [ 106.841189713689232, -6.24965771116945 ], [ 106.840991111206932, -6.249597511099869 ], [ 106.840839087592542, -6.249549327946789 ], [ 106.840648385230821, -6.249486227809883 ], [ 106.840273265831897, -6.249348811489834 ], [ 106.840065863346382, -6.249265311145749 ], [ 106.839853706653926, -6.249175369761021 ], [ 106.839336061165824, -6.248944702341582 ], [ 106.838902609385784, -6.248832778451347 ], [ 106.838797137429481, -6.248804570150423 ], [ 106.838506233769692, -6.248724070149113 ], [ 106.838446836714624, -6.248707320978828 ], [ 106.838234025980938, -6.248646188208387 ], [ 106.837450449888124, -6.248433549300116 ], [ 106.83690445132622, -6.248290013512982 ], [ 106.836836954622697, -6.248271869961351 ], [ 106.836153481003961, -6.248084089693648 ], [ 106.835354754285305, -6.247867328112578 ], [ 106.834662321342989, -6.247694016802697 ], [ 106.833503233912595, -6.247406040786058 ], [ 106.833415770020324, -6.247383645837721 ], [ 106.831935151355069, -6.246993246072841 ], [ 106.831788679861148, -6.246952735998755 ], [ 106.831576977208272, -6.246891435959562 ], [ 106.831351296113141, -6.246821491520818 ], [ 106.831160693755393, -6.246758491382264 ], [ 106.830880592171852, -6.246658541254303 ], [ 106.830663689550164, -6.246575340945531 ], [ 106.8303745250807, -6.246456135773093 ], [ 106.83013012222375, -6.24634823524196 ], [ 106.829728528392764, -6.246153725034815 ], [ 106.82948982578155, -6.246027524253736 ], [ 106.829356111346272, -6.2459547572919 ], [ 106.828888706377171, -6.245693055583539 ], [ 106.828776322124298, -6.245628610244718 ], [ 106.828578920081654, -6.245512709458295 ], [ 106.828317050536725, -6.245350250498356 ], [ 106.82806454811444, -6.245184949292023 ], [ 106.827926624810033, -6.245092044322276 ], [ 106.8274200272039, -6.244741030715684 ], [ 106.827325480175034, -6.244680367011366 ], [ 106.827011205971331, -6.244484890331581 ], [ 106.826646113893091, -6.244263582403184 ], [ 106.826047123557572, -6.243974463891813 ], [ 106.82580613847604, -6.243851723796078 ], [ 106.825566835878703, -6.243723322989218 ], [ 106.825405056639383, -6.243633444774377 ], [ 106.825189354381436, -6.243509443946439 ], [ 106.825115289961531, -6.243461883143484 ], [ 106.825038067347577, -6.243419650724766 ], [ 106.824646063402824, -6.243179549044155 ], [ 106.824544207662029, -6.243110065877026 ], [ 106.824438421630333, -6.243046735861575 ], [ 106.824309120410689, -6.242960435224748 ], [ 106.823893014350787, -6.242657532672093 ], [ 106.823788613530027, -6.242574832015062 ], [ 106.823427748963937, -6.242266240715916 ], [ 106.823091028718537, -6.241931435490752 ], [ 106.822996428348802, -6.24183003464211 ], [ 106.822456983650255, -6.241167217344551 ], [ 106.822383783738161, -6.241063716492559 ], [ 106.822065613264911, -6.240566116313111 ], [ 106.82200541362684, -6.240461515486169 ], [ 106.821621933047055, -6.239673613854864 ], [ 106.821572033874062, -6.239550012973991 ], [ 106.821371346692857, -6.238974563318837 ], [ 106.821337647663668, -6.238860562589021 ], [ 106.821149395507874, -6.238014464159063 ], [ 106.821127097058351, -6.237867363402247 ], [ 106.821073687129697, -6.237396960374642 ], [ 106.821055564190658, -6.236923878203646 ], [ 106.821055465496357, -6.236814977821608 ], [ 106.821085932972409, -6.236188720641583 ], [ 106.8210991346496, -6.236054620334174 ], [ 106.821163745375017, -6.23558181318897 ], [ 106.821263770678911, -6.235115221462187 ], [ 106.821296172284804, -6.234987721427965 ], [ 106.821477823659365, -6.234395814543936 ], [ 106.821520525099231, -6.234277614679088 ], [ 106.821749727333057, -6.233726076902482 ], [ 106.821799528536829, -6.233620577173786 ], [ 106.821922892823622, -6.233389351685757 ], [ 106.822042701575967, -6.233156261487238 ], [ 106.822107402742091, -6.233044261921311 ], [ 106.822259785300886, -6.232794036686109 ], [ 106.822501888968901, -6.232416438432398 ], [ 106.822551669749316, -6.232346592680575 ], [ 106.822596367776512, -6.232273385281999 ], [ 106.822687769020618, -6.2321389859634 ], [ 106.822938627587348, -6.231795527397394 ], [ 106.823064728868019, -6.231634528395452 ], [ 106.823327798862891, -6.23132018424991 ], [ 106.823484699996385, -6.231144585535741 ], [ 106.823692236322245, -6.230923236257062 ], [ 106.823909337463959, -6.230702538062308 ], [ 106.824193732665293, -6.230430862978141 ], [ 106.82428253292538, -6.230351163721766 ], [ 106.824513624448016, -6.230153574374281 ], [ 106.824627224592959, -6.230061075323051 ], [ 106.824803283412322, -6.229922827099027 ], [ 106.82494198343089, -6.229817828250354 ], [ 106.825286559632701, -6.229574614181979 ], [ 106.825393559433635, -6.229504315051964 ], [ 106.825583939832541, -6.229384032018907 ], [ 106.825709439475446, -6.229307833023231 ], [ 106.826124881643921, -6.229076506297649 ], [ 106.826388180391433, -6.228942608312903 ], [ 106.826642383711913, -6.22882039357531 ], [ 106.826838837373757, -6.228731282302288 ], [ 106.826685776364528, -6.226466384343458 ], [ 106.82666538129601, -6.226181477099271 ], [ 106.826663836551063, -6.226159354117927 ], [ 106.82659290506696, -6.225117253751788 ], [ 106.826458703625491, -6.22465629201233 ], [ 106.826430784433413, -6.22453929243011 ], [ 106.826395884278725, -6.224424184974875 ], [ 106.826085095671075, -6.223182877471745 ], [ 106.825958467259511, -6.222677036121995 ], [ 106.82583693608602, -6.222403091407894 ], [ 106.825791714380031, -6.222298633476321 ], [ 106.825648516524979, -6.221959531026176 ], [ 106.825451549277929, -6.221427840971121 ], [ 106.825179756136407, -6.220579335387605 ], [ 106.825117964025054, -6.22037458845842 ], [ 106.824953469056226, -6.21979428479932 ], [ 106.824864777939268, -6.219443499753419 ], [ 106.824666686454435, -6.218553794589141 ], [ 106.82464147856777, -6.218435239101429 ], [ 106.824551382945288, -6.217990636599862 ], [ 106.824512253080727, -6.21777915119153 ], [ 106.824463556076012, -6.217488449650902 ], [ 106.824449095525793, -6.217381140598977 ], [ 106.824271284044329, -6.217618295228009 ], [ 106.824000620762476, -6.217954733452876 ], [ 106.823634823676926, -6.218378936419573 ], [ 106.823428699216805, -6.218606561627594 ], [ 106.823089101228064, -6.218963764432196 ], [ 106.822738847799357, -6.21930476664666 ], [ 106.822226749328578, -6.219766170923978 ], [ 106.822031653632507, -6.219934875768712 ], [ 106.821073955138999, -6.220729483755445 ], [ 106.820948392720183, -6.220830985842242 ], [ 106.819982902603329, -6.22159129819248 ], [ 106.819223752751142, -6.222195933316372 ], [ 106.819120916458203, -6.222276120015582 ], [ 106.818439255267251, -6.222796435371557 ], [ 106.817443595101551, -6.223582024919498 ], [ 106.815688972293529, -6.224976324955295 ], [ 106.815655158358965, -6.225003007551984 ], [ 106.814386938534881, -6.225996769467814 ], [ 106.813669896617441, -6.226571046183613 ], [ 106.813578565084256, -6.226642826624445 ], [ 106.812525365489563, -6.227455035363367 ], [ 106.812087935288687, -6.22776375587877 ], [ 106.809687067412099, -6.22931022705723 ], [ 106.808471638107918, -6.230233549506808 ], [ 106.808338775887478, -6.230331770197029 ], [ 106.806902487286237, -6.231364829904155 ], [ 106.80662786492222, -6.231599222518557 ], [ 106.806268092810427, -6.23188438898491 ], [ 106.804809149636128, -6.232956937487244 ], [ 106.804808570413726, -6.233045024297359 ], [ 106.80480857787137, -6.233666760922096 ], [ 106.804808275949796, -6.233672912556238 ], [ 106.80480856607042, -6.23367906475904 ], [ 106.804805485233459, -6.235275359281635 ], [ 106.804805381426888, -6.235301404310604 ], [ 106.804797306191873, -6.236638045691564 ], [ 106.80479682851977, -6.237924886826709 ], [ 106.804796803823663, -6.237940380403703 ], [ 106.804794454166355, -6.238774524130061 ], [ 106.804796343780282, -6.239896266775584 ], [ 106.804798370654382, -6.241717188458924 ], [ 106.804777757866191, -6.242234857312672 ], [ 106.804751761866271, -6.242556256519058 ], [ 106.804640246443853, -6.243332598707173 ], [ 106.804564259355502, -6.243698747445644 ], [ 106.804564716360616, -6.243787381632359 ], [ 106.804564790134293, -6.24383152447416 ], [ 106.804563697410828, -6.244434104979248 ], [ 106.804562803389018, -6.244928686024831 ], [ 106.804547854754134, -6.245352283340637 ], [ 106.804512961039435, -6.245859082013652 ], [ 106.804417595341064, -6.246601031203504 ], [ 106.804359399238223, -6.246908730871747 ], [ 106.804349167428143, -6.24696159757172 ], [ 106.804210399828875, -6.247662606586904 ], [ 106.804193190828514, -6.247779932014082 ], [ 106.804070356483166, -6.24864356412959 ], [ 106.803902263889782, -6.249908990188371 ], [ 106.803870631907031, -6.250169830136915 ], [ 106.803867465137586, -6.250204542093559 ], [ 106.803813932852705, -6.251389074132035 ], [ 106.803810786430901, -6.251451799404276 ], [ 106.803683015056379, -6.253769292948152 ], [ 106.803677966757689, -6.25385120094519 ], [ 106.803605779910839, -6.254910598164984 ], [ 106.803592316182417, -6.255076150475026 ], [ 106.803468732550584, -6.256383347477744 ], [ 106.803458235556107, -6.256485528650868 ], [ 106.803350811384973, -6.257453913488766 ], [ 106.803295976948874, -6.257989682571457 ], [ 106.803255267380408, -6.258405540951473 ], [ 106.803044142201216, -6.260743776443836 ], [ 106.803039902208184, -6.26078892931293 ], [ 106.803003577780657, -6.261161425446338 ], [ 106.803049013440457, -6.261310165524248 ], [ 106.803280471174119, -6.262052486075225 ], [ 106.803376155575179, -6.26239244448351 ], [ 106.803467858950043, -6.262756942288386 ], [ 106.803569629283075, -6.263240458791165 ], [ 106.803603331339858, -6.263438657743017 ], [ 106.803673301492779, -6.264001814664018 ], [ 106.803689503830867, -6.264207013771154 ], [ 106.803707447064198, -6.264558473468049 ], [ 106.80371805248906, -6.265015071767734 ], [ 106.803718819473119, -6.265052980545223 ], [ 106.803724623489103, -6.26538967931482 ], [ 106.803723229790521, -6.265670781889034 ], [ 106.803713034380479, -6.266046180715321 ], [ 106.80370559828954, -6.266225898167241 ], [ 106.803661513043849, -6.267018642115944 ], [ 106.803635918010087, -6.267569534082598 ], [ 106.803647982895939, -6.267892113907365 ], [ 106.803746234424594, -6.269179701951352 ], [ 106.803771555337505, -6.269482951722924 ], [ 106.803773296893411, -6.269504241954663 ], [ 106.803787298885027, -6.269679041191704 ], [ 106.803793088822957, -6.269757430942626 ], [ 106.803903607640606, -6.271391724033121 ], [ 106.803906569695258, -6.271438045853856 ], [ 106.803968481595788, -6.272465341594332 ], [ 106.803973430828364, -6.272559009208416 ], [ 106.803989534982932, -6.27291360779734 ], [ 106.80399107219101, -6.272949730340557 ], [ 106.804023281737557, -6.273761127164496 ], [ 106.804024365215099, -6.273790093391336 ], [ 106.804055075539722, -6.274664690013636 ], [ 106.804058011948428, -6.274776418452762 ], [ 106.804083829618975, -6.276255613042224 ], [ 106.804083915099326, -6.276471652398293 ], [ 106.804080517583643, -6.276675551734932 ], [ 106.80405756613095, -6.277118926077517 ], [ 106.804042968234555, -6.277286725677256 ], [ 106.804008297134402, -6.277596661408409 ], [ 106.803971300560619, -6.277866960935997 ], [ 106.803900654368121, -6.278280590409398 ], [ 106.8038461577475, -6.278546290182006 ], [ 106.803763168711711, -6.278899244222863 ], [ 106.803668073230924, -6.27925734420283 ], [ 106.803647978445639, -6.279320374009259 ], [ 106.80363280697874, -6.279384768099018 ], [ 106.803425203776584, -6.280105522487304 ], [ 106.803301598669904, -6.280545365787615 ], [ 106.803211443564877, -6.280872966561104 ], [ 106.803171392868975, -6.280994796735941 ], [ 106.803138425477272, -6.281118733976289 ], [ 106.803063428397692, -6.281353634130716 ], [ 106.802927090952181, -6.281737563874375 ], [ 106.80285359321033, -6.281925164176401 ], [ 106.802720577990939, -6.282239464379428 ], [ 106.802465281084508, -6.282800100899935 ], [ 106.802455086382977, -6.282833839655726 ], [ 106.802376595966166, -6.283113354776322 ], [ 106.802293920758643, -6.284509584473438 ], [ 106.80228634000899, -6.284620963499597 ], [ 106.802237447961545, -6.285256561905804 ], [ 106.802210610952855, -6.285528550031723 ], [ 106.802127519678635, -6.286218048685018 ], [ 106.802119094218952, -6.286284962405659 ], [ 106.80204660121872, -6.286836961404592 ], [ 106.802006446455366, -6.287099840331178 ], [ 106.801900954163273, -6.287705039572347 ], [ 106.801852321060423, -6.287954371839841 ], [ 106.801711780566279, -6.288605142845069 ], [ 106.80171180510888, -6.288605723558015 ], [ 106.801717206034141, -6.288929117276992 ], [ 106.801713211528408, -6.28938101576659 ], [ 106.801698743008387, -6.289756520203924 ], [ 106.801669248400714, -6.290188419074978 ], [ 106.801650781024762, -6.290404394499101 ], [ 106.801536795016844, -6.291513492083459 ], [ 106.801521298266636, -6.291649753197996 ], [ 106.801493201122582, -6.291875052770707 ], [ 106.801352821529392, -6.292627192434644 ], [ 106.801301824116038, -6.292831192383308 ], [ 106.801071918142071, -6.293560483632464 ], [ 106.800988720772082, -6.293777683959764 ], [ 106.800650284094587, -6.294515689487286 ], [ 106.800540386303709, -6.294719690198551 ], [ 106.800277460556316, -6.295163444324989 ], [ 106.799979290055262, -6.295584299344767 ], [ 106.799842491487951, -6.295761600437131 ], [ 106.799463511263014, -6.296208391565785 ], [ 106.799313312208625, -6.2963696928191 ], [ 106.798902910020217, -6.296772120676457 ], [ 106.798457702586276, -6.297135623110792 ], [ 106.798287402543735, -6.2972622245298 ], [ 106.797899522920829, -6.29752875922856 ], [ 106.79771442246809, -6.297646060729198 ], [ 106.797262482214435, -6.297906975550482 ], [ 106.796790587883422, -6.298129733498688 ], [ 106.79658538655066, -6.298216434983134 ], [ 106.795924414189159, -6.298453385491617 ], [ 106.795704512290072, -6.298518686897724 ], [ 106.795196435051835, -6.298646912049918 ], [ 106.794679494224638, -6.298732621080508 ], [ 106.79440169116836, -6.29876692241961 ], [ 106.793549888357532, -6.298814099052659 ], [ 106.792411149283836, -6.298800208778569 ], [ 106.790516002714824, -6.298792122235012 ], [ 106.790485588444938, -6.298791919237627 ], [ 106.787360050378737, -6.298763529623745 ], [ 106.787290810539204, -6.298762521233496 ], [ 106.786387899480204, -6.298744424111222 ], [ 106.785735147182962, -6.298697459956766 ], [ 106.785305341731274, -6.298644060765355 ], [ 106.784756392346566, -6.298551155096082 ], [ 106.784241785791309, -6.298440555453911 ], [ 106.783783030043367, -6.298323833382448 ], [ 106.7831332218894, -6.298132333147076 ], [ 106.782967868358568, -6.298081132659965 ], [ 106.782190781504227, -6.297828805101399 ], [ 106.781467518155509, -6.297616411591386 ], [ 106.78069281775295, -6.297394248822402 ], [ 106.780565292726507, -6.29735622118286 ], [ 106.779798083148535, -6.297118620749134 ], [ 106.779657424691806, -6.297073251234235 ], [ 106.779090217678188, -6.296882950719848 ], [ 106.778921605725387, -6.296823716582558 ], [ 106.778562576357558, -6.296691858831516 ] ] ] } },
{ "type": "Feature", "properties": { "buffer_m": 1000 }, "geometry": { "type": "Polygon", "coordinates": [ [ [ 106.804426717423553, -6.288876183837196 ], [ 106.80442800237104, -6.288953101112629 ], [ 106.804424010210539, -6.289404998907829 ], [ 106.804403343726975, -6.289941433143909 ], [ 106.804373851432004, -6.290373331524908 ], [ 106.804347471104478, -6.290681867547104 ], [ 106.804233491131583, -6.291790964099402 ], [ 106.804211353949199, -6.291985622709624 ], [ 106.804183258040524, -6.292210922016316 ], [ 106.80398272164399, -6.293285406784494 ], [ 106.803931725294376, -6.29348940675657 ], [ 106.803603293798304, -6.294531251656161 ], [ 106.803520097485176, -6.294748452101161 ], [ 106.803036621797872, -6.295802746850033 ], [ 106.802926724887911, -6.296006747795571 ], [ 106.802551119515428, -6.296640683450161 ], [ 106.802125163957811, -6.297241906293828 ], [ 106.801988365955935, -6.297419207828288 ], [ 106.801446967632131, -6.298057482780009 ], [ 106.801296768938869, -6.298218784617207 ], [ 106.800710481200284, -6.2987936836157 ], [ 106.800074470973144, -6.299312975157131 ], [ 106.799904170924137, -6.299439577145138 ], [ 106.79935005681503, -6.299820342929634 ], [ 106.799164956194886, -6.299937645113435 ], [ 106.798519326213082, -6.300310382771732 ], [ 106.797845189877862, -6.300628610553754 ], [ 106.797639987943924, -6.300715312708221 ], [ 106.79669573869991, -6.301053816226112 ], [ 106.79647583597243, -6.301119118227645 ], [ 106.79575000842199, -6.30130229888062 ], [ 106.795011518244905, -6.301424741972451 ], [ 106.79473371386446, -6.30145904386786 ], [ 106.793516846564557, -6.301526441209696 ], [ 106.79238884808322, -6.301512683666434 ], [ 106.79050443891947, -6.301504645684178 ], [ 106.790460989689393, -6.30150435568601 ], [ 106.787335435355104, -6.301475970545104 ], [ 106.787236520707054, -6.301474530167012 ], [ 106.786333604914319, -6.301456434224627 ], [ 106.785401096648442, -6.301389343627476 ], [ 106.784971288830533, -6.301335944813709 ], [ 106.784187071207427, -6.301203222843643 ], [ 106.783672461807839, -6.301092623307702 ], [ 106.78301709291911, -6.30092587759953 ], [ 106.782367281264357, -6.300734377246093 ], [ 106.782131060639429, -6.300661233594525 ], [ 106.781390494384596, -6.300420765670011 ], [ 106.780712333283773, -6.300221617839926 ], [ 106.779945904221265, -6.300001828241538 ], [ 106.779763724679256, -6.299947502995654 ], [ 106.778996511015492, -6.299709902380432 ], [ 106.778795569211354, -6.299645088689312 ], [ 106.778327256402562, -6.2994879683259 ], [ 106.77779965172013, -6.299554413321756 ], [ 106.776913160718564, -6.299578394445398 ], [ 106.775445835065227, -6.29954600105634 ], [ 106.775243440460827, -6.29953156813629 ], [ 106.775040564491704, -6.299527940190631 ], [ 106.774872161447831, -6.299516640783763 ], [ 106.774577226928898, -6.299484059374689 ], [ 106.774561262866541, -6.299482920951895 ], [ 106.774550945888166, -6.29948115615281 ], [ 106.774099904232997, -6.299431329208164 ], [ 106.773337825206298, -6.299279957857176 ], [ 106.77318932247934, -6.299243757924128 ], [ 106.772085130303992, -6.298898325927361 ], [ 106.771960628188737, -6.298850425683979 ], [ 106.771692605655403, -6.298724372751315 ], [ 106.771628990871704, -6.298725702546759 ], [ 106.771265284532447, -6.298718404189212 ], [ 106.770976309686873, -6.298698380873147 ], [ 106.770838677493174, -6.298770813902086 ], [ 106.770017121812728, -6.299104910383206 ], [ 106.769166792668216, -6.299356823643267 ], [ 106.768295879727305, -6.299524127388296 ], [ 106.767412770502062, -6.299605210188732 ], [ 106.76652597031854, -6.299599291040923 ], [ 106.765644020087535, -6.299506426796771 ], [ 106.764775413685925, -6.299327511725823 ], [ 106.763928516935835, -6.299064268841564 ], [ 106.763111486376729, -6.29871923335934 ], [ 106.762332190632719, -6.298295728276512 ], [ 106.761598135279556, -6.297797832162079 ], [ 106.76091638986091, -6.297230340336186 ], [ 106.760293520212727, -6.296598718072567 ], [ 106.759735525021171, -6.295909048630892 ], [ 106.759247778053506, -6.295167974035051 ], [ 106.758834976524057, -6.294382631579921 ], [ 106.758501095951985, -6.293560584709621 ], [ 106.758249351337241, -6.292709750348128 ], [ 106.758082166914505, -6.291838322946096 ], [ 106.758001152404333, -6.290954694799525 ], [ 106.758007087579983, -6.290067375979996 ], [ 106.758099914871778, -6.28918491206947 ], [ 106.7582787398335, -6.288315801508674 ], [ 106.758541839838287, -6.287468414547796 ], [ 106.75888668063503, -6.286650911901554 ], [ 106.759309940776433, -6.285871166544966 ], [ 106.759807543823513, -6.285136687655204 ], [ 106.760374697157729, -6.284454548512058 ], [ 106.761005938664852, -6.28383131835217 ], [ 106.761695189124111, -6.283272998998022 ], [ 106.762214188658177, -6.282893205137811 ], [ 106.762785674508379, -6.28250759060561 ], [ 106.763384871535138, -6.282166684461253 ], [ 106.764416464547097, -6.281630795764795 ], [ 106.765252169528139, -6.281249300303603 ], [ 106.76557786625834, -6.281120203567743 ], [ 106.766421757552465, -6.28083302367783 ], [ 106.766646854754711, -6.280768625732374 ], [ 106.767155792596711, -6.280638906668906 ], [ 106.767209527190374, -6.280626862989643 ], [ 106.767387003469508, -6.280583205917928 ], [ 106.768399621265416, -6.280394600779785 ], [ 106.768727516092795, -6.280352703027476 ], [ 106.76978494509099, -6.280280288587435 ], [ 106.770467782901775, -6.280273692056698 ], [ 106.77068537952546, -6.280271090964636 ], [ 106.770772490717704, -6.280259224256433 ], [ 106.771533455935796, -6.280188199806354 ], [ 106.771844550714292, -6.280172401586914 ], [ 106.772485367139012, -6.280162629057775 ], [ 106.773443934035782, -6.280182033933371 ], [ 106.775110288494332, -6.280213947311995 ], [ 106.775467172033899, -6.280220800695352 ], [ 106.775589502207282, -6.280202439860517 ], [ 106.776298652571285, -6.280124495595642 ], [ 106.776585447820395, -6.280104397346772 ], [ 106.77712287474472, -6.280082791124265 ], [ 106.777363170637329, -6.28008029229807 ], [ 106.778285503965591, -6.280117881045186 ], [ 106.778549299207555, -6.280142181884298 ], [ 106.779641175345887, -6.280310626523477 ], [ 106.77984797157886, -6.280355626725259 ], [ 106.780374194733284, -6.280486799471135 ], [ 106.780706088785195, -6.280580199440196 ], [ 106.781911367000916, -6.281013727548397 ], [ 106.782238461542462, -6.281158326530533 ], [ 106.783000450778829, -6.281539087834728 ], [ 106.783723229258101, -6.281989942442531 ], [ 106.78385093215168, -6.282078225934271 ], [ 106.78434992717645, -6.282393808733529 ], [ 106.784362616615979, -6.282401454240822 ], [ 106.784424073559464, -6.282421620915104 ], [ 106.785011254919155, -6.282603222248756 ], [ 106.785697288145556, -6.282797474226959 ], [ 106.785784222717922, -6.28282256087149 ], [ 106.786618907754473, -6.283067960507657 ], [ 106.786842606204644, -6.283136889705609 ], [ 106.786946963789532, -6.283170532541071 ], [ 106.787021137557034, -6.281862972359868 ], [ 106.7870497874828, -6.281492588502551 ], [ 106.787076592439206, -6.281219187710008 ], [ 106.787213202295106, -6.280307332952521 ], [ 106.787273007705323, -6.280011832638734 ], [ 106.787436688714436, -6.279337311481125 ], [ 106.787651702310242, -6.278579411663228 ], [ 106.787702778440405, -6.278405992682273 ], [ 106.78778878341744, -6.278124392939281 ], [ 106.787889252195725, -6.277815411136192 ], [ 106.787986857162068, -6.277532611536033 ], [ 106.788222399008731, -6.276922600947687 ], [ 106.788281501396582, -6.27678460135768 ], [ 106.788352851570266, -6.276622412279855 ], [ 106.78848571878487, -6.276328238178229 ], [ 106.78860543130844, -6.275904283289878 ], [ 106.788617442353711, -6.275862137674721 ], [ 106.788667262223683, -6.275688916625308 ], [ 106.788657255405994, -6.27516007136012 ], [ 106.788625642744563, -6.27438803051321 ], [ 106.788622385629125, -6.274297365510865 ], [ 106.788598560067456, -6.273526453213681 ], [ 106.788588987748497, -6.273286776958455 ], [ 106.788538335039732, -6.272399872230769 ], [ 106.788433441227596, -6.270858481434665 ], [ 106.788425681462229, -6.270760610277052 ], [ 106.788400022104483, -6.270461829968194 ], [ 106.788396346386335, -6.270417766234341 ], [ 106.788280769567692, -6.268990157365864 ], [ 106.788254450357485, -6.268500132812564 ], [ 106.788238060763874, -6.267882629492726 ], [ 106.788234898761772, -6.267662985459658 ], [ 106.788234402485259, -6.267442984309763 ], [ 106.788244249918847, -6.267000073961662 ], [ 106.788278362729898, -6.266270371026709 ], [ 106.788280193350886, -6.266232880857977 ], [ 106.788302878809546, -6.265787259733552 ], [ 106.788299336362655, -6.265775706135405 ], [ 106.788041646902769, -6.264912198253491 ], [ 106.787936983397969, -6.264531316536766 ], [ 106.787868187056318, -6.264257714240988 ], [ 106.787662006611171, -6.263150012849887 ], [ 106.787625811239579, -6.262854110869709 ], [ 106.787563707164566, -6.262051279385505 ], [ 106.78755681070237, -6.261840378258152 ], [ 106.787557851933059, -6.261218688934544 ], [ 106.787569057329861, -6.260907887582381 ], [ 106.787603467839787, -6.260381027517985 ], [ 106.787702894028058, -6.259330934429316 ], [ 106.787917191498209, -6.256986041565816 ], [ 106.787958830240015, -6.256531819809609 ], [ 106.787966090932215, -6.256456117051216 ], [ 106.788024701421918, -6.255870915166115 ], [ 106.788028756013233, -6.255831311198149 ], [ 106.788131307155979, -6.254850904619265 ], [ 106.788250791116297, -6.253683046793705 ], [ 106.788312421703012, -6.25285115191651 ], [ 106.788427169303503, -6.25063494089384 ], [ 106.788494004349999, -6.249311744124316 ], [ 106.788521660099818, -6.248927116343275 ], [ 106.788546764915665, -6.248658215462152 ], [ 106.788562385576469, -6.248505001223145 ], [ 106.788605592574726, -6.248114200099663 ], [ 106.788631725656742, -6.247901026150918 ], [ 106.788807362669701, -6.246596688383829 ], [ 106.788923211198465, -6.245683977278623 ], [ 106.7889233985576, -6.245682155511519 ], [ 106.788956755120765, -6.245152635222921 ], [ 106.788959674085177, -6.24510805368076 ], [ 106.78896410542599, -6.245042841417124 ], [ 106.78897526974545, -6.244288652351219 ], [ 106.788984277650329, -6.243683216454784 ], [ 106.788988370116215, -6.243404661772222 ], [ 106.789019333121786, -6.242778001594639 ], [ 106.789038137045083, -6.242554800822923 ], [ 106.789154739594736, -6.241681607157492 ], [ 106.789190443118613, -6.241487006832606 ], [ 106.789366800235044, -6.240716920170658 ], [ 106.789387606414365, -6.240641390251661 ], [ 106.789384072609991, -6.239938569799182 ], [ 106.789384028257928, -6.239857464610189 ], [ 106.789388447613177, -6.238734759165554 ], [ 106.789388714203071, -6.238692317909996 ], [ 106.78939572269158, -6.237879994598024 ], [ 106.789396717189021, -6.236613370316248 ], [ 106.789396732574275, -6.236602347910142 ], [ 106.789399425909551, -6.235258395225824 ], [ 106.789397372562249, -6.233679641288639 ], [ 106.789397388505691, -6.233679306864812 ], [ 106.789397371742211, -6.233678972913711 ], [ 106.789396582732437, -6.233035469719131 ], [ 106.789397194398688, -6.233022690072841 ], [ 106.789396587540111, -6.233009911126724 ], [ 106.789397901604545, -6.232188107128865 ], [ 106.789420525860322, -6.231562956102267 ], [ 106.789452033676753, -6.231118354468865 ], [ 106.789554374986579, -6.230259307358277 ], [ 106.789633783466826, -6.22978650644165 ], [ 106.789793911519851, -6.229031729010345 ], [ 106.789906419418784, -6.228594228922711 ], [ 106.790107264723417, -6.227922344166877 ], [ 106.790256372356936, -6.227485944680431 ], [ 106.790394073680559, -6.227139477616821 ], [ 106.790526329937038, -6.226790892981076 ], [ 106.790698236496709, -6.226397194239136 ], [ 106.791033548765299, -6.225710027980725 ], [ 106.791196253396393, -6.225409529497713 ], [ 106.791463397276573, -6.224949050330511 ], [ 106.791679902287612, -6.224599952496014 ], [ 106.792093117074202, -6.22399054922121 ], [ 106.792273120021264, -6.223747051142523 ], [ 106.792783569400214, -6.223117640110899 ], [ 106.792959071249626, -6.222920042229169 ], [ 106.793591380831501, -6.222275979365046 ], [ 106.793817381912021, -6.222067682096073 ], [ 106.79398597284974, -6.221916163307312 ], [ 106.79470807542377, -6.221283371996408 ], [ 106.794932366298269, -6.221105500178385 ], [ 106.795150333633103, -6.220919919622614 ], [ 106.795658737671303, -6.220528414535142 ], [ 106.796874318265793, -6.219572872707532 ], [ 106.797039849449476, -6.219445816564042 ], [ 106.797472837499157, -6.219121345037196 ], [ 106.799010235772954, -6.217930118721986 ], [ 106.799173367093431, -6.217806648862934 ], [ 106.8006290665639, -6.216730565989138 ], [ 106.801131154570669, -6.216384978285633 ], [ 106.801915404673792, -6.215883301344387 ], [ 106.803365113052408, -6.214940911257838 ], [ 106.804046437343416, -6.214419371894773 ], [ 106.804731211412687, -6.213871453440208 ], [ 106.804926558788438, -6.21371948780226 ], [ 106.806112618525944, -6.212822620376915 ], [ 106.807815973814172, -6.211471857365474 ], [ 106.808802306985768, -6.21067719076448 ], [ 106.809411903923277, -6.210176326595653 ], [ 106.809568317763919, -6.210050694153839 ], [ 106.810365192217205, -6.209425064695961 ], [ 106.811208324416015, -6.208756908955786 ], [ 106.811219530105191, -6.208748043177091 ], [ 106.812024117847372, -6.208112498974796 ], [ 106.812053211849658, -6.208065371043525 ], [ 106.812410850799623, -6.207395448130417 ], [ 106.813014891318034, -6.206206965940342 ], [ 106.813060989544582, -6.206109035658865 ], [ 106.813098025075405, -6.205722640904671 ], [ 106.813118190541246, -6.205533259811381 ], [ 106.813195863036398, -6.204870168931556 ], [ 106.813240976986776, -6.204398910690214 ], [ 106.813265357496888, -6.204114564628056 ], [ 106.813299050421151, -6.203261758356888 ], [ 106.813339961732908, -6.202688527924871 ], [ 106.813411674087106, -6.201994825744681 ], [ 106.813430514128541, -6.201827767097423 ], [ 106.81353272911808, -6.200991264692555 ], [ 106.813613626433821, -6.200460531354453 ], [ 106.813790943895455, -6.199491229736356 ], [ 106.813827269037461, -6.199303847346484 ], [ 106.813879139977828, -6.199050599045257 ], [ 106.813978253540384, -6.198518131635965 ], [ 106.813987787674463, -6.198467706450671 ], [ 106.814050881634657, -6.198139117239443 ], [ 106.814055281366535, -6.198109336316351 ], [ 106.814040549030679, -6.197490287930826 ], [ 106.814003628937357, -6.196264106197681 ], [ 106.814005202956309, -6.19618104729016 ], [ 106.814000154980732, -6.196098126500047 ], [ 106.813996240163988, -6.195765053625107 ], [ 106.813994513466085, -6.195699642486031 ], [ 106.813954522827999, -6.194467508857765 ], [ 106.813952087025442, -6.194379150245229 ], [ 106.813933600737784, -6.193564045857082 ], [ 106.813931357988849, -6.193397758660518 ], [ 106.813925042515649, -6.191927835621962 ], [ 106.813915217587166, -6.191140013454559 ], [ 106.813947667299232, -6.19025329296145 ], [ 106.81406680593831, -6.189374025407184 ], [ 106.814271485726636, -6.188510678806982 ], [ 106.814559735045066, -6.187671567519748 ], [ 106.814928777427028, -6.186864772795543 ], [ 106.81537505850514, -6.186098064292526 ], [ 106.815894280016664, -6.185378825731558 ], [ 106.816481441315958, -6.184713983691681 ], [ 106.817130887402612, -6.184109940634883 ], [ 106.817836363832086, -6.183572513786173 ], [ 106.818591076425591, -6.183106878428764 ], [ 106.819387756873908, -6.182717518775079 ], [ 106.82021873305311, -6.182408184247027 ], [ 106.821076002254571, -6.182181853702794 ], [ 106.821951309042092, -6.182040706609587 ], [ 106.822677206984523, -6.181995914464047 ], [ 106.822782720810409, -6.181987723590086 ], [ 106.822803086663626, -6.181988146875451 ], [ 106.822836223855532, -6.181986102078839 ], [ 106.823008596929682, -6.181992418090243 ], [ 106.823669124583645, -6.182006145576215 ], [ 106.824549455622048, -6.18211143011823 ], [ 106.825415236490372, -6.182302563365937 ], [ 106.826258129567393, -6.182577704455029 ], [ 106.82707001785478, -6.182934203676028 ], [ 106.827843082740145, -6.183368627884455 ], [ 106.828569879529169, -6.183876793420979 ], [ 106.829243409030965, -6.184453806547571 ], [ 106.82985718510362, -6.185094110405291 ], [ 106.830405296625699, -6.185791538861415 ], [ 106.830882465243292, -6.186539375432909 ], [ 106.831284095282484, -6.187330418384327 ], [ 106.83160631889119, -6.188157049639104 ], [ 106.83184603243896, -6.189011308693807 ], [ 106.832000927146183, -6.189884968722669 ], [ 106.832069510965411, -6.190769616149105 ], [ 106.832092638383827, -6.191585934624836 ], [ 106.83210843421702, -6.192116221381128 ], [ 106.832140637518478, -6.193052985596833 ], [ 106.83214553411554, -6.193274076084385 ], [ 106.832152452166312, -6.193971120471963 ], [ 106.832171897009403, -6.19515098170043 ], [ 106.832175693226546, -6.195238894224876 ], [ 106.832174972703143, -6.195361153538477 ], [ 106.832182938295603, -6.195483156075552 ], [ 106.83218876759635, -6.195844095024248 ], [ 106.832210105882425, -6.197084081827065 ], [ 106.832213303532399, -6.197278153467438 ], [ 106.832693246847072, -6.197511244624856 ], [ 106.832812845056139, -6.197580243959119 ], [ 106.833411555403231, -6.197957663038224 ], [ 106.83397891681544, -6.198380814785298 ], [ 106.834078215756747, -6.198461113839289 ], [ 106.835042415171387, -6.199365122663467 ], [ 106.835126614728907, -6.199456521562145 ], [ 106.835632833939883, -6.200056311236697 ], [ 106.836085153641278, -6.200697788107536 ], [ 106.83617625405698, -6.200839686486757 ], [ 106.836292012825567, -6.201042057515246 ], [ 106.836369268231579, -6.201140835729629 ], [ 106.837038544188943, -6.202123440876254 ], [ 106.837146945010645, -6.202307538764058 ], [ 106.837483582605188, -6.202934420068102 ], [ 106.83768538568512, -6.203348515549193 ], [ 106.837783763900092, -6.203557096632945 ], [ 106.837949166845846, -6.20391969282868 ], [ 106.838074105680789, -6.204206628188211 ], [ 106.838201508525501, -6.204513625000866 ], [ 106.838343150860524, -6.204876852747281 ], [ 106.838445953827502, -6.205158250036078 ], [ 106.838523152877642, -6.205378323955991 ], [ 106.838623156244452, -6.205675621068683 ], [ 106.838739474457142, -6.206047774883158 ], [ 106.838804077218356, -6.20627127284201 ], [ 106.838906516154395, -6.206657434816967 ], [ 106.838965919357506, -6.20690313270317 ], [ 106.839015752903805, -6.207120994671106 ], [ 106.839082557199461, -6.207430592127258 ], [ 106.839142254930422, -6.207731988764937 ], [ 106.839206560041617, -6.208088286019994 ], [ 106.839253581887007, -6.208375103557525 ], [ 106.83929418597927, -6.208650401598495 ], [ 106.839344946345818, -6.209058655506851 ], [ 106.83939665438254, -6.209569052070553 ], [ 106.839416856070201, -6.209797223465134 ], [ 106.839457564776012, -6.210334320098858 ], [ 106.839467499124638, -6.210481246015851 ], [ 106.839483703626001, -6.210753844401358 ], [ 106.839499150878936, -6.211195890500099 ], [ 106.839504860085199, -6.211740287668703 ], [ 106.839503190772618, -6.212033187054415 ], [ 106.839490821665436, -6.212598288575125 ], [ 106.839706004911733, -6.215190967835041 ], [ 106.839737678274204, -6.21536215474675 ], [ 106.8398645581713, -6.215949383245043 ], [ 106.839890024613609, -6.216046621509702 ], [ 106.839973506283769, -6.216305279625575 ], [ 106.840173858150337, -6.216750371783275 ], [ 106.840258906247541, -6.216945407010725 ], [ 106.840335607888647, -6.217127105163141 ], [ 106.840728128485409, -6.218261847446623 ], [ 106.840787531231399, -6.218479345553899 ], [ 106.840813686488389, -6.21857726546312 ], [ 106.840843087875044, -6.21868986449183 ], [ 106.840865878588303, -6.218778997767549 ], [ 106.841029365052719, -6.219432204292739 ], [ 106.841237385980619, -6.220262951062628 ], [ 106.841511821484602, -6.221286400309292 ], [ 106.841595409209916, -6.221623922106395 ], [ 106.841646312233209, -6.221847820267281 ], [ 106.841670993113311, -6.221959648880765 ], [ 106.841711495762468, -6.22214884733675 ], [ 106.841829051878136, -6.222820848430549 ], [ 106.841854854758452, -6.223010147117643 ], [ 106.841912493071462, -6.223556491620636 ], [ 106.841928196465076, -6.223766190388443 ], [ 106.841930363810846, -6.223795783926014 ], [ 106.842021192020113, -6.225064527376936 ], [ 106.842044994991241, -6.225375484840972 ], [ 106.842050012553472, -6.225444499783396 ], [ 106.842237056838414, -6.228160783109451 ], [ 106.842238634390071, -6.228184133081793 ], [ 106.842275443415176, -6.228739629623303 ], [ 106.842290081667429, -6.229032313866903 ], [ 106.842301087156287, -6.22935801208031 ], [ 106.842267748236793, -6.230497375549521 ], [ 106.842249951646053, -6.230689674892919 ], [ 106.842203569401406, -6.231092335349105 ], [ 106.842177772818488, -6.231279334856985 ], [ 106.842117922600494, -6.231654746191234 ], [ 106.842085225900576, -6.231835345905325 ], [ 106.841909499762039, -6.232610151772638 ], [ 106.841854503300951, -6.232811251788605 ], [ 106.841770108407871, -6.233100793239227 ], [ 106.841619316256313, -6.23358776260944 ], [ 106.841792276079815, -6.233637560244337 ], [ 106.842704454611081, -6.23391367471137 ], [ 106.842774250854305, -6.233932699796479 ], [ 106.843403496425822, -6.234087396350122 ], [ 106.843920711853855, -6.234230979051887 ], [ 106.844126908194823, -6.234294878843599 ], [ 106.844631298807528, -6.234467665415927 ], [ 106.844827095432592, -6.234541265067744 ], [ 106.845119700480879, -6.234662289218233 ], [ 106.84629997270568, -6.234723721904358 ], [ 106.847146923363255, -6.234642288473739 ], [ 106.847379661020796, -6.234622944983238 ], [ 106.847883152802382, -6.23458764811476 ], [ 106.848182496327013, -6.234571651225457 ], [ 106.848557389988343, -6.234557853387017 ], [ 106.848674363232746, -6.23455430709832 ], [ 106.849319710887784, -6.234538926979854 ], [ 106.849518330446443, -6.234528801681787 ], [ 106.851260746709826, -6.234414550666462 ], [ 106.851565951616095, -6.234390338819463 ], [ 106.852335574546444, -6.234362232487586 ], [ 106.855652817432571, -6.234382649001708 ], [ 106.855790174210682, -6.234384538964408 ], [ 106.856525061446021, -6.234400242469639 ], [ 106.85665065587925, -6.234403800579341 ], [ 106.857351293632192, -6.234428529152515 ], [ 106.858107211003073, -6.234448675639649 ], [ 106.858315868472118, -6.234451252702921 ], [ 106.858955401268346, -6.23445654208055 ], [ 106.859219307758906, -6.234456167316308 ], [ 106.859886181153058, -6.234448846135227 ], [ 106.860305269101644, -6.234436622138683 ], [ 106.860776063807009, -6.234414723346959 ], [ 106.861162484001312, -6.234393674454886 ], [ 106.861309408592831, -6.234386870994033 ], [ 106.861930598192146, -6.234363174584387 ], [ 106.862008487538603, -6.234360539840734 ], [ 106.862509979098618, -6.234345742714409 ], [ 106.862882379143684, -6.23434243815596 ], [ 106.863146274589255, -6.234345539488221 ], [ 106.863375519084144, -6.234351145733319 ], [ 106.863723758856125, -6.234364088471165 ], [ 106.863965399761668, -6.234372551505714 ], [ 106.864039197065821, -6.234375438316935 ], [ 106.864120195653612, -6.234378938702901 ], [ 106.864259299406712, -6.234386025388596 ], [ 106.864339397988175, -6.234390725661017 ], [ 106.864495655743553, -6.234401255739262 ], [ 106.864570554418719, -6.234406956100453 ], [ 106.864646449719302, -6.234413054187767 ], [ 106.864732748181183, -6.234420354507751 ], [ 106.864789163979339, -6.234425305136536 ], [ 106.864870562488065, -6.234432705409528 ], [ 106.865027809894158, -6.234448390014982 ], [ 106.865107008515452, -6.234456990340829 ], [ 106.865346838827463, -6.234486285389671 ], [ 106.865457336765076, -6.234501285685337 ], [ 106.865706939017613, -6.234538729547471 ], [ 106.865863936117691, -6.234564529890844 ], [ 106.86602189976891, -6.234591931450741 ], [ 106.86615769724672, -6.234616731720488 ], [ 106.866232580715035, -6.234630734084602 ], [ 106.866473812480081, -6.234676895732441 ], [ 106.866731940912146, -6.234725774059625 ], [ 106.86699516391873, -6.234779685515165 ], [ 106.867251559208412, -6.234836185822718 ], [ 106.867571582588184, -6.234912847506157 ], [ 106.867818778143274, -6.234976847671936 ], [ 106.868300276829402, -6.235115875404281 ], [ 106.8685616721298, -6.235199275198836 ], [ 106.868757573801048, -6.235264254549628 ], [ 106.869665457721524, -6.235576953433236 ], [ 106.869891565354365, -6.235658210844265 ], [ 106.870240859319878, -6.23578901019306 ], [ 106.870515584854246, -6.235897037672968 ], [ 106.870833379422677, -6.236028036873176 ], [ 106.871099733618863, -6.236142869217867 ], [ 106.871635145385738, -6.236383966443412 ], [ 106.872683962895664, -6.236825227364919 ], [ 106.872957607152614, -6.236891579987812 ], [ 106.873526095606366, -6.237039487206521 ], [ 106.87405096147333, -6.23717550546 ], [ 106.874236722528721, -6.237222964290743 ], [ 106.874902050231142, -6.237420470311905 ], [ 106.875147345875561, -6.237503670048892 ], [ 106.875657322100196, -6.237700095546624 ], [ 106.875745926455679, -6.237720238916715 ], [ 106.875941853941768, -6.237772419640082 ], [ 106.87633000262467, -6.237886118054656 ], [ 106.876411601208645, -6.237912018002207 ], [ 106.876773218596313, -6.238035276237992 ], [ 106.876855217150421, -6.238065176161857 ], [ 106.877550556946844, -6.238352065255984 ], [ 106.87760169285616, -6.23837570090665 ], [ 106.878170418765762, -6.238247927427261 ], [ 106.87847861433697, -6.238192429874441 ], [ 106.879398688735208, -6.238075154332601 ], [ 106.879610485278761, -6.238059155692263 ], [ 106.880724784809928, -6.238043952536987 ], [ 106.881802865810414, -6.238095857180025 ], [ 106.881860255605346, -6.238098803270073 ], [ 106.88252189675984, -6.238134879319009 ], [ 106.882689143260677, -6.238011314159102 ], [ 106.883006368637453, -6.237787317601136 ], [ 106.883682254770889, -6.237331512464109 ], [ 106.88409923799864, -6.237046546726735 ], [ 106.884315213838704, -6.236903448281563 ], [ 106.884553013127999, -6.236750751090326 ], [ 106.884895650640075, -6.236541340532357 ], [ 106.885162749424282, -6.236386143538564 ], [ 106.886029159500552, -6.235943327391126 ], [ 106.886349456842893, -6.23580083073349 ], [ 106.886894497250537, -6.235579321543604 ], [ 106.887137894677949, -6.235489523942173 ], [ 106.887591005075862, -6.235335865544068 ], [ 106.88782370232795, -6.235263767703401 ], [ 106.888052467604567, -6.235196186400256 ], [ 106.88828866464803, -6.235129788578263 ], [ 106.888689319513972, -6.235027000184989 ], [ 106.888984215578645, -6.234958502699272 ], [ 106.889521226731844, -6.234850820363468 ], [ 106.889929720700934, -6.234781723515686 ], [ 106.890471756294531, -6.234706853532322 ], [ 106.891356542397858, -6.234611859638244 ], [ 106.892186028043056, -6.234561266453333 ], [ 106.892777118047604, -6.234552469647803 ], [ 106.893810624222681, -6.234596353231494 ], [ 106.894320215143992, -6.234647354939915 ], [ 106.894953134403011, -6.234733405711435 ], [ 106.895443325442585, -6.234817806779101 ], [ 106.896427921464593, -6.235044697155158 ], [ 106.897040210432067, -6.235222397080598 ], [ 106.897619405129689, -6.235411902848115 ], [ 106.898298893175934, -6.235659901838599 ], [ 106.898955944457697, -6.2359294359433 ], [ 106.899614233535004, -6.236230233815116 ], [ 106.900549210904487, -6.236725596908633 ], [ 106.9013949984287, -6.237239291896069 ], [ 106.902021244259913, -6.237656300461844 ], [ 106.902741535073247, -6.238180494725851 ], [ 106.903692172460836, -6.238977655423174 ], [ 106.904083169196568, -6.239354150950989 ], [ 106.904415738636629, -6.23969162599971 ], [ 106.905043734890981, -6.240363217967063 ], [ 106.905756145488255, -6.241226542522906 ], [ 106.906834046191918, -6.242711224827502 ], [ 106.907349353398814, -6.243505348849132 ], [ 106.90775055672573, -6.244200840903951 ], [ 106.90776620564219, -6.24422807771642 ], [ 106.908642104698345, -6.245758711955074 ], [ 106.908874008459676, -6.246152968138963 ], [ 106.908897588297464, -6.246186967839387 ], [ 106.908933370226322, -6.246234646782714 ], [ 106.909017942521075, -6.246311755225215 ], [ 106.909019711374881, -6.246313239084033 ], [ 106.909026715921812, -6.246317569854703 ], [ 106.909055690244656, -6.246328221776333 ], [ 106.909564915053281, -6.246463364396446 ], [ 106.910301496444902, -6.246692943356476 ], [ 106.910710989241096, -6.246840042765135 ], [ 106.910784395694563, -6.246866771061592 ], [ 106.911529882608164, -6.247141869881411 ], [ 106.911684432445824, -6.247198921177132 ], [ 106.912150103150381, -6.247385676530602 ], [ 106.912517896915233, -6.247545175485797 ], [ 106.913018282431409, -6.247762318333437 ], [ 106.913372455983975, -6.247915888249872 ], [ 106.913514180674625, -6.247977397229952 ], [ 106.913732865582546, -6.248072275579358 ], [ 106.913933292541998, -6.248156766195071 ], [ 106.914122577709847, -6.248236539387721 ], [ 106.914551840569942, -6.248417372991262 ], [ 106.914982763080076, -6.24859899004564 ], [ 106.915780788157477, -6.248935288326076 ], [ 106.915824174248058, -6.248946088087204 ], [ 106.916419159932801, -6.249075623489122 ], [ 106.91648639569415, -6.249081277314196 ], [ 106.918111485366452, -6.249133995231487 ], [ 106.9200527995485, -6.249076830316223 ], [ 106.920141784882048, -6.249074648750635 ], [ 106.920542025048505, -6.249066810317833 ], [ 106.92192217853993, -6.24899665655795 ], [ 106.924288149515647, -6.248848575581327 ], [ 106.924408527371469, -6.24884184768514 ], [ 106.926357748009735, -6.248745952196905 ], [ 106.927322156853236, -6.248682399321956 ], [ 106.927466216501756, -6.24867406159033 ], [ 106.936451703019287, -6.248225939396743 ], [ 106.93798981322945, -6.248148373131534 ], [ 106.939598027500921, -6.24806835020044 ], [ 106.941567573728278, -6.247748149900346 ], [ 106.942198820213719, -6.247668236897042 ], [ 106.942508915162335, -6.247640039055043 ], [ 106.943288739389402, -6.247603018459166 ], [ 106.943598534063057, -6.247601720079488 ], [ 106.943827051377198, -6.247603654411404 ], [ 106.944054347417477, -6.247608455485868 ], [ 106.94464069515918, -6.247639938807536 ], [ 106.946280254498376, -6.247781559670658 ], [ 106.948131354369579, -6.247701195749765 ], [ 106.948742487190074, -6.247667369784088 ], [ 106.948785268115415, -6.247667105662836 ], [ 106.948827858284403, -6.247663049686478 ], [ 106.948839730524838, -6.247663088780971 ], [ 106.948851553214638, -6.247661994215093 ], [ 106.951364765873222, -6.247553351148376 ], [ 106.951691341327674, -6.24753025822254 ], [ 106.952754545494727, -6.247365541774226 ], [ 106.953351399932004, -6.247293328264692 ], [ 106.953709794193216, -6.247262030738638 ], [ 106.954072679666055, -6.247237693919522 ], [ 106.954597401479333, -6.247213107066881 ], [ 106.956031973778593, -6.246919729958144 ], [ 106.957170354524337, -6.246658561650327 ], [ 106.957689332262561, -6.246555402994248 ], [ 106.957973628051491, -6.246507505254571 ], [ 106.958868718035674, -6.246402314903931 ], [ 106.959193312780172, -6.246380517062944 ], [ 106.959345754529508, -6.24637157410288 ], [ 106.959542397246395, -6.246361706004386 ], [ 106.959856522912645, -6.246237791549054 ], [ 106.961328289526335, -6.245658654014483 ], [ 106.963148963282862, -6.244608483594212 ], [ 106.964978798929153, -6.243388229366708 ], [ 106.965266641411816, -6.243204044735738 ], [ 106.965953139047272, -6.242782852829851 ], [ 106.966330711500476, -6.242563577322274 ], [ 106.966986408061487, -6.242203684789796 ], [ 106.96727183301951, -6.242053589906353 ], [ 106.967803129518359, -6.24178619580397 ], [ 106.96813780591259, -6.241626284025393 ], [ 106.968728301131748, -6.241358890431008 ], [ 106.969129941772991, -6.24118858187774 ], [ 106.969906034360363, -6.240881389987247 ], [ 106.970479136415776, -6.240676599851779 ], [ 106.971369126232474, -6.240392008463607 ], [ 106.971810116024841, -6.240263261925244 ], [ 106.972557806608933, -6.240065468772952 ], [ 106.973026732529959, -6.239954716934913 ], [ 106.973674223552834, -6.239819922407129 ], [ 106.974127343073064, -6.239737588754273 ], [ 106.97484383233639, -6.239626194381981 ], [ 106.975335330438654, -6.239563538072383 ], [ 106.976169917191143, -6.239480343934277 ], [ 106.976782263730769, -6.239440260862427 ], [ 106.977295155040963, -6.239424163875587 ], [ 106.977644459121734, -6.239419962424836 ], [ 106.97891613721275, -6.239429269084258 ], [ 106.979170426049393, -6.239434712601549 ], [ 106.979849314147643, -6.239458815920526 ], [ 106.980139234266815, -6.239473779264714 ], [ 106.980418229283202, -6.239492680442901 ], [ 106.980931710645919, -6.239542238701878 ], [ 106.981248204918629, -6.239581939756144 ], [ 106.981565135485127, -6.239627416836183 ], [ 106.982170824380603, -6.239725318407427 ], [ 106.982869407064484, -6.239866731777441 ], [ 106.983440596638957, -6.240006032319838 ], [ 106.984027582242774, -6.240170361874006 ], [ 106.984978265128717, -6.240471461511013 ], [ 106.985360792472292, -6.240602104728546 ], [ 106.986197677666595, -6.240909003529707 ], [ 106.986731355657881, -6.241124238344455 ], [ 106.989088415490869, -6.242163331790312 ], [ 106.989754837671171, -6.242490460280232 ], [ 106.991013732336484, -6.243173994011498 ], [ 106.9940297600251, -6.244621503295384 ], [ 106.997479096621944, -6.245960941584051 ], [ 107.000112177502587, -6.246862481415892 ], [ 107.000221084589143, -6.24690054870721 ], [ 107.000372181860385, -6.246954448544224 ], [ 107.000531325659878, -6.247012908379163 ], [ 107.000663104827495, -6.24706272489259 ], [ 107.007556393110917, -6.249529893060163 ], [ 107.010241959076751, -6.250485931786493 ], [ 107.010410376876592, -6.250547778285872 ], [ 107.011411748915393, -6.250926831604991 ], [ 107.012987393295234, -6.251460141719046 ], [ 107.013078102461364, -6.251491381956422 ], [ 107.020946661630603, -6.254248074009962 ], [ 107.020947035889051, -6.254248226171864 ], [ 107.020947423194144, -6.254248340855052 ], [ 107.021017621942377, -6.254272940796962 ], [ 107.021038593825011, -6.25428031897217 ], [ 107.022777562720165, -6.254894517159553 ], [ 107.022797124330765, -6.254901451537252 ], [ 107.02307069044592, -6.254998781135479 ], [ 107.023926614286921, -6.25529899479537 ], [ 107.023926703146628, -6.255299030977361 ], [ 107.023926795315006, -6.255299058286736 ], [ 107.024615636747995, -6.255540683251123 ], [ 107.024802163177824, -6.255576439245178 ], [ 107.025250955695924, -6.255489277631114 ], [ 107.0261336939936, -6.255406420579502 ], [ 107.027020297130264, -6.255410542073509 ], [ 107.027902227099347, -6.255501602410263 ], [ 107.02877099084273, -6.255678724426226 ], [ 107.029618222207048, -6.255940202316387 ], [ 107.029770864417472, -6.255995655556391 ], [ 107.030611926511241, -6.256300756974937 ], [ 107.030612739229397, -6.256301097829416 ], [ 107.030613580815242, -6.256301357296827 ], [ 107.03098247424029, -6.256435256825319 ], [ 107.030982474330628, -6.256435256824969 ], [ 107.031875439193342, -6.256759294798321 ], [ 107.032260092264664, -6.25693060046189 ], [ 107.032260697320083, -6.256929035445311 ], [ 107.032432795015055, -6.256995661071805 ], [ 107.032633593910617, -6.257073288559831 ], [ 107.032634956507664, -6.257073893800003 ], [ 107.03263637088827, -6.257074362687671 ], [ 107.032849864908911, -6.257156978738659 ], [ 107.034026944988767, -6.257593900186002 ], [ 107.034842078207049, -6.257942899275314 ], [ 107.035619101952577, -6.258370166159663 ], [ 107.035835553429777, -6.258518550852071 ], [ 107.036369143407867, -6.258694366314248 ], [ 107.037180042779724, -6.259053106098595 ], [ 107.037951899006671, -6.259489651254873 ], [ 107.038677279042616, -6.259999797841534 ], [ 107.039349197213056, -6.26057863290046 ], [ 107.039961182875899, -6.261220582282779 ], [ 107.040507342414685, -6.261919463738432 ], [ 107.040982416022715, -6.262668546895151 ], [ 107.041381828366582, -6.263460618051726 ], [ 107.041701732856609, -6.264288049334822 ], [ 107.041939048259778, -6.265142872405929 ], [ 107.042091489003511, -6.266016854995454 ], [ 107.042104167709169, -6.266186562049323 ], [ 107.042105890315, -6.266196723287205 ], [ 107.042119996805809, -6.266398437759772 ], [ 107.042157586460092, -6.266901580456298 ], [ 107.042156981122275, -6.26692728971707 ], [ 107.042167783323492, -6.267081753225836 ], [ 107.042142686455421, -6.267968591942497 ], [ 107.042030840966135, -6.268848698799248 ], [ 107.041833323612892, -6.269713598022914 ], [ 107.041552036062058, -6.270554960197988 ], [ 107.041490764118819, -6.270691881561576 ], [ 107.041441881496439, -6.270839844025246 ], [ 107.041082416300767, -6.2716508525658 ], [ 107.040645238805908, -6.272422699750657 ], [ 107.040134558902494, -6.273147952256313 ], [ 107.039555294379056, -6.273819625355448 ], [ 107.038913023763811, -6.274431250098956 ], [ 107.038213932189009, -6.274976936187445 ], [ 107.037464752435909, -6.275451427991998 ], [ 107.036672699541654, -6.275850155719208 ], [ 107.03584540148772, -6.276169279178471 ], [ 107.034990825791397, -6.276405724604159 ], [ 107.034117202905264, -6.27655721489 ], [ 107.033232946686326, -6.276622290702833 ], [ 107.032346573301609, -6.276600325272671 ], [ 107.031466619463203, -6.276491529962092 ], [ 107.030778823815695, -6.276371955311292 ], [ 107.03060836382933, -6.27635969948579 ], [ 107.030523962276689, -6.276349099772792 ], [ 107.029606363691428, -6.27618537522213 ], [ 107.028710505702421, -6.275927924593323 ], [ 107.028636704305356, -6.275902524505783 ], [ 107.028228782532423, -6.275751044252122 ], [ 107.02811159513476, -6.275704284698835 ], [ 107.027989419649998, -6.275657766922976 ], [ 107.027962473724699, -6.275647458075269 ], [ 107.027727467835604, -6.275557119836273 ], [ 107.026755457029907, -6.275191887791775 ], [ 107.026632140801695, -6.275152883848314 ], [ 107.026240304315536, -6.275037031438154 ], [ 107.026106224750194, -6.274996254803174 ], [ 107.025460808435867, -6.274794483929179 ], [ 107.024735060461268, -6.274575926227102 ], [ 107.023885156657897, -6.274331177400114 ], [ 107.023270371008053, -6.274120941083535 ], [ 107.022611103033086, -6.273993845883283 ], [ 107.021761101622971, -6.273741418713687 ], [ 107.019422447088047, -6.272919952414381 ], [ 107.019422446273865, -6.272919952146284 ], [ 107.018673032780626, -6.272656751398286 ], [ 107.018673008800306, -6.272656741636323 ], [ 107.018672985372859, -6.272656734674852 ], [ 107.01755686536832, -6.272264733547321 ], [ 107.017556757773406, -6.272264689662162 ], [ 107.017556645521026, -6.272264656372595 ], [ 107.016822025518522, -6.272006621662261 ], [ 107.015408669189711, -6.27152747606635 ], [ 107.01530464723082, -6.271491502799249 ], [ 107.007152595356615, -6.268616511327159 ], [ 107.005494580960899, -6.26805919286953 ], [ 107.005173263747295, -6.26794438540462 ], [ 107.00408634896074, -6.267532710652406 ], [ 106.991361182903361, -6.262985808761931 ], [ 106.991237640144092, -6.262940645714796 ], [ 106.987251269703918, -6.261450339670003 ], [ 106.986461604756514, -6.261111475734951 ], [ 106.982926346101792, -6.259390862872625 ], [ 106.982602578848045, -6.259225138825002 ], [ 106.981432881574946, -6.258596377557209 ], [ 106.979691509592286, -6.257815096976165 ], [ 106.979336997478683, -6.257686910760962 ], [ 106.978927817647062, -6.257558355005029 ], [ 106.978664712470149, -6.257549088022745 ], [ 106.977714655366157, -6.257542622209179 ], [ 106.977339525458305, -6.257579987785583 ], [ 106.977083049158168, -6.257617015493091 ], [ 106.976925930322992, -6.257649698963925 ], [ 106.976650560482, -6.257721372713528 ], [ 106.976307453682736, -6.257832408540156 ], [ 106.975997954657274, -6.257955979738656 ], [ 106.975737508764269, -6.258073800249257 ], [ 106.975555339687801, -6.258163813812247 ], [ 106.97526052546668, -6.258328675694279 ], [ 106.974873655571258, -6.25856573644816 ], [ 106.972928531367387, -6.259858273475962 ], [ 106.972461897963115, -6.26014829157084 ], [ 106.970106287436181, -6.261514818913743 ], [ 106.969468248669273, -6.26185164254913 ], [ 106.968915344644145, -6.262115848625713 ], [ 106.96832141969044, -6.262373927036816 ], [ 106.966493804035579, -6.26309133225219 ], [ 106.965841680436981, -6.263349876502907 ], [ 106.965670885690685, -6.263415596124402 ], [ 106.965055379504022, -6.263645302400836 ], [ 106.964547072787965, -6.263817971090012 ], [ 106.964281469653656, -6.263899473611722 ], [ 106.963744346180746, -6.264046336054665 ], [ 106.963464142489514, -6.264113738555974 ], [ 106.962767183755048, -6.264252627694082 ], [ 106.962521980098984, -6.264291529621629 ], [ 106.962004535698142, -6.26435836049353 ], [ 106.961688130701447, -6.264389962675017 ], [ 106.961241174501239, -6.264423424257355 ], [ 106.960656634339415, -6.264452618874554 ], [ 106.959997326609468, -6.2646068925542 ], [ 106.959733603763013, -6.264664458266605 ], [ 106.957841777196094, -6.265047874141384 ], [ 106.957328199991139, -6.265136612708237 ], [ 106.956945494155349, -6.265191415623256 ], [ 106.956341907277206, -6.265257226175102 ], [ 106.956070302911186, -6.265277627943382 ], [ 106.955868540937814, -6.265290513586224 ], [ 106.955212033186683, -6.265325066343007 ], [ 106.954054738004714, -6.265503297701487 ], [ 106.953222601612381, -6.265592212335385 ], [ 106.952396388083116, -6.265641917512706 ], [ 106.952287391413492, -6.265647813740216 ], [ 106.950153155841335, -6.265750326813738 ], [ 106.950148850979588, -6.265750321936969 ], [ 106.950144566644866, -6.265750735224303 ], [ 106.948585140685779, -6.265824144780225 ], [ 106.948555738738591, -6.265824083602862 ], [ 106.948526454396273, -6.265826716051157 ], [ 106.946671823355857, -6.265901927187662 ], [ 106.946294586574865, -6.265909334831275 ], [ 106.945978881154375, -6.265908936442169 ], [ 106.945381780087573, -6.265888416573042 ], [ 106.945140475775247, -6.265872117549721 ], [ 106.944988669842715, -6.265860577261742 ], [ 106.943721995594174, -6.265753535721621 ], [ 106.942128472935579, -6.266011093917945 ], [ 106.941785263506162, -6.266059825357254 ], [ 106.941452058328466, -6.266100627732983 ], [ 106.940791401923249, -6.266157000850972 ], [ 106.938879270108075, -6.266249612484195 ], [ 106.938864672508998, -6.26625030765489 ], [ 106.937339611623486, -6.266321693201573 ], [ 106.928391331160896, -6.266771215804698 ], [ 106.927369814375339, -6.266827749278372 ], [ 106.927348462763547, -6.266828905563145 ], [ 106.925380774673201, -6.266933123795337 ], [ 106.922998241127743, -6.267088282968935 ], [ 106.922909238430833, -6.267093637752845 ], [ 106.921943722462473, -6.267146943715836 ], [ 106.921780077796413, -6.26715449010354 ], [ 106.920045848647788, -6.267218700292245 ], [ 106.919954636337991, -6.267221615759817 ], [ 106.918385809797641, -6.267263824724027 ], [ 106.917825851866837, -6.267261520056469 ], [ 106.916120144377956, -6.267201573761658 ], [ 106.915705391073686, -6.267193658828844 ], [ 106.915139088103857, -6.267165044470714 ], [ 106.914534777279854, -6.26711544677826 ], [ 106.91381571490389, -6.267027271663888 ], [ 106.913577910616425, -6.266988372190134 ], [ 106.913448478729507, -6.266966232585157 ], [ 106.913095072234313, -6.266903133250614 ], [ 106.912700469555702, -6.266823564160198 ], [ 106.911854954050483, -6.26663336508487 ], [ 106.911547157515869, -6.266558430506159 ], [ 106.910870745237801, -6.266381130844563 ], [ 106.910327983689797, -6.266220525110699 ], [ 106.90976217353662, -6.266033624586533 ], [ 106.909130551623321, -6.265798500658716 ], [ 106.904483397661465, -6.263868207070896 ], [ 106.90403850658808, -6.263751416025413 ], [ 106.903223799111018, -6.263495807469055 ], [ 106.902330783416033, -6.263168506105407 ], [ 106.901522087295433, -6.262826657737961 ], [ 106.901025279192169, -6.262587555951299 ], [ 106.900470165160286, -6.262296249813526 ], [ 106.900010058119065, -6.262034047381627 ], [ 106.899860509593864, -6.261946915280761 ], [ 106.899524004602966, -6.261746513333626 ], [ 106.899092242446685, -6.261472538170837 ], [ 106.898803938582702, -6.261277936041572 ], [ 106.898472881290544, -6.261043488313024 ], [ 106.897956874835643, -6.260660384087481 ], [ 106.897517525846638, -6.260312551543482 ], [ 106.89722882284336, -6.260069048700309 ], [ 106.896975522405967, -6.25984719913322 ], [ 106.896597318958683, -6.259503295070941 ], [ 106.896279916507481, -6.259200278259017 ], [ 106.895960514155433, -6.258880174485601 ], [ 106.895592569179826, -6.2584888229153 ], [ 106.895291867714519, -6.258149318790649 ], [ 106.895081761330673, -6.25790337067307 ], [ 106.894858760708857, -6.257632667459703 ], [ 106.894709972923664, -6.257447131786479 ], [ 106.894422572559208, -6.257078927419253 ], [ 106.894082802439058, -6.25661380698314 ], [ 106.893777003195467, -6.256165901675186 ], [ 106.893458009550741, -6.255663983276368 ], [ 106.89301811279276, -6.254918774705265 ], [ 106.892949787494089, -6.254801011505865 ], [ 106.892196971153851, -6.253480677435673 ], [ 106.891982866246394, -6.253626182408514 ], [ 106.891398764633379, -6.254002389232556 ], [ 106.891065434912221, -6.25420700838765 ], [ 106.890421731929919, -6.254583215751666 ], [ 106.8893231373916, -6.25512881720203 ], [ 106.888904133560843, -6.255302521604263 ], [ 106.888145462917848, -6.255577996467651 ], [ 106.887734958111764, -6.255706600436415 ], [ 106.887118264542153, -6.255876067048156 ], [ 106.886639458075919, -6.255989571145838 ], [ 106.885924833159791, -6.256128812769137 ], [ 106.885415325571003, -6.256206916670368 ], [ 106.884553092776443, -6.256296987284451 ], [ 106.884264387927573, -6.256313189018075 ], [ 106.88364153233114, -6.256326616022526 ], [ 106.883278826079675, -6.25632191780177 ], [ 106.882914437041109, -6.256309836248779 ], [ 106.882250715703464, -6.256274403067896 ], [ 106.882226825699632, -6.256290145830316 ], [ 106.882176265160084, -6.256318132787413 ], [ 106.882313325604017, -6.257031012805921 ], [ 106.882369638619494, -6.257355693836267 ], [ 106.88242814426242, -6.257733790924653 ], [ 106.882530815238724, -6.258857380982849 ], [ 106.882544523360139, -6.259334378298971 ], [ 106.882547096226361, -6.259739205389223 ], [ 106.882541702077631, -6.260075903815728 ], [ 106.882525766341573, -6.260486913899848 ], [ 106.882305640805512, -6.264062511113481 ], [ 106.882353160589034, -6.264440928979128 ], [ 106.882358427544091, -6.264483695684192 ], [ 106.882431837068069, -6.265091691381717 ], [ 106.882497031536744, -6.266149579524943 ], [ 106.882498640993958, -6.266696976656723 ], [ 106.882442437195024, -6.267730809914402 ], [ 106.882401143855489, -6.268099408701158 ], [ 106.882308698770814, -6.268725666153445 ], [ 106.882050104019953, -6.270134342418586 ], [ 106.882049852063119, -6.270137202677038 ], [ 106.882040884169953, -6.270348222179533 ], [ 106.882041448888756, -6.270593462368208 ], [ 106.882053380662754, -6.271004134531688 ], [ 106.882070723202602, -6.271591114196977 ], [ 106.882118450323276, -6.27225071316226 ], [ 106.882156453723354, -6.2724205489795 ], [ 106.882410212594209, -6.273536883449547 ], [ 106.882642766131184, -6.274241519994746 ], [ 106.88296428636545, -6.275040727048444 ], [ 106.883486789620946, -6.276330628324875 ], [ 106.885126028210735, -6.280185701157356 ], [ 106.885166656963136, -6.280282814012579 ], [ 106.885281186390685, -6.280561105695481 ], [ 106.885589602088572, -6.281170410410794 ], [ 106.885683652419502, -6.281364353666492 ], [ 106.885864592299058, -6.281673881269214 ], [ 106.885884021459759, -6.28170728162863 ], [ 106.886108323299354, -6.282094777127747 ], [ 106.886566287992835, -6.282999400384261 ], [ 106.886638589432778, -6.283164598601039 ], [ 106.886681611655121, -6.283264530243215 ], [ 106.886779713777727, -6.283496227829434 ], [ 106.886940922442179, -6.283904260498129 ], [ 106.88712288215838, -6.284399648348059 ], [ 106.8872689828533, -6.284775688827346 ], [ 106.88727601927873, -6.284793857446017 ], [ 106.887560726677009, -6.285531349972459 ], [ 106.887685362967588, -6.285874678540306 ], [ 106.887897508073038, -6.286498021408042 ], [ 106.888127075162473, -6.287171700830171 ], [ 106.888438105143976, -6.288082229505518 ], [ 106.8884864830829, -6.288227882011247 ], [ 106.88854211513889, -6.288400248939683 ], [ 106.888842044027484, -6.289192132370024 ], [ 106.888880601066333, -6.289295842527955 ], [ 106.889053900657728, -6.289770855661825 ], [ 106.889216452773979, -6.290205827465138 ], [ 106.890008647499783, -6.292174093901862 ], [ 106.890012975930389, -6.292184868048534 ], [ 106.890331483646605, -6.292979159859192 ], [ 106.890387871197618, -6.293123338247248 ], [ 106.890448997393477, -6.293283664465005 ], [ 106.891102438599475, -6.294885218948461 ], [ 106.891344246448696, -6.295403364060732 ], [ 106.891790110249431, -6.296559466785801 ], [ 106.891936615930149, -6.297033862286356 ], [ 106.892070118367613, -6.297512386173272 ], [ 106.892161223171428, -6.297877382875912 ], [ 106.892212841446224, -6.298095666123224 ], [ 106.892286346007594, -6.298424663329769 ], [ 106.892353423873914, -6.298753436613524 ], [ 106.892511569434632, -6.299609311842579 ], [ 106.89281133941175, -6.300201869229836 ], [ 106.892868340392269, -6.300327167901979 ], [ 106.893213328738184, -6.301204062521358 ], [ 106.893266530489655, -6.301363160929774 ], [ 106.893487983033552, -6.30213882560112 ], [ 106.893639456366543, -6.302931152933348 ], [ 106.893661658763634, -6.30308395174293 ], [ 106.893746028772995, -6.303967174034051 ], [ 106.893743473953947, -6.30485441771147 ], [ 106.893730878282824, -6.305096716695864 ], [ 106.89362562130168, -6.306080112230312 ], [ 106.893413643262548, -6.307046120947231 ], [ 106.893368546211335, -6.30720862090188 ], [ 106.893236934312327, -6.307589056109936 ], [ 106.893238058394999, -6.307595645531706 ], [ 106.89338241419145, -6.307900137828102 ], [ 106.89342491510159, -6.307997136812115 ], [ 106.893549092612773, -6.308294881344527 ], [ 106.893591493644408, -6.308401880225384 ], [ 106.893902039269335, -6.309328986653792 ], [ 106.894128249734493, -6.310149079226719 ], [ 106.894161031992425, -6.31027125262476 ], [ 106.894273637637014, -6.310702948713629 ], [ 106.894371187659488, -6.3111164561052 ], [ 106.89465920164308, -6.312479844350658 ], [ 106.89481985813039, -6.313228048129091 ], [ 106.894881228585859, -6.313540566312272 ], [ 106.895147350566432, -6.315034354441557 ], [ 106.89516918308604, -6.315162204753483 ], [ 106.895247090277124, -6.315639001133549 ], [ 106.895269633233724, -6.315784384359263 ], [ 106.895368243573941, -6.316456379372268 ], [ 106.895385335968527, -6.316578661879197 ], [ 106.895502249706553, -6.317458855517952 ], [ 106.895543021016422, -6.317821798657228 ], [ 106.895600931273265, -6.318451694528605 ], [ 106.895636954779732, -6.31909126687302 ], [ 106.895677187800828, -6.321020456215527 ], [ 106.895678913660731, -6.321143066348263 ], [ 106.895692840311284, -6.323051340758441 ], [ 106.895699289551942, -6.32366378440619 ], [ 106.895706172899111, -6.324201767788113 ], [ 106.895753274309968, -6.326241042301893 ], [ 106.895761460517832, -6.326587509756573 ], [ 106.895825285132574, -6.327805655677674 ], [ 106.89583477350655, -6.328049816772565 ], [ 106.895850011473343, -6.328651129818951 ], [ 106.895891980056092, -6.32917395732365 ], [ 106.895963539884761, -6.329999062258736 ], [ 106.896003335849599, -6.330305566523976 ], [ 106.896856708813743, -6.335524337213126 ], [ 106.896902497219742, -6.335683081431169 ], [ 106.897017251008833, -6.336077113748678 ], [ 106.897108459269589, -6.336414437318033 ], [ 106.897207664613475, -6.336811633869114 ], [ 106.897317980673009, -6.337313560611057 ], [ 106.897537900244458, -6.338469939656296 ], [ 106.897921332245431, -6.340484811751161 ], [ 106.89793174326725, -6.340540467691608 ], [ 106.898148165267372, -6.341717798343582 ], [ 106.898652385695158, -6.344394462035099 ], [ 106.898729742691529, -6.344674045078935 ], [ 106.899409003490319, -6.347131498694805 ], [ 106.899428149712961, -6.347201869583621 ], [ 106.899600035527968, -6.347843830946534 ], [ 106.89991506378712, -6.349000102754156 ], [ 106.900408425091243, -6.350695740123705 ], [ 106.900937542116665, -6.35251611091661 ], [ 106.900966593066883, -6.352618291890328 ], [ 106.90112220017501, -6.353178086776238 ], [ 106.901211364887203, -6.353525394064842 ], [ 106.90143127766315, -6.354458385970646 ], [ 106.901505590486508, -6.354803727658155 ], [ 106.901586096491656, -6.355216924241925 ], [ 106.901621418605785, -6.355409268894093 ], [ 106.902123061984028, -6.35831754590621 ], [ 106.90242098923008, -6.36004610010579 ], [ 106.902475356812843, -6.360404240938861 ], [ 106.90269338544158, -6.362063784280117 ], [ 106.902909387787631, -6.363667856898261 ], [ 106.902935499483036, -6.363736866415074 ], [ 106.903145593815466, -6.364359591938282 ], [ 106.903223297056385, -6.364620889474764 ], [ 106.903395098122274, -6.365291580825765 ], [ 106.903443401210424, -6.365515478984634 ], [ 106.903518545166293, -6.365905054385091 ], [ 106.903609753220493, -6.366440850149096 ], [ 106.903616251884614, -6.366479532691207 ], [ 106.903919379451935, -6.368308118422599 ], [ 106.903952569015331, -6.368524532851611 ], [ 106.904122609859513, -6.369730528087882 ], [ 106.904174742508076, -6.370072859389956 ], [ 106.904306462454898, -6.370823020278877 ], [ 106.904452158495303, -6.371586432305973 ], [ 106.904464761025267, -6.371653853591312 ], [ 106.904573073419996, -6.372245720072145 ], [ 106.904695025344949, -6.372898970352709 ], [ 106.904811549817921, -6.373523818359294 ], [ 106.904893500220524, -6.373962878827253 ], [ 106.904936913728918, -6.374215225275139 ], [ 106.904977217651023, -6.374471123307751 ], [ 106.905027833369942, -6.37484237406308 ], [ 106.905057337441633, -6.37509827226872 ], [ 106.90510497684734, -6.375670702714646 ], [ 106.905118381230167, -6.375931901069637 ], [ 106.905129565312748, -6.376282689924926 ], [ 106.905137576504984, -6.37692508643671 ], [ 106.905105113627798, -6.377811755318156 ], [ 106.904985935461411, -6.378690971357474 ], [ 106.904781189379648, -6.379554267378563 ], [ 106.904492846732225, -6.380393329342233 ], [ 106.90412368391371, -6.381200076611531 ], [ 106.903677255830402, -6.381966739715912 ], [ 106.903157861581562, -6.382685935072657 ], [ 106.902570502715065, -6.383350736392574 ], [ 106.901920835857226, -6.383954740955014 ], [ 106.901215117460396, -6.384492131664262 ], [ 106.900460144004882, -6.384957732975821 ], [ 106.899663186298653, -6.38534706051655 ], [ 106.898831919773954, -6.385656364752621 ], [ 106.897974350050021, -6.385882666537527 ], [ 106.897098736570243, -6.386023786247457 ], [ 106.896213512138559, -6.386078364702856 ], [ 106.89609929669308, -6.386074178086996 ], [ 106.896052725117968, -6.38607646721202 ], [ 106.895732675422138, -6.386060739324228 ], [ 106.895327202423431, -6.386045876132485 ], [ 106.895268696610785, -6.386037938179142 ], [ 106.895166888767221, -6.386032934981728 ], [ 106.894473971943128, -6.385930110459783 ], [ 106.894448343623083, -6.385926633185668 ], [ 106.894444681903948, -6.385925763956886 ], [ 106.894289582948701, -6.385902748091051 ], [ 106.89342925722957, -6.385687160149381 ], [ 106.892594197445959, -6.385388247382207 ], [ 106.891792445985786, -6.385008888581845 ], [ 106.891031724755564, -6.384552737270289 ], [ 106.890319360019959, -6.384024186438682 ], [ 106.88966221255194, -6.383428326574438 ], [ 106.889066611374957, -6.382770896439985 ], [ 106.888538292275641, -6.382058227503335 ], [ 106.888082343533227, -6.38129718345843 ], [ 106.887703155879649, -6.380495093942712 ], [ 106.887404381033136, -6.379659683611693 ], [ 106.887188896009278, -6.378798998299128 ], [ 106.887058775735412, -6.377921326988471 ], [ 106.887015273074269, -6.377035122401732 ], [ 106.88701527547623, -6.376895440998751 ], [ 106.886926729997242, -6.376412033777809 ], [ 106.886926711503961, -6.376411894698705 ], [ 106.886926679554577, -6.37641175829088 ], [ 106.886886467704883, -6.376192186009667 ], [ 106.886766894113464, -6.375549004335756 ], [ 106.886765579582416, -6.375539307748125 ], [ 106.88676334186232, -6.375529781442872 ], [ 106.886657450253352, -6.374953260841976 ], [ 106.886505220089461, -6.37416935178414 ], [ 106.886491532971078, -6.374097310506598 ], [ 106.886322646362629, -6.373188303221768 ], [ 106.886262635808492, -6.37282406435999 ], [ 106.886190143609369, -6.372320160600884 ], [ 106.886181493935666, -6.372258531905225 ], [ 106.886029945014641, -6.371151076889737 ], [ 106.885765083249879, -6.369553173435547 ], [ 106.885737579761482, -6.369480916371291 ], [ 106.885659696248268, -6.369268334843421 ], [ 106.885584598587357, -6.369055132720912 ], [ 106.885349880796497, -6.368279487448432 ], [ 106.885288184009056, -6.368036885280517 ], [ 106.88513132804691, -6.36728919078381 ], [ 106.885085732199741, -6.367014588665631 ], [ 106.885045665471921, -6.366748925179361 ], [ 106.884737201000689, -6.36447510853004 ], [ 106.88472979694474, -6.364419223223467 ], [ 106.884537352200923, -6.362931040916009 ], [ 106.884272433487212, -6.361399028647713 ], [ 106.884270823727391, -6.361389690146201 ], [ 106.883794611146428, -6.358618442014095 ], [ 106.883760664995478, -6.358450755200368 ], [ 106.883613185966738, -6.35781502656944 ], [ 106.883576298383261, -6.35767931403139 ], [ 106.883328843151162, -6.356946672403259 ], [ 106.883102551776815, -6.356161274625517 ], [ 106.882949865562978, -6.355524464945381 ], [ 106.882500184711731, -6.35395553584391 ], [ 106.882488930100351, -6.353915928336406 ], [ 106.882132246215789, -6.352649716729704 ], [ 106.882073086470143, -6.352429060986285 ], [ 106.881932857302843, -6.351878314045844 ], [ 106.881274733821087, -6.349524813289785 ], [ 106.881255554685183, -6.349455155066142 ], [ 106.881105261789031, -6.348900649969072 ], [ 106.880983503503757, -6.34839405856697 ], [ 106.880921907621769, -6.348100856121698 ], [ 106.880883398545933, -6.347907051128649 ], [ 106.880346940452014, -6.345043928031169 ], [ 106.880123248911147, -6.343847529954791 ], [ 106.879749048836871, -6.341875370647571 ], [ 106.879569273687366, -6.340954237188182 ], [ 106.879535682832227, -6.340844298085846 ], [ 106.879501380197325, -6.340729304959554 ], [ 106.879377985463037, -6.340305400984082 ], [ 106.879254280113784, -6.339833323869673 ], [ 106.879184584180649, -6.339534721256635 ], [ 106.879086357017584, -6.339055737929305 ], [ 106.879027361881484, -6.338722535315624 ], [ 106.879007661647648, -6.338606906527315 ], [ 106.878103844775538, -6.333085963884616 ], [ 106.878056246748301, -6.332757521914846 ], [ 106.877974456937366, -6.332109617266201 ], [ 106.877948184980298, -6.33187739786257 ], [ 106.877842402088305, -6.330820290671806 ], [ 106.877812168903759, -6.330435436333526 ], [ 106.877766582238792, -6.32963733141007 ], [ 106.877755905676509, -6.329391927709683 ], [ 106.877734942270706, -6.328691047936559 ], [ 106.877661385904133, -6.327474374737784 ], [ 106.877659269763427, -6.327287461121716 ], [ 106.877646544298742, -6.327100971471467 ], [ 106.877646922264645, -6.327088372758287 ], [ 106.877646099148535, -6.327075794570869 ], [ 106.87763840262906, -6.326603242176729 ], [ 106.877594163094045, -6.324559878679149 ], [ 106.87759396967779, -6.324550731429509 ], [ 106.877581679931765, -6.323955228174882 ], [ 106.87758047983354, -6.323883155864079 ], [ 106.877572390825819, -6.323244552414204 ], [ 106.877571748540461, -6.323091153399053 ], [ 106.877579436298177, -6.321300143623192 ], [ 106.877543672694969, -6.31979807311169 ], [ 106.877534000165326, -6.319692516918913 ], [ 106.877452752668603, -6.319112358759525 ], [ 106.877359470421482, -6.318513632149751 ], [ 106.877297768190019, -6.318124111935666 ], [ 106.877138541709229, -6.317221499936898 ], [ 106.877131398237609, -6.317180453230421 ], [ 106.877076255638201, -6.316859222392057 ], [ 106.877008897606444, -6.316549824733851 ], [ 106.876863662970578, -6.315886852678172 ], [ 106.876837850523088, -6.315765016264538 ], [ 106.876692640747407, -6.31505556356033 ], [ 106.876674991975705, -6.31502200287278 ], [ 106.876506207042141, -6.31468409639817 ], [ 106.876454907843495, -6.314575795179703 ], [ 106.876297139216561, -6.314223472202587 ], [ 106.876259840052825, -6.314135171241283 ], [ 106.876087933798587, -6.313696690828561 ], [ 106.876055434736926, -6.313606989910434 ], [ 106.875823640405272, -6.312870455641417 ], [ 106.875797741713029, -6.312773954776788 ], [ 106.875647997194577, -6.312120018985877 ], [ 106.875481209922029, -6.311243411871469 ], [ 106.875450232274417, -6.311071582627613 ], [ 106.875344726793756, -6.310452178199976 ], [ 106.875192457591623, -6.309595642750356 ], [ 106.875013595435604, -6.308659013024061 ], [ 106.874907297617185, -6.307951560311981 ], [ 106.874892399707051, -6.307816159304044 ], [ 106.874843588830302, -6.307140883493026 ], [ 106.874835792622832, -6.306916482260724 ], [ 106.874871478635399, -6.305740599626627 ], [ 106.874883880942832, -6.305610999117169 ], [ 106.875026392602521, -6.304686022979049 ], [ 106.874972754640467, -6.304425092591048 ], [ 106.874942657414195, -6.304239091160958 ], [ 106.874931675457745, -6.30416950508755 ], [ 106.874921334074187, -6.304102278971325 ], [ 106.874907355831596, -6.304028531037737 ], [ 106.874852430446438, -6.303707209442262 ], [ 106.874847257353466, -6.30367327519089 ], [ 106.874597518062586, -6.302345625308021 ], [ 106.874570546672857, -6.30228683440952 ], [ 106.874405810934192, -6.301904802978262 ], [ 106.873634929150072, -6.299997583162439 ], [ 106.873547437230769, -6.299772518464179 ], [ 106.873483089122061, -6.299600212211562 ], [ 106.873217610356988, -6.298932245754592 ], [ 106.872388578380864, -6.296889989392775 ], [ 106.872305873744907, -6.296678683745571 ], [ 106.872107729157861, -6.296153102822363 ], [ 106.871932004658362, -6.29570358401394 ], [ 106.871867844003859, -6.295534488638382 ], [ 106.871499654521372, -6.294534078604332 ], [ 106.871419733431182, -6.294307699319122 ], [ 106.871293914184477, -6.293935654442175 ], [ 106.870984281048109, -6.293032977004478 ], [ 106.870968706473718, -6.292987173495853 ], [ 106.870739714147277, -6.292307766884141 ], [ 106.870720702148986, -6.292250733845961 ], [ 106.870612699314293, -6.291923116289615 ], [ 106.870567913459027, -6.291812373096546 ], [ 106.870485035098412, -6.291619145114614 ], [ 106.870264791376968, -6.29105406991584 ], [ 106.870142045832324, -6.290704980434674 ], [ 106.870108617450086, -6.290615722275337 ], [ 106.869981669884751, -6.290400165125661 ], [ 106.869915830107885, -6.290286488506758 ], [ 106.86979543111984, -6.29007508607804 ], [ 106.869465610425763, -6.289438548396859 ], [ 106.869375430730173, -6.289246203068898 ], [ 106.868972875951428, -6.28845573580206 ], [ 106.868727221011525, -6.287932675768957 ], [ 106.868464826389058, -6.287324169319246 ], [ 106.868436693916792, -6.287258210801607 ], [ 106.866781229609941, -6.283333769684623 ], [ 106.86670809773041, -6.283155100078486 ], [ 106.866189500548046, -6.281848496268843 ], [ 106.865765861980165, -6.280834839797503 ], [ 106.865665375007623, -6.280556796790236 ], [ 106.865555838215755, -6.280282198172575 ], [ 106.865313146045708, -6.279574791234017 ], [ 106.865218795058581, -6.279283836530756 ], [ 106.865030302474864, -6.278667230756729 ], [ 106.864862824507497, -6.278039578109744 ], [ 106.864495446436067, -6.276433264492103 ], [ 106.864478697751267, -6.276358580137167 ], [ 106.864336406669324, -6.275711274669804 ], [ 106.864305313918379, -6.275563995079779 ], [ 106.864255817350255, -6.275319493128691 ], [ 106.86414767019248, -6.274661353935737 ], [ 106.864112874394593, -6.274386651986075 ], [ 106.864044708033148, -6.27350315727567 ], [ 106.864039876296715, -6.273330705396134 ], [ 106.86399531315071, -6.272635579914354 ], [ 106.863984463948071, -6.272429588555736 ], [ 106.86395197716881, -6.271641884005239 ], [ 106.86395258361928, -6.271564510076163 ], [ 106.863946926018158, -6.271487341701938 ], [ 106.86393423487597, -6.270961438751213 ], [ 106.863931757500055, -6.270796250834731 ], [ 106.86392836736772, -6.270218347795851 ], [ 106.863935955881928, -6.269791025595838 ], [ 106.863961666798318, -6.269170022796104 ], [ 106.863999858825593, -6.268633741286476 ], [ 106.864064670314974, -6.267993039125536 ], [ 106.864157751705264, -6.267323671946928 ], [ 106.864337581794032, -6.266309727923544 ], [ 106.864280332744087, -6.265886434791338 ], [ 106.864233209556929, -6.265463246403947 ], [ 106.864198315947959, -6.26506484381536 ], [ 106.864177568779169, -6.263776789310604 ], [ 106.864206678071156, -6.263249487092192 ], [ 106.864209793894986, -6.263195931012883 ], [ 106.864344573493298, -6.260992008261085 ], [ 106.863952350717668, -6.260382640027728 ], [ 106.863868151473014, -6.260233838322828 ], [ 106.863550302908706, -6.259618228465671 ], [ 106.863280501980583, -6.258980068782348 ], [ 106.863212403839057, -6.258800066952291 ], [ 106.86297199753291, -6.258072997852238 ], [ 106.862793943086047, -6.25732817852072 ], [ 106.862764345299865, -6.257176177294877 ], [ 106.862646084362538, -6.256382775048518 ], [ 106.862598565896121, -6.255582006391076 ], [ 106.862596068776924, -6.255414705481072 ], [ 106.862660883769905, -6.254190310801253 ], [ 106.862685687466723, -6.253985810248606 ], [ 106.86282442644098, -6.253162159311652 ], [ 106.863008491648259, -6.252468105933105 ], [ 106.86290994841049, -6.252464691712039 ], [ 106.862904064123668, -6.252464658230584 ], [ 106.862578924985385, -6.252475755897361 ], [ 106.862080322455355, -6.252495932604741 ], [ 106.861541868365052, -6.252522071138073 ], [ 106.861494941658293, -6.25252422676868 ], [ 106.861100235067582, -6.252541329140686 ], [ 106.860939970055412, -6.252546847818133 ], [ 106.860297859194958, -6.252563251381498 ], [ 106.860180250947451, -6.252565489280587 ], [ 106.859852445398531, -6.25256959105387 ], [ 106.859375008559766, -6.252575426113506 ], [ 106.859276984082271, -6.252576091816605 ], [ 106.85890867778528, -6.252576593717616 ], [ 106.858781972731592, -6.252575877237098 ], [ 106.858464973782148, -6.252571860298399 ], [ 106.858216477083019, -6.252569933860904 ], [ 106.858113929206368, -6.252568556306191 ], [ 106.857753022915674, -6.252561658017044 ], [ 106.857740557486835, -6.252561411214675 ], [ 106.856886942655137, -6.252543915215364 ], [ 106.856819821583414, -6.252542289807437 ], [ 106.855458381075735, -6.252504252765591 ], [ 106.852346721375056, -6.252492743215483 ], [ 106.852296711822575, -6.252493663330011 ], [ 106.850638366136451, -6.252605122698661 ], [ 106.8505001862748, -6.252613346259678 ], [ 106.850118079889114, -6.25263314847896 ], [ 106.849864087229506, -6.252642729038455 ], [ 106.849205487903902, -6.252658291935776 ], [ 106.849002771030527, -6.252668299524791 ], [ 106.84871550707517, -6.252685681242275 ], [ 106.847643232876507, -6.252788910331499 ], [ 106.847073655249275, -6.252825620980965 ], [ 106.846609647524744, -6.252840823580875 ], [ 106.846338968031375, -6.252845631264545 ], [ 106.846049363011488, -6.252846432765543 ], [ 106.845542475516353, -6.252833598433911 ], [ 106.842990730430671, -6.252697208950537 ], [ 106.842485739022379, -6.252655980263013 ], [ 106.842272035163248, -6.252632480949591 ], [ 106.84158021818719, -6.252529150360554 ], [ 106.841344513940129, -6.252484550755123 ], [ 106.8404038837607, -6.252253703106703 ], [ 106.8402052802425, -6.252193503012771 ], [ 106.839988102489571, -6.252124669878538 ], [ 106.839797399084873, -6.252061569682901 ], [ 106.839261511395534, -6.251865260421495 ], [ 106.839054107836404, -6.251781759875659 ], [ 106.838751025302386, -6.25165327191649 ], [ 106.838439893845234, -6.251514629444894 ], [ 106.838225336659647, -6.251459227779611 ], [ 106.838074661621391, -6.251418930236235 ], [ 106.837783756403738, -6.251338430218617 ], [ 106.837698902993367, -6.251314502818596 ], [ 106.837505288057443, -6.251258884557323 ], [ 106.836751336967794, -6.251054286187858 ], [ 106.836215710672207, -6.250913477912888 ], [ 106.836119286294817, -6.250887558518598 ], [ 106.835439895447323, -6.250700901041505 ], [ 106.834671072151338, -6.250492255891887 ], [ 106.834006856531161, -6.250326008155754 ], [ 106.832850057858877, -6.250038602574095 ], [ 106.832725108776785, -6.25000660977377 ], [ 106.831244482128938, -6.249616210090915 ], [ 106.831035235981062, -6.249558338593011 ], [ 106.830823532184709, -6.249497038535104 ], [ 106.830501128936021, -6.249397117789949 ], [ 106.830310525506675, -6.24933411760975 ], [ 106.829910378296773, -6.249191331533284 ], [ 106.829693474573546, -6.249108131130293 ], [ 106.829280380361681, -6.248937837637646 ], [ 106.829035976322672, -6.248829936952009 ], [ 106.82846226801135, -6.248552064529591 ], [ 106.828223564309525, -6.24842586337398 ], [ 106.828032542741582, -6.248321910286597 ], [ 106.827565135684182, -6.248060207886104 ], [ 106.827404586021899, -6.247968142891557 ], [ 106.827207183101322, -6.247852241703796 ], [ 106.826833082130563, -6.247620156803146 ], [ 106.826580578735275, -6.247454855110149 ], [ 106.826383544644898, -6.24732213326496 ], [ 106.825916462850074, -6.24699849982815 ], [ 106.82587838217853, -6.246974066376756 ], [ 106.825593476568429, -6.246796856974374 ], [ 106.825352161470818, -6.246650579206947 ], [ 106.82486949108447, -6.246417606092588 ], [ 106.824525225097631, -6.246242262710014 ], [ 106.824285921330159, -6.246113861499268 ], [ 106.82405480713156, -6.24598546375823 ], [ 106.823839103829741, -6.245861462527558 ], [ 106.823733296437851, -6.245793517933351 ], [ 106.823622978581838, -6.245733186081271 ], [ 106.823230972953567, -6.245493083689557 ], [ 106.823085464647448, -6.245393822098057 ], [ 106.822934340579877, -6.245303350031844 ], [ 106.822805038814977, -6.245217049120577 ], [ 106.822210599431088, -6.24478432975116 ], [ 106.822106198274469, -6.244701628773281 ], [ 106.821590675853827, -6.244260782526316 ], [ 106.8211096459233, -6.243782487666129 ], [ 106.821015045402547, -6.243681086481469 ], [ 106.82024440959529, -6.242734201251012 ], [ 106.820171209761071, -6.242630699997263 ], [ 106.819716681174114, -6.241919840183501 ], [ 106.819656481678877, -6.241815238953049 ], [ 106.819108654726804, -6.240689661576992 ], [ 106.819058755952668, -6.240566060334977 ], [ 106.818772062625072, -6.239743987009765 ], [ 106.818738364076239, -6.239629985973267 ], [ 106.818469437329469, -6.238421270885325 ], [ 106.818447139578382, -6.238274169848633 ], [ 106.818370842888797, -6.237602164124186 ], [ 106.818344956355446, -6.236926331370472 ], [ 106.818344858231598, -6.23681743080687 ], [ 106.818388387867486, -6.235922776528866 ], [ 106.818401590262042, -6.23578867614944 ], [ 106.818493894973813, -6.235113236792118 ], [ 106.818636791825455, -6.234446676959496 ], [ 106.818669194106803, -6.234319176927262 ], [ 106.818928700559297, -6.233473595855521 ], [ 106.818971402692313, -6.233355396006924 ], [ 106.819298838424032, -6.23256748550732 ], [ 106.8193486400952, -6.232461985910806 ], [ 106.819524877320021, -6.232131662444702 ], [ 106.81969603330738, -6.2317986787084 ], [ 106.81976073493523, -6.231686679381117 ], [ 106.819978425857983, -6.231329215329621 ], [ 106.820220531114373, -6.230951617897259 ], [ 106.820291646564286, -6.230851839053188 ], [ 106.820355501645167, -6.230747256609533 ], [ 106.820446903406747, -6.230612857649768 ], [ 106.820805274674768, -6.230122203697445 ], [ 106.820931376460891, -6.22996120514987 ], [ 106.821307192169371, -6.229512143334835 ], [ 106.821464093749455, -6.229336545189514 ], [ 106.821760575025209, -6.229020332967881 ], [ 106.821977676629899, -6.228799635562275 ], [ 106.822383956239094, -6.228411529779993 ], [ 106.822472756569653, -6.228331830790355 ], [ 106.822802887578234, -6.228049561505445 ], [ 106.822916487838967, -6.22795706283373 ], [ 106.823168000505603, -6.227759566311759 ], [ 106.823306700494726, -6.227654567992885 ], [ 106.823798952054474, -6.227307121010746 ], [ 106.823905951730069, -6.22723682225099 ], [ 106.824016385494147, -6.22716705013237 ], [ 106.823981770608725, -6.226654798306266 ], [ 106.82396176327407, -6.226375288021269 ], [ 106.823959556672065, -6.226343683647571 ], [ 106.823908552528138, -6.225594295366671 ], [ 106.8238563584259, -6.225415013650304 ], [ 106.823816474428753, -6.225247870413707 ], [ 106.82376661780927, -6.225083431288126 ], [ 106.82345583405467, -6.223842120613678 ], [ 106.823386086739674, -6.223563496528788 ], [ 106.823359572654354, -6.223503730403401 ], [ 106.823294970610462, -6.223354504338944 ], [ 106.823151773697873, -6.223015400865465 ], [ 106.823013965568592, -6.222643400283858 ], [ 106.822803974192354, -6.222817631912728 ], [ 106.822624599403483, -6.222962635519609 ], [ 106.821664985009306, -6.223718324513063 ], [ 106.820911685158819, -6.224318303147426 ], [ 106.82076477619654, -6.224432856163946 ], [ 106.820100403084439, -6.224939977814731 ], [ 106.819125502792033, -6.225709191231029 ], [ 106.817374555976869, -6.227100576978954 ], [ 106.817326250397201, -6.227138695104186 ], [ 106.816069379145034, -6.22812356918459 ], [ 106.815363590728495, -6.228688835832477 ], [ 106.815233117123441, -6.228791379727204 ], [ 106.81417991772949, -6.229603592260903 ], [ 106.813555017162969, -6.23004462374834 ], [ 106.811242406122105, -6.231534252988292 ], [ 106.810110578627416, -6.232394069757172 ], [ 106.809920775392484, -6.232534385733119 ], [ 106.80857586317191, -6.233501727097738 ], [ 106.808386859619404, -6.233663044044902 ], [ 106.807872899609805, -6.234070426543429 ], [ 106.807517927743575, -6.234331387545847 ], [ 106.807516100894901, -6.235280589991579 ], [ 106.807515952753135, -6.235317797126521 ], [ 106.807507930860794, -6.236646741942325 ], [ 106.807507462609948, -6.237925886493125 ], [ 106.807507427496859, -6.237948020167158 ], [ 106.807505099326335, -6.23877605402943 ], [ 106.807506984327631, -6.23989168643836 ], [ 106.807509022773203, -6.241714160224475 ], [ 106.80747957982355, -6.242453686252409 ], [ 106.807453585505783, -6.242775085105126 ], [ 106.807294283721404, -6.243884144562717 ], [ 106.807275198066577, -6.243976112299332 ], [ 106.807274361109592, -6.244439012385994 ], [ 106.807273469632662, -6.244933585319659 ], [ 106.807252117612691, -6.245538723492054 ], [ 106.807217226595938, -6.246045521647928 ], [ 106.807080995609809, -6.247105448232748 ], [ 106.807022801145209, -6.247413147759096 ], [ 106.807008184763248, -6.247488671551745 ], [ 106.806882543913673, -6.248123385636232 ], [ 106.806876001347064, -6.248167992408196 ], [ 106.806755766289356, -6.249013381198103 ], [ 106.806591362033913, -6.250251089943189 ], [ 106.806571387586217, -6.250415808268565 ], [ 106.806521870920307, -6.251511610623099 ], [ 106.806517376524596, -6.251601218001848 ], [ 106.806389617381356, -6.253918708828231 ], [ 106.806382406207632, -6.254035720087061 ], [ 106.806310224991606, -6.255095116061959 ], [ 106.806290992366613, -6.255331619113274 ], [ 106.806167415742763, -6.256638814885641 ], [ 106.806152420817355, -6.256784787824526 ], [ 106.806046271822197, -6.25774172339357 ], [ 106.80599322224316, -6.258260079228841 ], [ 106.805954094083063, -6.258659805560795 ], [ 106.805753837447313, -6.26087779914917 ], [ 106.805868197172899, -6.261244562615461 ], [ 106.80600489100425, -6.261730216128681 ], [ 106.806096595834774, -6.2620947130381 ], [ 106.806241984919922, -6.262785449188477 ], [ 106.806275687861969, -6.262983647658735 ], [ 106.806375648982097, -6.263788155930571 ], [ 106.806391852353428, -6.263993354654623 ], [ 106.806417487993315, -6.264495439051589 ], [ 106.806428095796434, -6.264952036628406 ], [ 106.806429191714187, -6.2650061919615 ], [ 106.80643499747606, -6.265342890187905 ], [ 106.806433008582943, -6.265744464678435 ], [ 106.806422815140294, -6.266119862984727 ], [ 106.806412193479304, -6.266376601895973 ], [ 106.806368800054884, -6.267156979030721 ], [ 106.806349064114883, -6.267581811697819 ], [ 106.806354909161257, -6.26773806872199 ], [ 106.806448424600703, -6.268963509148031 ], [ 106.806472939974299, -6.269257094674906 ], [ 106.806475428095695, -6.269287509175459 ], [ 106.806489430930014, -6.269462308130776 ], [ 106.806497702784881, -6.269574293294644 ], [ 106.806608229699251, -6.271208583358272 ], [ 106.806612461530321, -6.27127475726462 ], [ 106.806674378516945, -6.272302051226212 ], [ 106.806681449540733, -6.272435861817003 ], [ 106.806697555471814, -6.272790459788259 ], [ 106.806699751786851, -6.272842063407142 ], [ 106.806731965407167, -6.273653458789618 ], [ 106.806733513434807, -6.273694839077817 ], [ 106.806764228152915, -6.274569434225644 ], [ 106.806768423811533, -6.274729046017215 ], [ 106.806794249085684, -6.276208238310607 ], [ 106.806794372827412, -6.276516865543623 ], [ 106.806790976337453, -6.276720764525154 ], [ 106.806758191899547, -6.27735415569811 ], [ 106.806743594948713, -6.277521955127411 ], [ 106.806694067137244, -6.277964720050768 ], [ 106.806657072045908, -6.278235019415173 ], [ 106.806556152177009, -6.278825918288475 ], [ 106.806501656972429, -6.279091618020542 ], [ 106.806383103934905, -6.2795958379246 ], [ 106.806288010392095, -6.27995393790976 ], [ 106.806259304321088, -6.2800439796758 ], [ 106.806237631087356, -6.280135972079098 ], [ 106.806032469142352, -6.280848264029802 ], [ 106.805913233023162, -6.281272568720563 ], [ 106.805825025651856, -6.281593098433095 ], [ 106.805767811255294, -6.281767141659552 ], [ 106.805720715986723, -6.281944194790774 ], [ 106.80564572015021, -6.282179095009027 ], [ 106.805450955188022, -6.282727566308282 ], [ 106.805377458458878, -6.28291516672243 ], [ 106.805187439011945, -6.283364167427807 ], [ 106.805060920223312, -6.283642008412665 ], [ 106.80500005434142, -6.28467001077974 ], [ 106.804989225564185, -6.284829123514883 ], [ 106.804940336961707, -6.28546472125921 ], [ 106.804902000459691, -6.285853275313512 ], [ 106.804818912871042, -6.286542773409267 ], [ 106.804806877078519, -6.286638364341616 ], [ 106.804734387059341, -6.28719036289841 ], [ 106.804677025152529, -6.287565903970775 ], [ 106.804571536152508, -6.288171102908296 ], [ 106.804502062249298, -6.288527291684271 ], [ 106.804426717423553, -6.288876183837196 ] ] ] } }
]
}
