{
"type": "FeatureCollection",
"name": "network_mrt_lrt",
"crs": { "type": "name", "properties": { "name": "urn:ogc:def:crs:OGC:1.3:CRS84" } },
"features": [
{ "type": "Feature", "properties": { "bridge": "yes", "covered": "yes", "electrified": "contact_line", "frequency": "0", "gauge": "1067", "layer": "3", "maxspeed": "90", "name": "MRT Jakarta Jalur Utara-Selatan", "name:en": "Jakarta MRT North-South Line", "network": "MRT Jakarta", "operator": "PT MRT Jakarta (Perseroda)", "railway": "subway", "start_date": "2019-03-24", "tracks": "1", "voltage": "1500", "wikidata": "Q3333785", "wikipedia": "id:MRT Jakarta", "osm_type": "way", "osm_id": 382750282, "name:id": null, "tunnel": null, "usage": null, "network:wikidata": null, "opening_date": null, "website": null, "line": null, "service": "MRT Jakarta", "alt_name": null, "railway:track_ref": null, "check_date": null, "description": null, "source": null, "embankment": null }, "geometry": { "type": "LineString", "coordinates": [ [ 106.7975158, -6.2776165 ], [ 106.7973012, -6.2783627 ], [ 106.7971668, -6.2788387 ], [ 106.7970716, -6.2791808 ] ] } },
{ "type": "Feature", "properties": { "bridge": null, "covered": null, "electrified": "contact_line", "frequency": "0", "gauge": "1067", "layer": "-3", "maxspeed": "80", "name": "MRT Jakarta Jalur Utara-Selatan", "name:en": "Jakarta MRT North-South Line", "network": "MRT Jakarta", "operator": "PT MRT Jakarta (Perseroda)", "railway": "subway", "start_date": "2019-03-24", "tracks": "1", "voltage": "1500", "wikidata": "Q3333785", "wikipedia": "id:MRT Jakarta", "osm_type": "way", "osm_id": 485764779, "name:id": "MRT Jakarta Jalur Utara-Selatan", "tunnel": "yes", "usage": "main", "network:wikidata": null, "opening_date": null, "website": null, "line": null, "service": "MRT Jakarta", "alt_name": null, "railway:track_ref": null, "check_date": null, "description": null, "source": null, "embankment": null }, "geometry": { "type": "LineString", "coordinates": [ [ 106.8229491, -6.1910271 ], [ 106.8229594, -6.1918519 ], [ 106.8229659, -6.1933588 ], [ 106.8229844, -6.1941739 ], [ 106.8230253, -6.1954334 ], [ 106.8230295, -6.1955924 ], [ 106.8230342, -6.1959917 ], [ 106.823072, -6.1972464 ], [ 106.8231013, -6.1984767 ], [ 106.8230694, -6.1989135 ], [ 106.82296, -6.1996541 ], [ 106.8228602, -6.2001739 ], [ 106.8227462, -6.2007864 ], [ 106.822678, -6.2011194 ], [ 106.8225007, -6.2020887 ], [ 106.8223985, -6.2029252 ], [ 106.8223268, -6.2036189 ], [ 106.8222849, -6.2046799 ], [ 106.8222389, -6.2052165 ], [ 106.8221804, -6.2058277 ], [ 106.8220916, -6.2065859 ], [ 106.822027, -6.20726 ], [ 106.821969, -6.2076998 ], [ 106.8218389, -6.2083579 ], [ 106.8217268, -6.2087904 ], [ 106.8216409, -6.2090486 ], [ 106.8214345, -6.2095371 ], [ 106.82113, -6.210184 ], [ 106.8204227, -6.2115757 ], [ 106.8198886, -6.2125762 ], [ 106.8195137, -6.2131835 ], [ 106.8190472, -6.21382 ], [ 106.8187608, -6.2141545 ], [ 106.8184151, -6.2145132 ], [ 106.8179059, -6.2149854 ], [ 106.8168173, -6.2158453 ], [ 106.8159581, -6.2165262 ], [ 106.8151451, -6.2171645 ], [ 106.814502, -6.2176929 ], [ 106.8134547, -6.2185367 ], [ 106.8116425, -6.2199738 ], [ 106.8103735, -6.2209334 ], [ 106.8096129, -6.221542 ], [ 106.8085784, -6.2223339 ], [ 106.8068095, -6.2234838 ], [ 106.8059974, -6.2240033 ], [ 106.8045417, -6.2250794 ], [ 106.8029468, -6.2263152 ], [ 106.8024556, -6.2266833 ], [ 106.8012046, -6.2276667 ], [ 106.8006605, -6.2280857 ] ] } },
{ "type": "Feature", "properties": { "bridge": "yes", "covered": null, "electrified": "yes", "frequency": "0", "gauge": "1435", "layer": "3", "maxspeed": "80", "name": "LRT Jabodebek", "name:en": "Jabodebek LRT", "network": null, "operator": "PT Kereta Api Indonesia (Persero), Divisi LRT Jabodebek", "railway": "light_rail", "start_date": null, "tracks": null, "voltage": "750", "wikidata": "Q20427104", "wikipedia": "id:LRT Jabodebek", "osm_type": "way", "osm_id": 497958415, "name:id": null, "tunnel": null, "usage": "main", "network:wikidata": "Q20427104", "opening_date": "2023-07-12", "website": "https://adhi.co.id/projects/lrt-jabodebek/", "line": null, "service": "LRT Jabodebek", "alt_name": null, "railway:track_ref": null, "check_date": null, "description": null, "source": null, "embankment": null }, "geometry": { "type": "LineString", "coordinates": [ [ 106.8697843, -6.2454314 ], [ 106.869225, -6.245178 ], [ 106.8680299, -6.2446752 ], [ 106.8673921, -6.244388 ], [ 106.8670743, -6.244257 ], [ 106.866725, -6.2441262 ], [ 106.8658171, -6.2438135 ], [ 106.8655557, -6.2437301 ], [ 106.8653085, -6.2436661 ], [ 106.8650521, -6.2436096 ], [ 106.8647854, -6.2435591 ], [ 106.8645356, -6.2435113 ], [ 106.8643998, -6.2434865 ], [ 106.8642428, -6.2434607 ], [ 106.8641323, -6.2434457 ], [ 106.8640531, -6.2434371 ], [ 106.8639717, -6.2434297 ], [ 106.8638854, -6.2434224 ], [ 106.8638105, -6.2434167 ], [ 106.8637304, -6.243412 ], [ 106.8636494, -6.2434085 ], [ 106.8633981, -6.2433997 ], [ 106.8630402, -6.2433864 ], [ 106.8627763, -6.2433833 ], [ 106.8622748, -6.2433981 ], [ 106.8616536, -6.2434218 ], [ 106.8612314, -6.2434448 ], [ 106.8606467, -6.243472 ], [ 106.8600674, -6.2434889 ], [ 106.8592753, -6.2434976 ], [ 106.8589245, -6.2434981 ], [ 106.8582228, -6.2434923 ], [ 106.8579312, -6.2434887 ], [ 106.8570718, -6.2434658 ], [ 106.8563322, -6.2434397 ], [ 106.8555973, -6.243424 ], [ 106.85228, -6.2434036 ], [ 106.8519132, -6.2434327 ], [ 106.8500436, -6.2435553 ], [ 106.8496572, -6.243575 ], [ 106.8488895, -6.2435933 ], [ 106.8485146, -6.2436071 ], [ 106.8480111, -6.2436424 ], [ 106.8468411, -6.2437549 ], [ 106.8463125, -6.2437743 ], [ 106.8460173, -6.2437628 ], [ 106.8434849, -6.243631 ], [ 106.8433292, -6.2436138 ], [ 106.8430445, -6.2435614 ], [ 106.8428353, -6.2435057 ], [ 106.8426377, -6.2434394 ], [ 106.8424431, -6.2433642 ], [ 106.8416499, -6.2430054 ], [ 106.8414541, -6.2429318 ], [ 106.8412479, -6.2428679 ], [ 106.8405088, -6.2426862 ], [ 106.8402087, -6.2426044 ], [ 106.8391763, -6.2422919 ], [ 106.8385223, -6.2421132 ], [ 106.8378177, -6.2419302 ], [ 106.8369617, -6.2417074 ], [ 106.8365386, -6.2416029 ], [ 106.835039, -6.2412176 ], [ 106.8335595, -6.2408274 ], [ 106.8333492, -6.2407665 ], [ 106.8331605, -6.2407042 ], [ 106.8329457, -6.2406218 ], [ 106.832704, -6.240515 ], [ 106.8324673, -6.2403899 ], [ 106.8320008, -6.2401287 ], [ 106.8318048, -6.2400137 ], [ 106.8315538, -6.2398493 ], [ 106.8309548, -6.2394343 ], [ 106.8307275, -6.2392885 ], [ 106.8303442, -6.2390501 ], [ 106.8297464, -6.2386877 ], [ 106.8295524, -6.2385869 ], [ 106.8288166, -6.2382317 ], [ 106.8285788, -6.2381041 ], [ 106.8283643, -6.2379801 ] ] } },
{ "type": "Feature", "properties": { "bridge": "yes", "covered": null, "electrified": "rail", "frequency": "0", "gauge": "1435", "layer": "3", "maxspeed": "80", "name": "LRT Jabodebek", "name:en": "Jabodebek LRT", "network": null, "operator": "PT Kereta Api Indonesia (Persero), Divisi LRT Jabodebek", "railway": "light_rail", "start_date": null, "tracks": null, "voltage": "750", "wikidata": "Q20427104", "wikipedia": "id:LRT Jabodebek", "osm_type": "way", "osm_id": 497958416, "name:id": null, "tunnel": null, "usage": "main", "network:wikidata": "Q20427104", "opening_date": "2023-07-12", "website": "https://adhi.co.id/projects/lrt-jabodebek/", "line": null, "service": "LRT Jabodebek", "alt_name": null, "railway:track_ref": null, "check_date": null, "description": null, "source": null, "embankment": null }, "geometry": { "type": "LineString", "coordinates": [ [ 106.8956864, -6.3738897 ], [ 106.8955752, -6.373282 ], [ 106.895417, -6.372453 ], [ 106.895256, -6.371536 ], [ 106.8951809, -6.3710428 ], [ 106.8950039, -6.3697873 ], [ 106.8947008, -6.3679587 ], [ 106.8946096, -6.3674229 ], [ 106.8945613, -6.367199 ], [ 106.8944836, -6.3669377 ], [ 106.8942234, -6.36625 ], [ 106.8941483, -6.3660367 ], [ 106.8940866, -6.3658022 ], [ 106.894041, -6.3655276 ], [ 106.8937352, -6.3632564 ], [ 106.8935153, -6.3615824 ], [ 106.8932176, -6.359855 ], [ 106.892716, -6.3569467 ], [ 106.8926355, -6.3565335 ], [ 106.8924156, -6.3556005 ], [ 106.89226, -6.3550407 ], [ 106.8917316, -6.3532227 ], [ 106.8912166, -6.3514526 ], [ 106.890876, -6.3502024 ], [ 106.890699, -6.3495413 ], [ 106.8900204, -6.3470861 ], [ 106.8898648, -6.3465237 ], [ 106.8898058, -6.3462491 ], [ 106.889264, -6.3433727 ], [ 106.889044, -6.3421758 ], [ 106.8886605, -6.3401604 ], [ 106.8884405, -6.3390035 ], [ 106.8883413, -6.3386063 ], [ 106.8882233, -6.3382011 ], [ 106.8880972, -6.3377639 ], [ 106.8880221, -6.3374813 ], [ 106.8879658, -6.3371507 ], [ 106.8870612, -6.3316181 ], [ 106.8869774, -6.3309726 ], [ 106.8868867, -6.3299266 ], [ 106.8868226, -6.3291279 ], [ 106.8868011, -6.3282789 ], [ 106.8867305, -6.326931 ], [ 106.8867192, -6.3264524 ], [ 106.886671, -6.324364 ], [ 106.8866634, -6.3237692 ], [ 106.8866567, -6.3231319 ], [ 106.8866427, -6.321209 ], [ 106.8866025, -6.3192798 ], [ 106.8865446, -6.3186499 ], [ 106.8864277, -6.3177697 ], [ 106.8863291, -6.3170977 ], [ 106.8862512, -6.3166209 ], [ 106.8859851, -6.3151271 ], [ 106.8858213, -6.3143642 ], [ 106.8855302, -6.3129861 ], [ 106.8854176, -6.3125544 ], [ 106.8851914, -6.3117343 ], [ 106.885149, -6.3116273 ], [ 106.8851065, -6.3115303 ], [ 106.8850712, -6.3114803 ], [ 106.8849768, -6.3112765 ], [ 106.8847322, -6.3108354 ], [ 106.8846814, -6.3107312 ], [ 106.8846454, -6.31065 ], [ 106.8846134, -6.3105707 ], [ 106.8845874, -6.3104941 ], [ 106.8845659, -6.310417 ], [ 106.884524, -6.3102151 ], [ 106.8844039, -6.3095464 ], [ 106.8842917, -6.3088886 ], [ 106.8841319, -6.3079422 ], [ 106.8839382, -6.3069053 ], [ 106.8839276, -6.3067852 ], [ 106.8839226, -6.3066145 ], [ 106.8839264, -6.3064724 ], [ 106.8839701, -6.3062927 ], [ 106.8841533, -6.3058821 ], [ 106.8845655, -6.3050202 ], [ 106.8846618, -6.3047895 ], [ 106.8847069, -6.304627 ], [ 106.8847195, -6.3043847 ], [ 106.8846973, -6.3042319 ], [ 106.8846441, -6.3040728 ], [ 106.8845871, -6.3039475 ], [ 106.8844688, -6.3037718 ], [ 106.8841948, -6.3034489 ], [ 106.8840698, -6.3032705 ], [ 106.8839815, -6.3031019 ], [ 106.8839391, -6.3029729 ], [ 106.8838994, -6.3027831 ], [ 106.8838613, -6.3025657 ], [ 106.8837921, -6.3021518 ], [ 106.8834679, -6.3003971 ], [ 106.8833944, -6.3000681 ], [ 106.8833033, -6.2997031 ], [ 106.8831568, -6.2992287 ], [ 106.8828208, -6.2985087 ], [ 106.8820437, -6.296604 ], [ 106.8819453, -6.2963459 ], [ 106.8816268, -6.2955516 ], [ 106.8807924, -6.2934784 ], [ 106.8805779, -6.2929044 ], [ 106.8803925, -6.2923962 ], [ 106.8800127, -6.2913934 ], [ 106.8798878, -6.2910064 ], [ 106.8795757, -6.2900927 ], [ 106.8793445, -6.2894142 ], [ 106.8791318, -6.2887892 ], [ 106.8788471, -6.2880517 ], [ 106.8786706, -6.2875974 ], [ 106.8784597, -6.2870232 ], [ 106.8783616, -6.2867915 ], [ 106.8782893, -6.2866263 ], [ 106.878065, -6.2862388 ], [ 106.8778061, -6.2857959 ], [ 106.8776803, -6.2855823 ], [ 106.8775287, -6.2852556 ], [ 106.8770606, -6.2843308 ], [ 106.8768115, -6.2837255 ], [ 106.8751419, -6.2797989 ], [ 106.8745862, -6.278427 ], [ 106.8741531, -6.2773504 ] ] } },
{ "type": "Feature", "properties": { "bridge": null, "covered": null, "electrified": "contact_line", "frequency": "0", "gauge": "1067", "layer": "-1", "maxspeed": "90", "name": "MRT Jakarta Jalur Utara-Selatan", "name:en": "Jakarta MRT North-South Line", "network": "MRT Jakarta", "operator": "PT MRT Jakarta (Perseroda)", "railway": "subway", "start_date": "2019-03-24", "tracks": "1", "voltage": "1500", "wikidata": "Q3333785", "wikipedia": "id:MRT Jakarta", "osm_type": "way", "osm_id": 499578964, "name:id": null, "tunnel": "yes", "usage": "main", "network:wikidata": null, "opening_date": null, "website": null, "line": "North-South", "service": "MRT Jakarta", "alt_name": null, "railway:track_ref": null, "check_date": null, "description": null, "source": null, "embankment": null }, "geometry": { "type": "LineString", "coordinates": [ [ 106.8006605, -6.2280857 ], [ 106.7999384, -6.2287185 ], [ 106.7997124, -6.2289268 ], [ 106.7995369, -6.2291244 ], [ 106.7993569, -6.2293679 ], [ 106.7991404, -6.229717 ], [ 106.7989777, -6.2300175 ], [ 106.7988058, -6.2304112 ] ] } },
{ "type": "Feature", "properties": { "bridge": "yes", "covered": null, "electrified": "rail", "frequency": "0", "gauge": "1435", "layer": "3", "maxspeed": "80", "name": "LRT Jabodebek", "name:en": "Jabodebek LRT", "network": null, "operator": "PT Kereta Api Indonesia (Persero), Divisi LRT Jabodebek", "railway": "light_rail", "start_date": null, "tracks": null, "voltage": "750", "wikidata": "Q20427104", "wikipedia": "id:LRT Jabodebek", "osm_type": "way", "osm_id": 499760768, "name:id": null, "tunnel": null, "usage": "main", "network:wikidata": "Q20427104", "opening_date": "2023-07-12", "website": "https://adhi.co.id/projects/lrt-jabodebek/", "line": null, "service": "LRT Jabodebek", "alt_name": null, "railway:track_ref": null, "check_date": null, "description": null, "source": null, "embankment": null }, "geometry": { "type": "LineString", "coordinates": [ [ 106.8753787, -6.2479302 ], [ 106.8756518, -6.2481571 ], [ 106.8760693, -6.2485122 ], [ 106.8762156, -6.2486341 ], [ 106.8764034, -6.2487208 ], [ 106.8765982, -6.2487959 ], [ 106.8767735, -6.2488088 ], [ 106.8769186, -6.2488003 ], [ 106.8770846, -6.2487643 ], [ 106.8772295, -6.2487156 ], [ 106.877552, -6.248553 ], [ 106.8785095, -6.2478677 ], [ 106.8790161, -6.2475178 ], [ 106.8791754, -6.2474254 ], [ 106.8793255, -6.2473478 ], [ 106.8793519, -6.2473341 ], [ 106.8794618, -6.2472904 ], [ 106.8795799, -6.2472435 ], [ 106.8797831, -6.247189 ], [ 106.8800801, -6.2471353 ], [ 106.8803122, -6.2471262 ], [ 106.8813749, -6.2471734 ], [ 106.8833958, -6.2472813 ], [ 106.8837585, -6.247286 ], [ 106.8840472, -6.2472698 ], [ 106.8845567, -6.2471917 ], [ 106.8850355, -6.2470782 ], [ 106.885446, -6.2469496 ], [ 106.885865, -6.2467759 ], [ 106.8865087, -6.2463997 ], [ 106.8870928, -6.2460235 ], [ 106.8872969, -6.2458773 ], [ 106.8875569, -6.2456934 ], [ 106.8880849, -6.2453082 ], [ 106.8887789, -6.2448342 ], [ 106.8892187, -6.2445384 ], [ 106.8894647, -6.2443766 ], [ 106.8897284, -6.2442289 ], [ 106.8900392, -6.244085 ], [ 106.890272, -6.2439992 ], [ 106.8905012, -6.2439309 ], [ 106.8907409, -6.2438647 ], [ 106.8910252, -6.2437947 ], [ 106.891457, -6.2437253 ], [ 106.8923341, -6.2436322 ], [ 106.8929217, -6.2436237 ], [ 106.8934198, -6.2436745 ], [ 106.8939137, -6.2437591 ], [ 106.8945226, -6.2439369 ], [ 106.8951996, -6.2441824 ], [ 106.8958553, -6.2444829 ], [ 106.8967068, -6.2449992 ], [ 106.8974221, -6.2455241 ], [ 106.8977968, -6.2458838 ], [ 106.8984184, -6.2465526 ], [ 106.8994932, -6.2480427 ], [ 106.8998957, -6.2487388 ], [ 106.9007975, -6.2503204 ], [ 106.9012374, -6.2510656 ], [ 106.9015432, -6.2515135 ], [ 106.9018306, -6.2518817 ], [ 106.9020536, -6.2521524 ], [ 106.9023543, -6.2524919 ], [ 106.9026737, -6.252812 ], [ 106.9030519, -6.2531559 ], [ 106.9033406, -6.2533994 ], [ 106.9038566, -6.2537825 ], [ 106.9041449, -6.2539771 ], [ 106.9044814, -6.2541775 ], [ 106.9049415, -6.2544397 ], [ 106.9054383, -6.2546788 ], [ 106.9063313, -6.2550061 ], [ 106.9072398, -6.2552446 ], [ 106.9076544, -6.2553961 ], [ 106.9125945, -6.2574481 ], [ 106.9131603, -6.257635 ], [ 106.9138367, -6.2578123 ], [ 106.9146822, -6.2580025 ], [ 106.9150356, -6.2580656 ], [ 106.9152734, -6.2581045 ], [ 106.9158777, -6.2581541 ], [ 106.9163649, -6.2581634 ], [ 106.918143, -6.2582259 ], [ 106.9197118, -6.2581837 ], [ 106.921446, -6.2581195 ], [ 106.9224115, -6.2580662 ], [ 106.9248486, -6.2579075 ], [ 106.9268709, -6.2578004 ], [ 106.9279154, -6.2577426 ], [ 106.936902, -6.2572912 ], [ 106.9384425, -6.2572191 ], [ 106.9403546, -6.2571265 ], [ 106.9406878, -6.2570857 ], [ 106.943021, -6.2567086 ], [ 106.9433239, -6.2566854 ], [ 106.9436232, -6.256685 ], [ 106.9437836, -6.2566855 ], [ 106.945749, -6.2568516 ], [ 106.9459903, -6.2568679 ], [ 106.946306, -6.2568683 ], [ 106.9481606, -6.2567931 ], [ 106.94972, -6.2567197 ], [ 106.9518542, -6.2566172 ], [ 106.9526804, -6.2565675 ], [ 106.9541648, -6.2563389 ], [ 106.9545047, -6.2563088 ], [ 106.955394, -6.256262 ], [ 106.9556656, -6.2562416 ], [ 106.9560483, -6.2561868 ], [ 106.9579401, -6.2558034 ], [ 106.959197, -6.2555093 ], [ 106.9594753, -6.2554678 ], [ 106.9598096, -6.2554427 ], [ 106.9607908, -6.2553937 ], [ 106.9611072, -6.2553621 ], [ 106.9613524, -6.2553232 ], [ 106.9616326, -6.2552558 ], [ 106.9618982, -6.2551743 ], [ 106.9625137, -6.2549446 ], [ 106.9631801, -6.2546804 ], [ 106.965022, -6.2539574 ], [ 106.9655749, -6.2536932 ], [ 106.9679305, -6.2523267 ], [ 106.9700139, -6.2509423 ], [ 106.9706959, -6.2505244 ], [ 106.9713488, -6.2501593 ], [ 106.9718754, -6.2498991 ], [ 106.9724612, -6.2496341 ], [ 106.9732399, -6.2493232 ], [ 106.9741212, -6.249038 ], [ 106.9748681, -6.2488436 ], [ 106.9755171, -6.2487086 ], [ 106.9762465, -6.2486033 ], [ 106.9770999, -6.2485183 ], [ 106.9775771, -6.2485006 ], [ 106.9788544, -6.2485093 ], [ 106.9795357, -6.2485333 ], [ 106.9798075, -6.2485576 ], [ 106.9801191, -6.2485906 ], [ 106.9807263, -6.2486874 ], [ 106.9812954, -6.2488262 ], [ 106.9822267, -6.2491188 ], [ 106.9830796, -6.2494272 ], [ 106.9854239, -6.250479 ], [ 106.9868781, -6.2512607 ], [ 106.9904133, -6.2529813 ], [ 106.9943996, -6.2544716 ], [ 107.0072049, -6.2590472 ], [ 107.0083716, -6.2594891 ], [ 107.0100929, -6.2600677 ], [ 107.0183078, -6.2629649 ], [ 107.0197679, -6.2634599 ], [ 107.0205491, -6.2637343 ], [ 107.0216652, -6.2641263 ] ] } },
{ "type": "Feature", "properties": { "bridge": "yes", "covered": null, "electrified": "yes", "frequency": "0", "gauge": "1435", "layer": "3", "maxspeed": "80", "name": "LRT Jabodebek", "name:en": null, "network": null, "operator": "PT Kereta Api Indonesia (Persero), Divisi LRT Jabodebek", "railway": "light_rail", "start_date": null, "tracks": null, "voltage": "750", "wikidata": "Q20427104", "wikipedia": "id:LRT Jabodebek", "osm_type": "way", "osm_id": 501311233, "name:id": null, "tunnel": null, "usage": "main", "network:wikidata": "Q20427104", "opening_date": "2023-07-12", "website": "https://adhi.co.id/projects/lrt-jabodebek/", "line": null, "service": "LRT Jabodebek", "alt_name": null, "railway:track_ref": null, "check_date": null, "description": null, "source": null, "embankment": null }, "geometry": { "type": "LineString", "coordinates": [ [ 106.8697709, -6.2454609 ], [ 106.86963, -6.2453984 ], [ 106.8695594, -6.2453671 ], [ 106.8673736, -6.2444316 ], [ 106.8670568, -6.244301 ], [ 106.8667088, -6.2441707 ], [ 106.865802, -6.2438584 ], [ 106.8655419, -6.2437754 ], [ 106.8652922, -6.2437051 ], [ 106.8650436, -6.2436436 ], [ 106.8645217, -6.2435465 ], [ 106.8642295, -6.2434971 ], [ 106.8641659, -6.2434873 ], [ 106.8641018, -6.2434786 ], [ 106.8639697, -6.2434643 ], [ 106.8638045, -6.2434523 ], [ 106.8636487, -6.2434438 ], [ 106.8633979, -6.2434347 ], [ 106.863092, -6.2434241 ], [ 106.8627757, -6.2434223 ], [ 106.8622424, -6.2434405 ], [ 106.8616789, -6.2434633 ], [ 106.8611041, -6.2434912 ], [ 106.8607094, -6.2435083 ], [ 106.8600673, -6.2435247 ], [ 106.8597395, -6.2435288 ], [ 106.8592647, -6.2435346 ], [ 106.8588964, -6.2435351 ], [ 106.8585572, -6.2435308 ], [ 106.8582865, -6.2435287 ], [ 106.8579256, -6.2435218 ], [ 106.857072, -6.2435043 ], [ 106.8556012, -6.2434632 ], [ 106.8522804, -6.2434509 ], [ 106.8519107, -6.2434577 ], [ 106.8500329, -6.2435839 ], [ 106.8496508, -6.2436037 ], [ 106.8488762, -6.243622 ], [ 106.8485075, -6.2436402 ], [ 106.84801, -6.2436703 ], [ 106.846778, -6.2437889 ], [ 106.846314, -6.2438041 ], [ 106.8460244, -6.2438049 ], [ 106.8434727, -6.2436685 ], [ 106.843259, -6.243645 ], [ 106.8430233, -6.2436004 ], [ 106.8428247, -6.2435402 ], [ 106.842634, -6.2434771 ], [ 106.8424266, -6.2433936 ], [ 106.8416369, -6.2430417 ], [ 106.8414358, -6.2429659 ], [ 106.8412373, -6.2428992 ], [ 106.8404829, -6.2427044 ], [ 106.840192, -6.2426239 ], [ 106.8399344, -6.2425499 ], [ 106.8390817, -6.2423185 ], [ 106.8385115, -6.2421686 ], [ 106.8378185, -6.2419782 ], [ 106.83695, -6.2417425 ], [ 106.8361917, -6.2415527 ], [ 106.8350273, -6.2412634 ], [ 106.8335467, -6.240873 ], [ 106.833335, -6.2408117 ], [ 106.8331444, -6.2407487 ], [ 106.8329275, -6.2406655 ], [ 106.8326831, -6.2405576 ], [ 106.8324444, -6.2404314 ], [ 106.831977, -6.2401697 ], [ 106.8317796, -6.2400538 ], [ 106.8315271, -6.2398885 ], [ 106.8309283, -6.2394736 ], [ 106.830702, -6.2393284 ], [ 106.8303192, -6.2390903 ], [ 106.829723, -6.2387289 ], [ 106.829531, -6.2386291 ], [ 106.8287949, -6.2382738 ], [ 106.8285556, -6.2381454 ], [ 106.8283399, -6.2380214 ] ] } },
{ "type": "Feature", "properties": { "bridge": "yes", "covered": null, "electrified": "rail", "frequency": "0", "gauge": "1435", "layer": "3", "maxspeed": "80", "name": "LRT Jabodebek", "name:en": "Jabodebek LRT", "network": null, "operator": "PT Kereta Api Indonesia (Persero), Divisi LRT Jabodebek", "railway": "light_rail", "start_date": null, "tracks": null, "voltage": "750", "wikidata": "Q20427104", "wikipedia": "id:LRT Jabodebek", "osm_type": "way", "osm_id": 508883080, "name:id": null, "tunnel": null, "usage": "main", "network:wikidata": "Q20427104", "opening_date": "2023-07-12", "website": "https://adhi.co.id/projects/lrt-jabodebek/", "line": null, "service": "LRT Jabodebek", "alt_name": null, "railway:track_ref": null, "check_date": null, "description": null, "source": null, "embankment": null }, "geometry": { "type": "LineString", "coordinates": [ [ 107.0179613, -6.2627809 ], [ 107.0100926, -6.2600242 ], [ 107.0083651, -6.2594395 ], [ 107.0072138, -6.2590037 ], [ 107.004521, -6.2580451 ], [ 106.9975451, -6.2555484 ], [ 106.9973385, -6.2554703 ], [ 106.9971874, -6.2554164 ], [ 106.9943812, -6.2544556 ], [ 106.9904367, -6.2529239 ], [ 106.9869033, -6.2512281 ], [ 106.9854461, -6.2504369 ], [ 106.983089, -6.2493978 ], [ 106.9822521, -6.2490909 ], [ 106.9813014, -6.2487898 ], [ 106.9807302, -6.2486505 ], [ 106.9801245, -6.2485526 ], [ 106.979808, -6.2485129 ], [ 106.979529, -6.248494 ], [ 106.9788501, -6.2484699 ], [ 106.9775784, -6.2484606 ], [ 106.9770655, -6.2484767 ], [ 106.9762309, -6.2485599 ], [ 106.9755144, -6.2486713 ], [ 106.9748669, -6.2488061 ], [ 106.9741192, -6.2490039 ], [ 106.9732292, -6.2492885 ], [ 106.9724531, -6.2495957 ], [ 106.9718626, -6.2498631 ], [ 106.9713313, -6.2501305 ], [ 106.9706756, -6.2504904 ], [ 106.9699891, -6.2509116 ], [ 106.9679151, -6.2522947 ], [ 106.9655587, -6.2536539 ], [ 106.965017, -6.253922 ], [ 106.96317, -6.2546488 ], [ 106.9625033, -6.2549118 ], [ 106.9618875, -6.2551356 ], [ 106.9616213, -6.2552138 ], [ 106.9613456, -6.2552806 ], [ 106.9611059, -6.2553187 ], [ 106.9607766, -6.2553521 ], [ 106.9597983, -6.2554012 ], [ 106.9594737, -6.255423 ], [ 106.9591894, -6.2554709 ], [ 106.9579463, -6.2557561 ], [ 106.9560129, -6.2561515 ], [ 106.9556543, -6.256204 ], [ 106.9553766, -6.2562275 ], [ 106.9544953, -6.2562688 ], [ 106.9541369, -6.2563001 ], [ 106.9527027, -6.2565223 ], [ 106.9518783, -6.2565806 ], [ 106.9492415, -6.2566946 ], [ 106.9485767, -6.2567314 ], [ 106.9462966, -6.2568304 ], [ 106.945987, -6.256826 ], [ 106.945693, -6.2568055 ], [ 106.9438637, -6.2566475 ], [ 106.9436364, -6.2566427 ], [ 106.9433266, -6.256644 ], [ 106.9430165, -6.2566722 ], [ 106.9406792, -6.2570522 ], [ 106.9403456, -6.2570834 ], [ 106.9384446, -6.257178 ], [ 106.936904, -6.2572557 ], [ 106.9279159, -6.257704 ], [ 106.9268765, -6.2577725 ], [ 106.9248522, -6.2578721 ], [ 106.9224334, -6.2580235 ], [ 106.9208597, -6.2581035 ], [ 106.9203186, -6.2581141 ], [ 106.918098, -6.2581795 ], [ 106.9159614, -6.2581102 ], [ 106.9153061, -6.2580551 ], [ 106.9147939, -6.2579745 ], [ 106.9137728, -6.2577522 ], [ 106.9131722, -6.2576027 ], [ 106.9125867, -6.2573995 ], [ 106.9114759, -6.2569314 ], [ 106.9110462, -6.2567503 ], [ 106.9106163, -6.2565692 ], [ 106.910426, -6.256489 ], [ 106.9101819, -6.2563861 ], [ 106.9099196, -6.2562723 ], [ 106.9097802, -6.2562118 ], [ 106.9094248, -6.2560577 ], [ 106.9089252, -6.2558409 ], [ 106.9085574, -6.2556814 ], [ 106.9084038, -6.2556247 ], [ 106.9076583, -6.2553496 ], [ 106.9072488, -6.2552025 ], [ 106.9063339, -6.2549597 ], [ 106.9054387, -6.2546306 ], [ 106.9049522, -6.2543951 ], [ 106.9044919, -6.2541416 ], [ 106.9041516, -6.2539312 ], [ 106.9038686, -6.2537459 ], [ 106.9036531, -6.2535926 ], [ 106.9033561, -6.2533601 ], [ 106.9030706, -6.2531206 ], [ 106.9026978, -6.2527807 ], [ 106.9023733, -6.2524582 ], [ 106.9020752, -6.2521294 ], [ 106.901851, -6.2518536 ], [ 106.9015713, -6.2514809 ], [ 106.9012588, -6.2510303 ], [ 106.9008283, -6.2502984 ], [ 106.8999256, -6.2487209 ], [ 106.8995244, -6.2480254 ], [ 106.8984465, -6.2465407 ], [ 106.8978185, -6.2458691 ], [ 106.8974275, -6.2454926 ], [ 106.8967072, -6.2449684 ], [ 106.8958614, -6.2444547 ], [ 106.8952031, -6.2441539 ], [ 106.8945236, -6.2439059 ], [ 106.8939113, -6.2437282 ], [ 106.8934211, -6.2436438 ], [ 106.8929115, -6.2435928 ], [ 106.8923204, -6.2436016 ], [ 106.8914356, -6.2436966 ], [ 106.8910271, -6.2437657 ], [ 106.8907322, -6.2438342 ], [ 106.890496, -6.2439006 ], [ 106.8902633, -6.2439727 ], [ 106.8900199, -6.2440625 ], [ 106.8896996, -6.244205 ], [ 106.8894325, -6.2443602 ], [ 106.8891947, -6.2445129 ], [ 106.8887547, -6.2448136 ], [ 106.8880557, -6.245285 ], [ 106.8875319, -6.245672 ], [ 106.8872795, -6.245852 ], [ 106.8870682, -6.2460027 ], [ 106.8864841, -6.2463716 ], [ 106.8858349, -6.2467378 ], [ 106.8854169, -6.2469045 ], [ 106.8850087, -6.2470402 ], [ 106.8845388, -6.2471449 ], [ 106.8840366, -6.2472236 ], [ 106.8837443, -6.247242 ], [ 106.8833992, -6.2472375 ], [ 106.8813687, -6.2471268 ], [ 106.8802906, -6.2470749 ], [ 106.8800788, -6.2470909 ], [ 106.8797706, -6.2471464 ], [ 106.879557, -6.2472041 ], [ 106.8793255, -6.2472959 ], [ 106.8791429, -6.2473895 ], [ 106.8789889, -6.2474831 ], [ 106.8784775, -6.2478301 ], [ 106.8778028, -6.2483084 ], [ 106.8775057, -6.2485278 ], [ 106.877208, -6.2486615 ], [ 106.877057, -6.2487124 ], [ 106.8769049, -6.2487442 ], [ 106.8767615, -6.2487568 ], [ 106.8765969, -6.2487409 ], [ 106.8764181, -6.2486788 ], [ 106.8762393, -6.2485883 ], [ 106.8760977, -6.2484698 ], [ 106.8754023, -6.2479146 ] ] } },
{ "type": "Feature", "properties": { "bridge": "yes", "covered": "yes", "electrified": "contact_line", "frequency": "0", "gauge": "1067", "layer": "3", "maxspeed": "90", "name": "MRT Jakarta Jalur Utara-Selatan", "name:en": "Jakarta MRT North-South Line", "network": "MRT Jakarta", "operator": "PT MRT Jakarta (Perseroda)", "railway": "subway", "start_date": "2019-03-24", "tracks": "1", "voltage": "1500", "wikidata": "Q3333785", "wikipedia": "id:MRT Jakarta", "osm_type": "way", "osm_id": 512995216, "name:id": null, "tunnel": null, "usage": null, "network:wikidata": null, "opening_date": null, "website": null, "line": null, "service": "MRT Jakarta", "alt_name": null, "railway:track_ref": null, "check_date": null, "description": null, "source": null, "embankment": null }, "geometry": { "type": "LineString", "coordinates": [ [ 106.7971131, -6.2791926 ], [ 106.7972078, -6.2788485 ], [ 106.7973416, -6.2783724 ], [ 106.7975549, -6.2776319 ] ] } },
{ "type": "Feature", "properties": { "bridge": "yes", "covered": null, "electrified": "contact_line", "frequency": "0", "gauge": "1067", "layer": "3", "maxspeed": "40", "name": "MRT Jakarta Jalur Utara-Selatan", "name:en": "Jakarta MRT North-South Line", "network": "MRT Jakarta", "operator": "PT MRT Jakarta (Perseroda)", "railway": "subway", "start_date": "2019-03-24", "tracks": "1", "voltage": "1500", "wikidata": null, "wikipedia": null, "osm_type": "way", "osm_id": 512998830, "name:id": null, "tunnel": null, "usage": null, "network:wikidata": null, "opening_date": null, "website": null, "line": "North-South", "service": "MRT Jakarta", "alt_name": null, "railway:track_ref": null, "check_date": null, "description": null, "source": null, "embankment": null }, "geometry": { "type": "LineString", "coordinates": [ [ 106.7980732, -6.2457232 ], [ 106.7981158, -6.2454225 ], [ 106.7981203, -6.2444225 ], [ 106.7981231, -6.243825 ], [ 106.7981264, -6.2435848 ], [ 106.7981295, -6.2434484 ] ] } },
{ "type": "Feature", "properties": { "bridge": "yes", "covered": null, "electrified": "contact_line", "frequency": "0", "gauge": "1067", "layer": "3", "maxspeed": "40", "name": "MRT Jakarta Jalur Utara-Selatan", "name:en": "Jakarta MRT North-South Line", "network": "MRT Jakarta", "operator": "PT MRT Jakarta (Perseroda)", "railway": "subway", "start_date": "2019-03-24", "tracks": "1", "voltage": "1500", "wikidata": null, "wikipedia": null, "osm_type": "way", "osm_id": 512998831, "name:id": null, "tunnel": null, "usage": null, "network:wikidata": null, "opening_date": null, "website": null, "line": null, "service": "MRT Jakarta", "alt_name": null, "railway:track_ref": null, "check_date": null, "description": null, "source": null, "embankment": null }, "geometry": { "type": "LineString", "coordinates": [ [ 106.7981295, -6.2434484 ], [ 106.7981998, -6.2430499 ], [ 106.7983145, -6.2426644 ] ] } },
{ "type": "Feature", "properties": { "bridge": "yes", "covered": null, "electrified": "contact_line", "frequency": "0", "gauge": "1067", "layer": "3", "maxspeed": "40", "name": "MRT Jakarta Jalur Utara-Selatan", "name:en": "Jakarta MRT North-South Line", "network": "MRT Jakarta", "operator": "PT MRT Jakarta (Perseroda)", "railway": "subway", "start_date": "2019-03-24", "tracks": "1", "voltage": "1500", "wikidata": null, "wikipedia": null, "osm_type": "way", "osm_id": 512998832, "name:id": null, "tunnel": null, "usage": null, "network:wikidata": null, "opening_date": null, "website": null, "line": null, "service": "MRT Jakarta", "alt_name": null, "railway:track_ref": null, "check_date": null, "description": null, "source": null, "embankment": null }, "geometry": { "type": "LineString", "coordinates": [ [ 106.7980732, -6.2457232 ], [ 106.7979299, -6.2464296 ] ] } },
{ "type": "Feature", "properties": { "bridge": null, "covered": null, "electrified": "contact_line", "frequency": "0", "gauge": "1067", "layer": "-2", "maxspeed": "80", "name": "MRT Jakarta Jalur Utara-Selatan", "name:en": "Jakarta MRT North-South Line", "network": "MRT Jakarta", "operator": "PT MRT Jakarta (Perseroda)", "railway": "subway", "start_date": "2019-03-24", "tracks": null, "voltage": "1500", "wikidata": "Q3333785", "wikipedia": "id:MRT Jakarta", "osm_type": "way", "osm_id": 512998833, "name:id": "MRT Jakarta Jalur Utara-Selatan", "tunnel": "yes", "usage": "main", "network:wikidata": null, "opening_date": null, "website": null, "line": null, "service": "MRT Jakarta", "alt_name": null, "railway:track_ref": null, "check_date": null, "description": null, "source": null, "embankment": null }, "geometry": { "type": "LineString", "coordinates": [ [ 106.8006992, -6.2281248 ], [ 106.8025236, -6.2267836 ], [ 106.802998, -6.2263787 ], [ 106.8046475, -6.2251923 ], [ 106.806058, -6.2241208 ], [ 106.8086648, -6.2224417 ], [ 106.809718, -6.2216295 ], [ 106.8104613, -6.2210342 ], [ 106.811756, -6.2200197 ], [ 106.8135192, -6.2186186 ], [ 106.8145633, -6.2177948 ], [ 106.8152853, -6.2172437 ], [ 106.8160581, -6.2166282 ], [ 106.8170373, -6.2158571 ], [ 106.817995, -6.2150625 ], [ 106.8185071, -6.2146011 ], [ 106.8188467, -6.2142439 ], [ 106.8192125, -6.2138197 ], [ 106.8196434, -6.213245 ], [ 106.8200222, -6.2126399 ], [ 106.8205518, -6.2116168 ], [ 106.8212473, -6.2102478 ], [ 106.8215568, -6.209586 ], [ 106.8217621, -6.209095 ], [ 106.8218475, -6.2088571 ], [ 106.8219593, -6.2084157 ], [ 106.822092, -6.2077303 ], [ 106.8221501, -6.2072644 ], [ 106.8222978, -6.2058522 ], [ 106.8223812, -6.2046572 ], [ 106.8224168, -6.203603 ], [ 106.8224826, -6.2029376 ], [ 106.8225966, -6.2021061 ], [ 106.8228278, -6.2008018 ], [ 106.82294, -6.2002074 ], [ 106.8231464, -6.19895 ], [ 106.8231881, -6.1984637 ], [ 106.8231896, -6.1980175 ], [ 106.8231768, -6.1972397 ], [ 106.8231554, -6.1959949 ], [ 106.8231495, -6.1956292 ], [ 106.8231405, -6.1954207 ], [ 106.8231186, -6.1940905 ], [ 106.8231114, -6.1933638 ], [ 106.8230785, -6.1924063 ], [ 106.8230619, -6.1918487 ], [ 106.8230386, -6.1910258 ] ] } },
{ "type": "Feature", "properties": { "bridge": "yes", "covered": null, "electrified": "contact_line", "frequency": "0", "gauge": "1067", "layer": "2", "maxspeed": null, "name": null, "name:en": null, "network": null, "operator": null, "railway": "subway", "start_date": null, "tracks": null, "voltage": "1500", "wikidata": null, "wikipedia": null, "osm_type": "way", "osm_id": 540631051, "name:id": null, "tunnel": null, "usage": null, "network:wikidata": null, "opening_date": null, "website": null, "line": null, "service": "MRT Jakarta", "alt_name": null, "railway:track_ref": null, "check_date": null, "description": null, "source": null, "embankment": null }, "geometry": { "type": "LineString", "coordinates": [ [ 106.769276, -6.2894297 ], [ 106.7696814, -6.2893858 ], [ 106.7721173, -6.289446 ] ] } },
{ "type": "Feature", "properties": { "bridge": null, "covered": null, "electrified": "contact_line", "frequency": "0", "gauge": "1067", "layer": null, "maxspeed": null, "name": null, "name:en": null, "network": null, "operator": null, "railway": "subway", "start_date": null, "tracks": null, "voltage": "1500", "wikidata": null, "wikipedia": null, "osm_type": "way", "osm_id": 540631053, "name:id": null, "tunnel": null, "usage": null, "network:wikidata": null, "opening_date": null, "website": null, "line": null, "service": "MRT Jakarta", "alt_name": null, "railway:track_ref": null, "check_date": null, "description": null, "source": null, "embankment": null }, "geometry": { "type": "LineString", "coordinates": [ [ 106.7726588, -6.2894598 ], [ 106.7731165, -6.2894671 ], [ 106.7731695, -6.2894692 ], [ 106.7734716, -6.2894752 ], [ 106.7771093, -6.2895637 ] ] } },
{ "type": "Feature", "properties": { "bridge": null, "covered": null, "electrified": "contact_line", "frequency": "0", "gauge": "1067", "layer": null, "maxspeed": null, "name": null, "name:en": null, "network": null, "operator": null, "railway": "subway", "start_date": null, "tracks": null, "voltage": "1500", "wikidata": null, "wikipedia": null, "osm_type": "way", "osm_id": 614487076, "name:id": null, "tunnel": null, "usage": null, "network:wikidata": null, "opening_date": null, "website": null, "line": null, "service": "MRT Jakarta", "alt_name": null, "railway:track_ref": null, "check_date": null, "description": null, "source": null, "embankment": null }, "geometry": { "type": "LineString", "coordinates": [ [ 106.7731695, -6.2894692 ], [ 106.7734185, -6.2895003 ], [ 106.7736801, -6.2895657 ], [ 106.7739551, -6.2896764 ], [ 106.7741223, -6.2897252 ], [ 106.7743369, -6.2897525 ], [ 106.7753282, -6.289777 ], [ 106.7772755, -6.2898283 ] ] } },
{ "type": "Feature", "properties": { "bridge": null, "covered": null, "electrified": "contact_line", "frequency": "0", "gauge": "1067", "layer": null, "maxspeed": null, "name": null, "name:en": null, "network": null, "operator": null, "railway": "subway", "start_date": null, "tracks": null, "voltage": "1500", "wikidata": null, "wikipedia": null, "osm_type": "way", "osm_id": 614487077, "name:id": null, "tunnel": null, "usage": null, "network:wikidata": null, "opening_date": null, "website": null, "line": null, "service": "MRT Jakarta", "alt_name": null, "railway:track_ref": null, "check_date": null, "description": null, "source": null, "embankment": null }, "geometry": { "type": "LineString", "coordinates": [ [ 106.7726588, -6.2894598 ], [ 106.7729315, -6.2894815 ], [ 106.7731251, -6.2895157 ], [ 106.773256, -6.2895327 ], [ 106.7734166, -6.2895765 ], [ 106.7736195, -6.2896549 ], [ 106.7740819, -6.2898505 ], [ 106.77434, -6.2899546 ], [ 106.7745455, -6.2900418 ] ] } },
{ "type": "Feature", "properties": { "bridge": null, "covered": null, "electrified": "contact_line", "frequency": "0", "gauge": "1067", "layer": null, "maxspeed": null, "name": null, "name:en": null, "network": null, "operator": null, "railway": "subway", "start_date": null, "tracks": null, "voltage": "1500", "wikidata": null, "wikipedia": null, "osm_type": "way", "osm_id": 614487078, "name:id": null, "tunnel": null, "usage": null, "network:wikidata": null, "opening_date": null, "website": null, "line": null, "service": "MRT Jakarta", "alt_name": null, "railway:track_ref": null, "check_date": null, "description": null, "source": null, "embankment": null }, "geometry": { "type": "LineString", "coordinates": [ [ 106.7734166, -6.2895765 ], [ 106.7736941, -6.2896515 ], [ 106.7744047, -6.2898486 ], [ 106.7745629, -6.2898779 ], [ 106.7747384, -6.2898954 ], [ 106.7754951, -6.2899095 ] ] } },
{ "type": "Feature", "properties": { "bridge": null, "covered": "yes", "electrified": "contact_line", "frequency": "0", "gauge": "1067", "layer": null, "maxspeed": null, "name": null, "name:en": null, "network": null, "operator": null, "railway": "subway", "start_date": null, "tracks": null, "voltage": "1500", "wikidata": null, "wikipedia": null, "osm_type": "way", "osm_id": 614487079, "name:id": null, "tunnel": null, "usage": null, "network:wikidata": null, "opening_date": null, "website": null, "line": null, "service": "MRT Jakarta", "alt_name": null, "railway:track_ref": null, "check_date": null, "description": null, "source": null, "embankment": null }, "geometry": { "type": "LineString", "coordinates": [ [ 106.7755818, -6.2902814 ], [ 106.7754324, -6.2902764 ] ] } },
{ "type": "Feature", "properties": { "bridge": null, "covered": "yes", "electrified": "contact_line", "frequency": "0", "gauge": "1067", "layer": null, "maxspeed": null, "name": null, "name:en": null, "network": null, "operator": null, "railway": "subway", "start_date": null, "tracks": null, "voltage": "1500", "wikidata": null, "wikipedia": null, "osm_type": "way", "osm_id": 614487080, "name:id": null, "tunnel": null, "usage": null, "network:wikidata": null, "opening_date": null, "website": null, "line": null, "service": "MRT Jakarta", "alt_name": null, "railway:track_ref": null, "check_date": null, "description": null, "source": null, "embankment": null }, "geometry": { "type": "LineString", "coordinates": [ [ 106.7769328, -6.2902467 ], [ 106.7756642, -6.2902162 ] ] } },
{ "type": "Feature", "properties": { "bridge": null, "covered": null, "electrified": "contact_line", "frequency": "0", "gauge": "1067", "layer": null, "maxspeed": null, "name": null, "name:en": null, "network": null, "operator": null, "railway": "subway", "start_date": null, "tracks": null, "voltage": "1500", "wikidata": null, "wikipedia": null, "osm_type": "way", "osm_id": 614487081, "name:id": null, "tunnel": null, "usage": null, "network:wikidata": null, "opening_date": null, "website": null, "line": null, "service": "MRT Jakarta", "alt_name": null, "railway:track_ref": null, "check_date": null, "description": null, "source": null, "embankment": null }, "geometry": { "type": "LineString", "coordinates": [ [ 106.7756766, -6.2901542 ], [ 106.7751937, -6.2901388 ], [ 106.7749596, -6.2901161 ], [ 106.7747456, -6.2900765 ], [ 106.77434, -6.2899546 ] ] } },
{ "type": "Feature", "properties": { "bridge": null, "covered": null, "electrified": "contact_line", "frequency": "0", "gauge": "1067", "layer": null, "maxspeed": null, "name": null, "name:en": null, "network": null, "operator": null, "railway": "subway", "start_date": null, "tracks": null, "voltage": "1500", "wikidata": null, "wikipedia": null, "osm_type": "way", "osm_id": 614487082, "name:id": null, "tunnel": null, "usage": null, "network:wikidata": null, "opening_date": null, "website": null, "line": null, "service": "MRT Jakarta", "alt_name": null, "railway:track_ref": null, "check_date": null, "description": null, "source": null, "embankment": null }, "geometry": { "type": "LineString", "coordinates": [ [ 106.7740819, -6.2898505 ], [ 106.7743413, -6.2899262 ], [ 106.7746382, -6.2900061 ], [ 106.7749239, -6.2900672 ], [ 106.7751579, -6.2900928 ], [ 106.7756792, -6.290103 ] ] } },
{ "type": "Feature", "properties": { "bridge": null, "covered": "yes", "electrified": "contact_line", "frequency": "0", "gauge": "1067", "layer": null, "maxspeed": null, "name": null, "name:en": null, "network": null, "operator": null, "railway": "subway", "start_date": null, "tracks": null, "voltage": "1500", "wikidata": null, "wikipedia": null, "osm_type": "way", "osm_id": 614487083, "name:id": null, "tunnel": null, "usage": null, "network:wikidata": null, "opening_date": null, "website": null, "line": null, "service": "MRT Jakarta", "alt_name": null, "railway:track_ref": null, "check_date": null, "description": null, "source": null, "embankment": null }, "geometry": { "type": "LineString", "coordinates": [ [ 106.7762908, -6.2900583 ], [ 106.7754922, -6.2900525 ] ] } },
{ "type": "Feature", "properties": { "bridge": null, "covered": null, "electrified": "contact_line", "frequency": "0", "gauge": "1067", "layer": null, "maxspeed": null, "name": null, "name:en": null, "network": null, "operator": null, "railway": "subway", "start_date": null, "tracks": null, "voltage": "1500", "wikidata": null, "wikipedia": null, "osm_type": "way", "osm_id": 614487084, "name:id": null, "tunnel": null, "usage": null, "network:wikidata": null, "opening_date": null, "website": null, "line": null, "service": "MRT Jakarta", "alt_name": null, "railway:track_ref": null, "check_date": null, "description": null, "source": null, "embankment": null }, "geometry": { "type": "LineString", "coordinates": [ [ 106.7746541, -6.2901485 ], [ 106.7740374, -6.2898788 ], [ 106.7735437, -6.2896806 ], [ 106.7733671, -6.2896083 ], [ 106.7731726, -6.2895743 ], [ 106.7728045, -6.2895674 ], [ 106.7725134, -6.2895575 ], [ 106.7710768, -6.2895271 ] ] } },
{ "type": "Feature", "properties": { "bridge": null, "covered": null, "electrified": "contact_line", "frequency": "0", "gauge": "1067", "layer": null, "maxspeed": null, "name": null, "name:en": null, "network": null, "operator": null, "railway": "subway", "start_date": null, "tracks": null, "voltage": "1500", "wikidata": null, "wikipedia": null, "osm_type": "way", "osm_id": 614487085, "name:id": null, "tunnel": null, "usage": null, "network:wikidata": null, "opening_date": null, "website": null, "line": null, "service": "MRT Jakarta", "alt_name": null, "railway:track_ref": null, "check_date": null, "description": null, "source": null, "embankment": null }, "geometry": { "type": "LineString", "coordinates": [ [ 106.7740374, -6.2898788 ], [ 106.7736195, -6.2896549 ] ] } },
{ "type": "Feature", "properties": { "bridge": null, "covered": null, "electrified": "contact_line", "frequency": "0", "gauge": "1067", "layer": null, "maxspeed": null, "name": null, "name:en": null, "network": null, "operator": null, "railway": "subway", "start_date": null, "tracks": null, "voltage": "1500", "wikidata": null, "wikipedia": null, "osm_type": "way", "osm_id": 614487086, "name:id": null, "tunnel": null, "usage": null, "network:wikidata": null, "opening_date": null, "website": null, "line": null, "service": "MRT Jakarta", "alt_name": null, "railway:track_ref": null, "check_date": null, "description": null, "source": null, "embankment": null }, "geometry": { "type": "LineString", "coordinates": [ [ 106.7736941, -6.2896515 ], [ 106.7739406, -6.2897446 ], [ 106.7741928, -6.2898246 ], [ 106.7744288, -6.2898886 ], [ 106.7746487, -6.2899339 ], [ 106.7749196, -6.2899659 ], [ 106.7754931, -6.289986 ] ] } },
{ "type": "Feature", "properties": { "bridge": null, "covered": null, "electrified": "contact_line", "frequency": "0", "gauge": "1067", "layer": null, "maxspeed": null, "name": null, "name:en": null, "network": null, "operator": null, "railway": "subway", "start_date": null, "tracks": null, "voltage": "1500", "wikidata": null, "wikipedia": null, "osm_type": "way", "osm_id": 614487087, "name:id": null, "tunnel": null, "usage": null, "network:wikidata": null, "opening_date": null, "website": null, "line": null, "service": "MRT Jakarta", "alt_name": null, "railway:track_ref": null, "check_date": null, "description": null, "source": null, "embankment": null }, "geometry": { "type": "LineString", "coordinates": [ [ 106.7710727, -6.2894689 ], [ 106.772656, -6.2895012 ], [ 106.7731251, -6.2895157 ] ] } },
{ "type": "Feature", "properties": { "bridge": null, "covered": null, "electrified": "contact_line", "frequency": "0", "gauge": "1067", "layer": null, "maxspeed": null, "name": null, "name:en": null, "network": null, "operator": null, "railway": "subway", "start_date": null, "tracks": null, "voltage": "1500", "wikidata": null, "wikipedia": null, "osm_type": "way", "osm_id": 614487088, "name:id": null, "tunnel": null, "usage": null, "network:wikidata": null, "opening_date": null, "website": null, "line": null, "service": "MRT Jakarta", "alt_name": null, "railway:track_ref": null, "check_date": null, "description": null, "source": null, "embankment": null }, "geometry": { "type": "LineString", "coordinates": [ [ 106.772656, -6.2895012 ], [ 106.7729315, -6.2894815 ], [ 106.7731165, -6.2894671 ] ] } },
{ "type": "Feature", "properties": { "bridge": null, "covered": null, "electrified": "contact_line", "frequency": "0", "gauge": "1067", "layer": null, "maxspeed": null, "name": null, "name:en": null, "network": null, "operator": null, "railway": "subway", "start_date": null, "tracks": null, "voltage": "1500", "wikidata": null, "wikipedia": null, "osm_type": "way", "osm_id": 614487090, "name:id": null, "tunnel": null, "usage": null, "network:wikidata": null, "opening_date": null, "website": null, "line": null, "service": "MRT Jakarta", "alt_name": null, "railway:track_ref": null, "check_date": null, "description": null, "source": null, "embankment": null }, "geometry": { "type": "LineString", "coordinates": [ [ 106.7737609, -6.2895152 ], [ 106.7771296, -6.2896006 ] ] } },
{ "type": "Feature", "properties": { "bridge": null, "covered": null, "electrified": "contact_line", "frequency": "0", "gauge": "1067", "layer": null, "maxspeed": null, "name": null, "name:en": null, "network": null, "operator": null, "railway": "subway", "start_date": null, "tracks": null, "voltage": "1500", "wikidata": null, "wikipedia": null, "osm_type": "way", "osm_id": 614487092, "name:id": null, "tunnel": null, "usage": null, "network:wikidata": null, "opening_date": null, "website": null, "line": null, "service": "MRT Jakarta", "alt_name": null, "railway:track_ref": null, "check_date": null, "description": null, "source": null, "embankment": null }, "geometry": { "type": "LineString", "coordinates": [ [ 106.7737609, -6.2895152 ], [ 106.7741149, -6.2895651 ], [ 106.7742682, -6.2895734 ], [ 106.7771579, -6.2896434 ] ] } },
{ "type": "Feature", "properties": { "bridge": null, "covered": null, "electrified": "contact_line", "frequency": "0", "gauge": "1067", "layer": null, "maxspeed": null, "name": null, "name:en": null, "network": null, "operator": null, "railway": "subway", "start_date": null, "tracks": null, "voltage": "1500", "wikidata": null, "wikipedia": null, "osm_type": "way", "osm_id": 614487094, "name:id": null, "tunnel": null, "usage": null, "network:wikidata": null, "opening_date": null, "website": null, "line": null, "service": "MRT Jakarta", "alt_name": null, "railway:track_ref": null, "check_date": null, "description": null, "source": null, "embankment": null }, "geometry": { "type": "LineString", "coordinates": [ [ 106.7736801, -6.2895657 ], [ 106.7740167, -6.2896551 ], [ 106.7742072, -6.2896901 ], [ 106.7744386, -6.2897005 ], [ 106.7771913, -6.2897682 ] ] } },
{ "type": "Feature", "properties": { "bridge": null, "covered": null, "electrified": "contact_line", "frequency": "0", "gauge": "1067", "layer": null, "maxspeed": null, "name": null, "name:en": null, "network": null, "operator": null, "railway": "subway", "start_date": null, "tracks": null, "voltage": "1500", "wikidata": null, "wikipedia": null, "osm_type": "way", "osm_id": 614487096, "name:id": null, "tunnel": null, "usage": null, "network:wikidata": null, "opening_date": null, "website": null, "line": null, "service": "MRT Jakarta", "alt_name": null, "railway:track_ref": null, "check_date": null, "description": null, "source": null, "embankment": null }, "geometry": { "type": "LineString", "coordinates": [ [ 106.7771931, -6.2897308 ], [ 106.7742489, -6.289654 ], [ 106.7740403, -6.2896223 ], [ 106.7736921, -6.2895376 ], [ 106.7734185, -6.2895003 ] ] } },
{ "type": "Feature", "properties": { "bridge": null, "covered": null, "electrified": "contact_line", "frequency": "0", "gauge": "1067", "layer": null, "maxspeed": null, "name": null, "name:en": null, "network": null, "operator": null, "railway": "subway", "start_date": null, "tracks": null, "voltage": "1500", "wikidata": null, "wikipedia": null, "osm_type": "way", "osm_id": 614487098, "name:id": null, "tunnel": null, "usage": null, "network:wikidata": null, "opening_date": null, "website": null, "line": null, "service": "MRT Jakarta", "alt_name": null, "railway:track_ref": null, "check_date": null, "description": null, "source": null, "embankment": null }, "geometry": { "type": "LineString", "coordinates": [ [ 106.7736921, -6.2895376 ], [ 106.7740648, -6.2895925 ], [ 106.7742692, -6.2896175 ], [ 106.7771917, -6.2896841 ] ] } },
{ "type": "Feature", "properties": { "bridge": "yes", "covered": null, "electrified": "contact_line", "frequency": "0", "gauge": "1067", "layer": "3", "maxspeed": "40", "name": "MRT Jakarta Jalur Utara-Selatan", "name:en": "Jakarta MRT North-South Line", "network": "MRT Jakarta", "operator": "PT MRT Jakarta (Perseroda)", "railway": "subway", "start_date": "2019-03-24", "tracks": "1", "voltage": "1500", "wikidata": null, "wikipedia": null, "osm_type": "way", "osm_id": 661828343, "name:id": null, "tunnel": null, "usage": null, "network:wikidata": null, "opening_date": null, "website": null, "line": null, "service": "MRT Jakarta", "alt_name": null, "railway:track_ref": null, "check_date": null, "description": null, "source": null, "embankment": null }, "geometry": { "type": "LineString", "coordinates": [ [ 106.7979754, -6.2465874 ], [ 106.7980732, -6.2457232 ] ] } },
{ "type": "Feature", "properties": { "bridge": "yes", "covered": null, "electrified": "contact_line", "frequency": "0", "gauge": "1067", "layer": "3", "maxspeed": "40", "name": "MRT Jakarta Jalur Utara-Selatan", "name:en": "Jakarta MRT North-South Line", "network": "MRT Jakarta", "operator": "PT MRT Jakarta (Perseroda)", "railway": "subway", "start_date": "2019-03-24", "tracks": "1", "voltage": "1500", "wikidata": null, "wikipedia": null, "osm_type": "way", "osm_id": 661828344, "name:id": null, "tunnel": null, "usage": null, "network:wikidata": null, "opening_date": null, "website": null, "line": "North-South", "service": "MRT Jakarta", "alt_name": null, "railway:track_ref": null, "check_date": null, "description": null, "source": null, "embankment": null }, "geometry": { "type": "LineString", "coordinates": [ [ 106.7981295, -6.2434484 ], [ 106.7981311, -6.2432226 ], [ 106.7981468, -6.2430451 ], [ 106.7982092, -6.2426824 ] ] } },
{ "type": "Feature", "properties": { "bridge": "yes", "covered": null, "electrified": "contact_line", "frequency": "0", "gauge": "1067", "layer": "3", "maxspeed": "90", "name": "MRT Jakarta Jalur Utara-Selatan", "name:en": "Jakarta MRT North-South Line", "network": "MRT Jakarta", "operator": "PT MRT Jakarta", "railway": "subway", "start_date": "2019-03-24", "tracks": "1", "voltage": "1500", "wikidata": "Q3333785", "wikipedia": "id:MRT Jakarta", "osm_type": "way", "osm_id": 661828345, "name:id": null, "tunnel": null, "usage": null, "network:wikidata": null, "opening_date": null, "website": null, "line": null, "service": "MRT Jakarta", "alt_name": null, "railway:track_ref": null, "check_date": null, "description": null, "source": null, "embankment": null }, "geometry": { "type": "LineString", "coordinates": [ [ 106.769276, -6.2894297 ], [ 106.769131, -6.2894622 ], [ 106.7689059, -6.2895266 ], [ 106.7685802, -6.2896557 ], [ 106.7675486, -6.2901916 ], [ 106.7670296, -6.2905714 ] ] } },
{ "type": "Feature", "properties": { "bridge": null, "covered": null, "electrified": "contact_line", "frequency": "0", "gauge": "1067", "layer": "-1", "maxspeed": "90", "name": "MRT Jakarta Jalur Utara-Selatan", "name:en": "Jakarta MRT North-South Line", "network": "MRT Jakarta", "operator": "PT MRT Jakarta (Perseroda)", "railway": "subway", "start_date": "2019-03-24", "tracks": "1", "voltage": "1500", "wikidata": "Q3333785", "wikipedia": "id:MRT Jakarta", "osm_type": "way", "osm_id": 661828346, "name:id": null, "tunnel": "yes", "usage": "main", "network:wikidata": null, "opening_date": null, "website": null, "line": "North-South", "service": "MRT Jakarta", "alt_name": null, "railway:track_ref": null, "check_date": null, "description": null, "source": null, "embankment": null }, "geometry": { "type": "LineString", "coordinates": [ [ 106.7988511, -6.2304281 ], [ 106.7990153, -6.2300402 ], [ 106.799172, -6.229753 ], [ 106.7994126, -6.2293868 ], [ 106.7995858, -6.2291413 ], [ 106.7997449, -6.2289518 ], [ 106.7999633, -6.2287471 ], [ 106.8006992, -6.2281248 ] ] } },
{ "type": "Feature", "properties": { "bridge": "yes", "covered": null, "electrified": "contact_line", "frequency": "0", "gauge": "1067", "layer": "3", "maxspeed": "90", "name": "MRT Jakarta Jalur Utara-Selatan", "name:en": "Jakarta MRT North-South Line", "network": "MRT Jakarta", "operator": "PT MRT Jakarta (Perseroda)", "railway": "subway", "start_date": "2019-03-24", "tracks": "1", "voltage": "1500", "wikidata": "Q3333785", "wikipedia": "id:MRT Jakarta", "osm_type": "way", "osm_id": 681475410, "name:id": null, "tunnel": null, "usage": null, "network:wikidata": null, "opening_date": null, "website": null, "line": null, "service": "MRT Jakarta", "alt_name": null, "railway:track_ref": null, "check_date": null, "description": null, "source": null, "embankment": null }, "geometry": { "type": "LineString", "coordinates": [ [ 106.7713514, -6.2893057 ], [ 106.7705654, -6.2893151 ], [ 106.7698722, -6.2893218 ], [ 106.7695443, -6.2893637 ], [ 106.769276, -6.2894297 ] ] } },
{ "type": "Feature", "properties": { "bridge": "yes", "covered": null, "electrified": "yes", "frequency": "0", "gauge": "1435", "layer": "3", "maxspeed": "80", "name": "LRT Jabodebek", "name:en": "Jabodebek LRT", "network": null, "operator": null, "railway": "light_rail", "start_date": null, "tracks": null, "voltage": "750", "wikidata": null, "wikipedia": null, "osm_type": "way", "osm_id": 747460262, "name:id": null, "tunnel": null, "usage": "main", "network:wikidata": null, "opening_date": "2023-07-12", "website": null, "line": null, "service": "LRT Jabodebek", "alt_name": null, "railway:track_ref": "3", "check_date": null, "description": null, "source": null, "embankment": null }, "geometry": { "type": "LineString", "coordinates": [ [ 106.8729055, -6.2463331 ], [ 106.8727425, -6.2462749 ], [ 106.8725868, -6.2462136 ], [ 106.872247, -6.2460666 ], [ 106.8720017, -6.2459834 ], [ 106.8718009, -6.2459321 ], [ 106.8712568, -6.2457911 ], [ 106.8706841, -6.2456421 ], [ 106.8705356, -6.2456087 ], [ 106.8702215, -6.2455437 ], [ 106.8700236, -6.2454974 ], [ 106.8697843, -6.2454314 ] ] } },
{ "type": "Feature", "properties": { "bridge": "yes", "covered": null, "electrified": "yes", "frequency": "0", "gauge": "1435", "layer": "3", "maxspeed": "80", "name": "LRT Jabodebek", "name:en": "Jabodebek LRT", "network": null, "operator": null, "railway": "light_rail", "start_date": null, "tracks": null, "voltage": "750", "wikidata": null, "wikipedia": null, "osm_type": "way", "osm_id": 747460263, "name:id": null, "tunnel": null, "usage": "main", "network:wikidata": null, "opening_date": "2023-07-12", "website": null, "line": null, "service": "LRT Jabodebek", "alt_name": null, "railway:track_ref": "4", "check_date": null, "description": null, "source": null, "embankment": null }, "geometry": { "type": "LineString", "coordinates": [ [ 106.8697709, -6.2454609 ], [ 106.8702088, -6.2457109 ], [ 106.8703181, -6.2457672 ], [ 106.8704296, -6.2458153 ], [ 106.8705508, -6.245856 ], [ 106.8711496, -6.2460197 ], [ 106.8717344, -6.2461798 ], [ 106.8720326, -6.2462364 ], [ 106.8721531, -6.2462555 ], [ 106.872427, -6.2462866 ], [ 106.8725945, -6.2463137 ], [ 106.872859, -6.2463535 ] ] } },
{ "type": "Feature", "properties": { "bridge": "yes", "covered": null, "electrified": "rail", "frequency": "0", "gauge": "1435", "layer": "3", "maxspeed": "80", "name": "LRT Jabodebek", "name:en": "Jabodebek LRT", "network": null, "operator": "PT Kereta Api Indonesia (Persero), Divisi LRT Jabodebek", "railway": "light_rail", "start_date": null, "tracks": null, "voltage": "750", "wikidata": "Q20427104", "wikipedia": "id:LRT Jabodebek", "osm_type": "way", "osm_id": 752898462, "name:id": null, "tunnel": null, "usage": "main", "network:wikidata": "Q20427104", "opening_date": "2023-07-12", "website": "https://adhi.co.id/projects/lrt-jabodebek/", "line": null, "service": "LRT Jabodebek", "alt_name": null, "railway:track_ref": null, "check_date": null, "description": null, "source": null, "embankment": null }, "geometry": { "type": "LineString", "coordinates": [ [ 106.8741021, -6.2773465 ], [ 106.8745572, -6.2784354 ], [ 106.8751059, -6.2798178 ], [ 106.8767614, -6.2837422 ], [ 106.8770238, -6.2843507 ], [ 106.8774933, -6.2852726 ], [ 106.8776461, -6.2855985 ], [ 106.8777665, -6.2858099 ], [ 106.8780274, -6.2862529 ], [ 106.8782515, -6.2866484 ], [ 106.8783261, -6.2868119 ], [ 106.8784176, -6.2870361 ], [ 106.8786355, -6.2876179 ], [ 106.8787886, -6.2880533 ], [ 106.8789087, -6.2883333 ], [ 106.8791006, -6.2888078 ], [ 106.8793019, -6.2894184 ], [ 106.8795309, -6.2900978 ], [ 106.8798469, -6.291019 ], [ 106.879979, -6.2914096 ], [ 106.8803472, -6.29241 ], [ 106.8805429, -6.2929106 ], [ 106.8807604, -6.2934875 ], [ 106.8816019, -6.2955604 ], [ 106.8819145, -6.2963469 ], [ 106.8820119, -6.2966077 ], [ 106.8827828, -6.2985149 ], [ 106.8831106, -6.2992294 ], [ 106.8832664, -6.2997164 ], [ 106.8833538, -6.3000796 ], [ 106.8834277, -6.3004071 ], [ 106.8837565, -6.3021549 ], [ 106.8837853, -6.3023438 ], [ 106.8838285, -6.3025717 ], [ 106.8838627, -6.302794 ], [ 106.8838928, -6.30298 ], [ 106.8839365, -6.3031077 ], [ 106.8840254, -6.3032739 ], [ 106.8841042, -6.3033859 ], [ 106.8844285, -6.3037939 ], [ 106.8845392, -6.3039694 ], [ 106.8845955, -6.3040857 ], [ 106.8846439, -6.3042335 ], [ 106.8846671, -6.3044023 ], [ 106.8846578, -6.3045985 ], [ 106.8846208, -6.3047773 ], [ 106.8845282, -6.3049963 ], [ 106.8841091, -6.3058724 ], [ 106.8839202, -6.3062797 ], [ 106.883879, -6.3064727 ], [ 106.8838666, -6.3066023 ], [ 106.8838744, -6.3068267 ], [ 106.8838893, -6.3069621 ], [ 106.884079, -6.3079554 ], [ 106.8842471, -6.3089009 ], [ 106.8843581, -6.3095525 ], [ 106.8845249, -6.3104291 ], [ 106.8845508, -6.3105256 ], [ 106.8845833, -6.3106153 ], [ 106.8846206, -6.3107036 ], [ 106.8846719, -6.3108119 ], [ 106.8847369, -6.3109355 ], [ 106.8849357, -6.3112926 ], [ 106.8850521, -6.3115068 ], [ 106.8851143, -6.3116408 ], [ 106.8851713, -6.3117953 ], [ 106.8852889, -6.3121679 ], [ 106.8853891, -6.3125752 ], [ 106.8854873, -6.3129583 ], [ 106.8856905, -6.313951 ], [ 106.885837, -6.3146197 ], [ 106.8859483, -6.3151309 ], [ 106.8860374, -6.3156499 ], [ 106.8862104, -6.3166305 ], [ 106.8862863, -6.3171096 ], [ 106.8863921, -6.3177886 ], [ 106.886513, -6.3186518 ], [ 106.8865703, -6.319277 ], [ 106.8866164, -6.3212118 ], [ 106.8866082, -6.3231299 ], [ 106.8866163, -6.3237685 ], [ 106.8866286, -6.324364 ], [ 106.8866734, -6.3264316 ], [ 106.8866815, -6.3269284 ], [ 106.8867634, -6.3282827 ], [ 106.8867885, -6.3291214 ], [ 106.8868341, -6.3299195 ], [ 106.8869399, -6.3309766 ], [ 106.8870217, -6.3316245 ], [ 106.8879256, -6.3371454 ], [ 106.8879846, -6.3374786 ], [ 106.8880543, -6.3377772 ], [ 106.8881777, -6.3382011 ], [ 106.8883064, -6.3386223 ], [ 106.8883976, -6.3390115 ], [ 106.8886229, -6.3401658 ], [ 106.8890038, -6.3421731 ], [ 106.8892291, -6.343378 ], [ 106.8897656, -6.3462411 ], [ 106.8898272, -6.3465343 ], [ 106.8899775, -6.3470888 ], [ 106.8906641, -6.349544 ], [ 106.8908304, -6.3501971 ], [ 106.8911871, -6.3514633 ], [ 106.8916914, -6.3532227 ], [ 106.8918903, -6.3540522 ], [ 106.8922251, -6.3550434 ], [ 106.892378, -6.3556059 ], [ 106.8925926, -6.3565309 ], [ 106.8926784, -6.3569547 ], [ 106.8931773, -6.3598577 ], [ 106.8934751, -6.3615797 ], [ 106.8936923, -6.3632591 ], [ 106.8940008, -6.3655329 ], [ 106.8940464, -6.3658075 ], [ 106.8941081, -6.3660501 ], [ 106.8941832, -6.3662633 ], [ 106.894446, -6.3669537 ], [ 106.8945211, -6.3672043 ], [ 106.8945721, -6.3674282 ], [ 106.8946606, -6.3679533 ], [ 106.8949664, -6.369798 ], [ 106.8951353, -6.3710321 ], [ 106.8952078, -6.371536 ], [ 106.8953767, -6.372445 ], [ 106.8955377, -6.373274 ], [ 106.8956519, -6.3738957 ] ] } },
{ "type": "Feature", "properties": { "bridge": null, "covered": "yes", "electrified": "contact_line", "frequency": "0", "gauge": "1067", "layer": null, "maxspeed": "90", "name": "MRT Jakarta Jalur Utara-Selatan", "name:en": "Jakarta MRT North-South Line", "network": "MRT Jakarta", "operator": "PT MRT Jakarta (Perseroda)", "railway": "subway", "start_date": "2019-03-24", "tracks": "1", "voltage": "1500", "wikidata": "Q3333785", "wikipedia": "id:MRT Jakarta", "osm_type": "way", "osm_id": 754520845, "name:id": null, "tunnel": null, "usage": null, "network:wikidata": null, "opening_date": null, "website": null, "line": "North-South", "service": "MRT Jakarta", "alt_name": null, "railway:track_ref": null, "check_date": null, "description": null, "source": null, "embankment": null }, "geometry": { "type": "LineString", "coordinates": [ [ 106.7988058, -6.2304112 ], [ 106.7986567, -6.2308476 ], [ 106.7985442, -6.2312851 ], [ 106.7984648, -6.2317579 ], [ 106.7984333, -6.2322025 ], [ 106.798432, -6.2330243 ] ] } },
{ "type": "Feature", "properties": { "bridge": null, "covered": "yes", "electrified": "contact_line", "frequency": "0", "gauge": "1067", "layer": null, "maxspeed": "90", "name": "MRT Jakarta Jalur Utara-Selatan", "name:en": "Jakarta MRT North-South Line", "network": "MRT Jakarta", "operator": "PT MRT Jakarta (Perseroda)", "railway": "subway", "start_date": "2019-03-24", "tracks": null, "voltage": "1500", "wikidata": "Q3333785", "wikipedia": "id:MRT Jakarta", "osm_type": "way", "osm_id": 754520846, "name:id": null, "tunnel": null, "usage": null, "network:wikidata": null, "opening_date": null, "website": null, "line": null, "service": "MRT Jakarta", "alt_name": null, "railway:track_ref": null, "check_date": null, "description": null, "source": null, "embankment": null }, "geometry": { "type": "LineString", "coordinates": [ [ 106.7984838, -6.2330242 ], [ 106.7984892, -6.2322045 ], [ 106.7985177, -6.2317614 ], [ 106.7985941, -6.2313031 ], [ 106.7987036, -6.2308629 ], [ 106.7988511, -6.2304281 ] ] } },
{ "type": "Feature", "properties": { "bridge": null, "covered": null, "electrified": "rail", "frequency": "0", "gauge": "1435", "layer": null, "maxspeed": "40", "name": null, "name:en": null, "network": null, "operator": null, "railway": "light_rail", "start_date": null, "tracks": null, "voltage": "750", "wikidata": null, "wikipedia": null, "osm_type": "way", "osm_id": 815500762, "name:id": null, "tunnel": null, "usage": null, "network:wikidata": null, "opening_date": "2023-07-01", "website": null, "line": null, "service": "LRT (perlu verifikasi operator)", "alt_name": null, "railway:track_ref": null, "check_date": "2023-03-19", "description": null, "source": null, "embankment": null }, "geometry": { "type": "LineString", "coordinates": [ [ 107.0284634, -6.2661797 ], [ 107.0285942, -6.2661795 ], [ 107.0293077, -6.2661543 ], [ 107.0294284, -6.2661558 ], [ 107.029521, -6.266168 ], [ 107.0296143, -6.2661925 ], [ 107.0297545, -6.266241 ], [ 107.0298134, -6.2662624 ] ] } },
{ "type": "Feature", "properties": { "bridge": null, "covered": null, "electrified": "rail", "frequency": "0", "gauge": "1435", "layer": null, "maxspeed": "40", "name": null, "name:en": null, "network": null, "operator": null, "railway": "light_rail", "start_date": null, "tracks": null, "voltage": "750", "wikidata": null, "wikipedia": null, "osm_type": "way", "osm_id": 824863416, "name:id": null, "tunnel": null, "usage": null, "network:wikidata": null, "opening_date": "2023-07-01", "website": null, "line": null, "service": "LRT (perlu verifikasi operator)", "alt_name": null, "railway:track_ref": null, "check_date": "2023-03-19", "description": null, "source": null, "embankment": null }, "geometry": { "type": "LineString", "coordinates": [ [ 107.0297732, -6.2663699 ], [ 107.0297176, -6.2663497 ], [ 107.0296248, -6.2663168 ], [ 107.0295463, -6.2662992 ], [ 107.0294573, -6.2662866 ], [ 107.0293635, -6.2662825 ], [ 107.0290481, -6.2662932 ], [ 107.0288535, -6.2662947 ] ] } },
{ "type": "Feature", "properties": { "bridge": null, "covered": null, "electrified": "rail", "frequency": "0", "gauge": "1435", "layer": null, "maxspeed": "40", "name": null, "name:en": null, "network": null, "operator": null, "railway": "light_rail", "start_date": null, "tracks": null, "voltage": "750", "wikidata": null, "wikipedia": null, "osm_type": "way", "osm_id": 824863417, "name:id": null, "tunnel": null, "usage": null, "network:wikidata": null, "opening_date": "2023-07-01", "website": null, "line": null, "service": "LRT (perlu verifikasi operator)", "alt_name": null, "railway:track_ref": null, "check_date": "2023-03-19", "description": null, "source": null, "embankment": null }, "geometry": { "type": "LineString", "coordinates": [ [ 107.0297159, -6.2665233 ], [ 107.0296649, -6.2665048 ], [ 107.0295945, -6.2664819 ], [ 107.0294907, -6.2664623 ], [ 107.0291408, -6.2664167 ] ] } },
{ "type": "Feature", "properties": { "bridge": null, "covered": null, "electrified": "rail", "frequency": "0", "gauge": "1435", "layer": null, "maxspeed": "40", "name": null, "name:en": null, "network": null, "operator": null, "railway": "light_rail", "start_date": null, "tracks": null, "voltage": "750", "wikidata": null, "wikipedia": null, "osm_type": "way", "osm_id": 824863418, "name:id": null, "tunnel": null, "usage": null, "network:wikidata": null, "opening_date": "2023-07-01", "website": null, "line": null, "service": "LRT (perlu verifikasi operator)", "alt_name": null, "railway:track_ref": null, "check_date": "2023-03-19", "description": null, "source": null, "embankment": null }, "geometry": { "type": "LineString", "coordinates": [ [ 107.0297441, -6.2664478 ], [ 107.0296908, -6.2664285 ], [ 107.0296075, -6.2664022 ], [ 107.0294981, -6.2663789 ], [ 107.0291178, -6.2663308 ], [ 107.0288535, -6.2662947 ], [ 107.0286275, -6.2662588 ] ] } },
{ "type": "Feature", "properties": { "bridge": null, "covered": null, "electrified": "rail", "frequency": "0", "gauge": "1435", "layer": null, "maxspeed": "40", "name": null, "name:en": null, "network": null, "operator": null, "railway": "light_rail", "start_date": null, "tracks": null, "voltage": "750", "wikidata": null, "wikipedia": null, "osm_type": "way", "osm_id": 824863419, "name:id": null, "tunnel": null, "usage": null, "network:wikidata": null, "opening_date": "2023-07-01", "website": null, "line": null, "service": "LRT (perlu verifikasi operator)", "alt_name": null, "railway:track_ref": null, "check_date": "2023-03-19", "description": null, "source": null, "embankment": null }, "geometry": { "type": "LineString", "coordinates": [ [ 107.0291178, -6.2663308 ], [ 107.0293497, -6.2663228 ], [ 107.0294502, -6.2663274 ], [ 107.0295315, -6.2663374 ], [ 107.0296183, -6.2663561 ], [ 107.029705, -6.2663869 ], [ 107.0297595, -6.2664067 ] ] } },
{ "type": "Feature", "properties": { "bridge": null, "covered": null, "electrified": "rail", "frequency": "0", "gauge": "1435", "layer": null, "maxspeed": "40", "name": null, "name:en": null, "network": null, "operator": null, "railway": "light_rail", "start_date": null, "tracks": null, "voltage": "750", "wikidata": null, "wikipedia": null, "osm_type": "way", "osm_id": 824863420, "name:id": null, "tunnel": null, "usage": null, "network:wikidata": null, "opening_date": "2023-07-01", "website": null, "line": null, "service": "LRT (perlu verifikasi operator)", "alt_name": null, "railway:track_ref": null, "check_date": "2023-03-19", "description": null, "source": null, "embankment": null }, "geometry": { "type": "LineString", "coordinates": [ [ 107.0285559, -6.2660241 ], [ 107.0287918, -6.2659791 ], [ 107.0289686, -6.2659446 ], [ 107.0291166, -6.265911 ], [ 107.0292028, -6.2659007 ], [ 107.0292828, -6.2659025 ], [ 107.0294111, -6.2659229 ], [ 107.0298114, -6.2660744 ], [ 107.0298749, -6.2660976 ] ] } },
{ "type": "Feature", "properties": { "bridge": null, "covered": null, "electrified": "rail", "frequency": "0", "gauge": "1435", "layer": null, "maxspeed": "40", "name": null, "name:en": null, "network": null, "operator": null, "railway": "light_rail", "start_date": null, "tracks": null, "voltage": "750", "wikidata": null, "wikipedia": null, "osm_type": "way", "osm_id": 824863421, "name:id": null, "tunnel": null, "usage": null, "network:wikidata": null, "opening_date": "2023-07-01", "website": null, "line": null, "service": "LRT (perlu verifikasi operator)", "alt_name": null, "railway:track_ref": null, "check_date": "2023-03-19", "description": null, "source": null, "embankment": null }, "geometry": { "type": "LineString", "coordinates": [ [ 107.0258782, -6.2653505 ], [ 107.0265002, -6.2655463 ], [ 107.0273938, -6.2658253 ], [ 107.027598, -6.2658812 ], [ 107.0279771, -6.2659997 ], [ 107.028111, -6.266029 ], [ 107.0282485, -6.266031 ], [ 107.0284368, -6.2660215 ], [ 107.0285559, -6.2660241 ], [ 107.0289051, -6.2660125 ] ] } },
{ "type": "Feature", "properties": { "bridge": null, "covered": null, "electrified": "contact_line", "frequency": "0", "gauge": "1067", "layer": null, "maxspeed": null, "name": null, "name:en": null, "network": null, "operator": null, "railway": "subway", "start_date": null, "tracks": null, "voltage": "1500", "wikidata": null, "wikipedia": null, "osm_type": "way", "osm_id": 868618588, "name:id": null, "tunnel": null, "usage": null, "network:wikidata": null, "opening_date": null, "website": null, "line": null, "service": "MRT Jakarta", "alt_name": null, "railway:track_ref": null, "check_date": null, "description": null, "source": null, "embankment": null }, "geometry": { "type": "LineString", "coordinates": [ [ 106.7772633, -6.2898753 ], [ 106.7758321, -6.2898442 ], [ 106.7757263, -6.2898352 ], [ 106.7754865, -6.2898002 ], [ 106.7753282, -6.289777 ] ] } },
{ "type": "Feature", "properties": { "bridge": null, "covered": "yes", "electrified": "contact_line", "frequency": "0", "gauge": "1067", "layer": null, "maxspeed": null, "name": null, "name:en": null, "network": null, "operator": null, "railway": "subway", "start_date": null, "tracks": null, "voltage": "1500", "wikidata": null, "wikipedia": null, "osm_type": "way", "osm_id": 868618589, "name:id": null, "tunnel": null, "usage": null, "network:wikidata": null, "opening_date": null, "website": null, "line": null, "service": "MRT Jakarta", "alt_name": null, "railway:track_ref": null, "check_date": null, "description": null, "source": null, "embankment": null }, "geometry": { "type": "LineString", "coordinates": [ [ 106.7756452, -6.2905063 ], [ 106.7771125, -6.2905387 ] ] } },
{ "type": "Feature", "properties": { "bridge": null, "covered": "yes", "electrified": "contact_line", "frequency": "0", "gauge": "1067", "layer": null, "maxspeed": null, "name": null, "name:en": null, "network": null, "operator": null, "railway": "subway", "start_date": null, "tracks": null, "voltage": "1500", "wikidata": null, "wikipedia": null, "osm_type": "way", "osm_id": 868618590, "name:id": null, "tunnel": null, "usage": null, "network:wikidata": null, "opening_date": null, "website": null, "line": null, "service": "MRT Jakarta", "alt_name": null, "railway:track_ref": null, "check_date": null, "description": null, "source": null, "embankment": null }, "geometry": { "type": "LineString", "coordinates": [ [ 106.7756442, -6.2904263 ], [ 106.7771124, -6.2904527 ] ] } },
{ "type": "Feature", "properties": { "bridge": null, "covered": "yes", "electrified": "contact_line", "frequency": "0", "gauge": "1067", "layer": null, "maxspeed": null, "name": null, "name:en": null, "network": null, "operator": null, "railway": "subway", "start_date": null, "tracks": null, "voltage": "1500", "wikidata": null, "wikipedia": null, "osm_type": "way", "osm_id": 868618591, "name:id": null, "tunnel": null, "usage": null, "network:wikidata": null, "opening_date": null, "website": null, "line": null, "service": "MRT Jakarta", "alt_name": null, "railway:track_ref": null, "check_date": null, "description": null, "source": null, "embankment": null }, "geometry": { "type": "LineString", "coordinates": [ [ 106.7756461, -6.2903557 ], [ 106.7771207, -6.2903927 ] ] } },
{ "type": "Feature", "properties": { "bridge": null, "covered": null, "electrified": "contact_line", "frequency": "0", "gauge": "1067", "layer": null, "maxspeed": null, "name": null, "name:en": null, "network": null, "operator": null, "railway": "subway", "start_date": null, "tracks": null, "voltage": "1500", "wikidata": null, "wikipedia": null, "osm_type": "way", "osm_id": 868618592, "name:id": null, "tunnel": null, "usage": null, "network:wikidata": null, "opening_date": null, "website": null, "line": null, "service": "MRT Jakarta", "alt_name": null, "railway:track_ref": null, "check_date": null, "description": null, "source": null, "embankment": null }, "geometry": { "type": "LineString", "coordinates": [ [ 106.7714465, -6.2896783 ], [ 106.7718102, -6.2896856 ], [ 106.7719668, -6.2896759 ], [ 106.7723495, -6.2896038 ], [ 106.7725609, -6.2895843 ], [ 106.7728045, -6.2895674 ] ] } },
{ "type": "Feature", "properties": { "bridge": null, "covered": null, "electrified": "contact_line", "frequency": "0", "gauge": "1067", "layer": null, "maxspeed": null, "name": null, "name:en": null, "network": null, "operator": null, "railway": "subway", "start_date": null, "tracks": null, "voltage": "1500", "wikidata": null, "wikipedia": null, "osm_type": "way", "osm_id": 868618593, "name:id": null, "tunnel": null, "usage": null, "network:wikidata": null, "opening_date": null, "website": null, "line": null, "service": "MRT Jakarta", "alt_name": null, "railway:track_ref": null, "check_date": null, "description": null, "source": null, "embankment": null }, "geometry": { "type": "LineString", "coordinates": [ [ 106.7711318, -6.2895802 ], [ 106.771857, -6.289596 ] ] } },
{ "type": "Feature", "properties": { "bridge": "yes", "covered": null, "electrified": "contact_line", "frequency": "0", "gauge": "1067", "layer": "3", "maxspeed": "90", "name": "MRT Jakarta Jalur Utara-Selatan", "name:en": "Jakarta MRT North-South Line", "network": "MRT Jakarta", "operator": "PT MRT Jakarta (Perseroda)", "railway": "subway", "start_date": "2019-03-24", "tracks": "1", "voltage": "1500", "wikidata": "Q3333785", "wikipedia": "id:MRT Jakarta", "osm_type": "way", "osm_id": 898547115, "name:id": null, "tunnel": null, "usage": null, "network:wikidata": null, "opening_date": null, "website": null, "line": null, "service": "MRT Jakarta", "alt_name": null, "railway:track_ref": null, "check_date": null, "description": null, "source": null, "embankment": null }, "geometry": { "type": "LineString", "coordinates": [ [ 106.7970716, -6.2791808 ], [ 106.7970025, -6.279414 ], [ 106.7969225, -6.2796037 ], [ 106.7965872, -6.2803461 ], [ 106.7965281, -6.2804841 ], [ 106.7964305, -6.2807669 ], [ 106.7963445, -6.2810485 ], [ 106.7961295, -6.2818064 ], [ 106.7960697, -6.2821019 ], [ 106.7960429, -6.2823753 ], [ 106.7959435, -6.2841281 ], [ 106.7958897, -6.2847721 ], [ 106.7958068, -6.2854504 ], [ 106.7957355, -6.2860095 ], [ 106.7956347, -6.2866017 ], [ 106.7954631, -6.2873983 ], [ 106.7954281, -6.2875756 ], [ 106.7954008, -6.2877249 ], [ 106.7953805, -6.2878741 ], [ 106.7953703, -6.2880322 ], [ 106.795325, -6.2883426 ], [ 106.7953384, -6.2888705 ], [ 106.795337, -6.289329 ], [ 106.7953062, -6.2897543 ], [ 106.7951922, -6.290854 ], [ 106.7951614, -6.2910833 ], [ 106.7951131, -6.2912806 ], [ 106.7950313, -6.2914885 ], [ 106.7949267, -6.2916925 ], [ 106.7947899, -6.2918698 ], [ 106.7946397, -6.2920311 ], [ 106.7944694, -6.2921577 ], [ 106.7943017, -6.2922604 ], [ 106.7941019, -6.292343 ], [ 106.7938887, -6.292407 ], [ 106.7936232, -6.2924402 ], [ 106.7924656, -6.2924285 ], [ 106.7905413, -6.2924212 ], [ 106.7874138, -6.2924028 ], [ 106.7865137, -6.292381 ], [ 106.7860968, -6.292323 ], [ 106.7855859, -6.2922166 ], [ 106.7849323, -6.2920206 ], [ 106.7840715, -6.2917431 ], [ 106.7832368, -6.2914977 ], [ 106.7824464, -6.2912739 ], [ 106.7816817, -6.2910374 ], [ 106.7811106, -6.29085 ], [ 106.7806578, -6.290674 ], [ 106.7800993, -6.2903873 ], [ 106.7796047, -6.2900893 ], [ 106.7788666, -6.2896225 ], [ 106.7785867, -6.289429 ], [ 106.7782596, -6.2892844 ], [ 106.7779277, -6.289191 ], [ 106.7777209, -6.289146 ], [ 106.7774571, -6.2891217 ], [ 106.7772168, -6.2891242 ], [ 106.77693, -6.2891443 ], [ 106.7763124, -6.289237 ], [ 106.7760707, -6.2892693 ], [ 106.7758229, -6.2892712 ], [ 106.7749374, -6.2892542 ], [ 106.7732661, -6.2892222 ], [ 106.7723026, -6.2892027 ], [ 106.7719915, -6.2892185 ], [ 106.7713514, -6.2893057 ] ] } },
{ "type": "Feature", "properties": { "bridge": "yes", "covered": null, "electrified": "contact_line", "frequency": "0", "gauge": "1067", "layer": "3", "maxspeed": "90", "name": "MRT Jakarta Jalur Utara-Selatan", "name:en": "Jakarta MRT North-South Line", "network": "MRT Jakarta", "operator": "PT MRT Jakarta (Perseroda)", "railway": "subway", "start_date": "2019-03-24", "tracks": "1", "voltage": "1500", "wikidata": "Q3333785", "wikipedia": "id:MRT Jakarta", "osm_type": "way", "osm_id": 898547116, "name:id": null, "tunnel": null, "usage": null, "network:wikidata": null, "opening_date": null, "website": null, "line": null, "service": "MRT Jakarta", "alt_name": null, "railway:track_ref": null, "check_date": null, "description": null, "source": null, "embankment": null }, "geometry": { "type": "LineString", "coordinates": [ [ 106.7984328, -6.2336678 ], [ 106.7984349, -6.2352615 ], [ 106.7984322, -6.2366204 ], [ 106.7984312, -6.2379225 ], [ 106.7984239, -6.2387703 ], [ 106.7984195, -6.239893 ], [ 106.7984287, -6.2417164 ], [ 106.7983916, -6.2420328 ], [ 106.7983404, -6.2422554 ], [ 106.7982092, -6.2426824 ], [ 106.7981354, -6.2429095 ], [ 106.7980775, -6.2431197 ], [ 106.7980418, -6.2433143 ], [ 106.798023, -6.2435375 ], [ 106.7980189, -6.2438169 ], [ 106.7980099, -6.2444225 ], [ 106.7979952, -6.2454167 ], [ 106.7979745, -6.2457214 ], [ 106.7979299, -6.2464296 ], [ 106.7979004, -6.2467165 ], [ 106.7977667, -6.24777 ], [ 106.7975865, -6.2491084 ], [ 106.7975433, -6.2494992 ], [ 106.7975182, -6.2497681 ], [ 106.7974511, -6.251097 ], [ 106.7973309, -6.2534193 ], [ 106.7972525, -6.2544778 ], [ 106.7971191, -6.2557819 ], [ 106.7970155, -6.2567725 ], [ 106.7969569, -6.2573577 ], [ 106.7969155, -6.2578094 ], [ 106.7966999, -6.260169 ], [ 106.7965991, -6.2612338 ], [ 106.7965879, -6.2615446 ], [ 106.7965948, -6.2617555 ], [ 106.796631, -6.2620514 ], [ 106.7966998, -6.262325 ], [ 106.7969575, -6.2631885 ], [ 106.7971966, -6.2639479 ], [ 106.7972944, -6.2643106 ], [ 106.7973269, -6.2645035 ], [ 106.7973427, -6.264717 ], [ 106.7973515, -6.2651822 ], [ 106.7973549, -6.2654936 ], [ 106.7973468, -6.2658616 ], [ 106.7973045, -6.2666928 ], [ 106.7972704, -6.2674225 ], [ 106.7972709, -6.2676425 ], [ 106.7972873, -6.26826 ], [ 106.7974029, -6.2696876 ], [ 106.7974311, -6.2700159 ], [ 106.7974452, -6.2701937 ], [ 106.7975569, -6.2718347 ], [ 106.7976148, -6.2728482 ], [ 106.7976291, -6.2732061 ], [ 106.7976542, -6.2740178 ], [ 106.7976899, -6.2748893 ], [ 106.7977179, -6.2763677 ], [ 106.7977148, -6.2765666 ], [ 106.7977026, -6.27673 ], [ 106.7976605, -6.2770032 ], [ 106.7976113, -6.2772552 ], [ 106.7975158, -6.2776165 ] ] } },
{ "type": "Feature", "properties": { "bridge": "yes", "covered": null, "electrified": "contact_line", "frequency": "0", "gauge": "1067", "layer": "3", "maxspeed": "90", "name": "MRT Jakarta Jalur Utara-Selatan", "name:en": "Jakarta MRT North-South Line", "network": "MRT Jakarta", "operator": "PT MRT Jakarta (Perseroda)", "railway": "subway", "start_date": "2019-03-24", "tracks": "1", "voltage": "1500", "wikidata": "Q3333785", "wikipedia": "id:MRT Jakarta", "osm_type": "way", "osm_id": 898547117, "name:id": null, "tunnel": null, "usage": null, "network:wikidata": null, "opening_date": null, "website": null, "line": null, "service": "MRT Jakarta", "alt_name": null, "railway:track_ref": null, "check_date": null, "description": null, "source": null, "embankment": null }, "geometry": { "type": "LineString", "coordinates": [ [ 106.7713514, -6.2893057 ], [ 106.7716338, -6.2893045 ], [ 106.7720012, -6.2892591 ], [ 106.7723049, -6.2892465 ], [ 106.7732712, -6.2892663 ], [ 106.7749323, -6.2892957 ], [ 106.7758382, -6.2893118 ], [ 106.7760651, -6.2893111 ], [ 106.7763224, -6.2892814 ], [ 106.7769335, -6.289185 ], [ 106.7772267, -6.289166 ], [ 106.7774632, -6.2891662 ], [ 106.7777173, -6.2891885 ], [ 106.7779414, -6.2892318 ], [ 106.7782452, -6.2893198 ], [ 106.7785706, -6.2894663 ], [ 106.7788519, -6.2896587 ], [ 106.7792491, -6.2899036 ], [ 106.7795949, -6.2901261 ], [ 106.7800927, -6.2904355 ], [ 106.7806277, -6.2907081 ], [ 106.7811012, -6.290882 ], [ 106.7816684, -6.2910723 ], [ 106.7824356, -6.2913099 ], [ 106.7832296, -6.2915376 ], [ 106.7840581, -6.2917809 ], [ 106.7849204, -6.2920609 ], [ 106.7855702, -6.2922524 ], [ 106.7860848, -6.292363 ], [ 106.7865146, -6.2924164 ], [ 106.7874175, -6.2924345 ], [ 106.790543, -6.2924629 ], [ 106.7924632, -6.2924711 ], [ 106.793627, -6.2924853 ], [ 106.7939048, -6.292451 ], [ 106.7941247, -6.2923857 ], [ 106.7943299, -6.292299 ], [ 106.794515, -6.2921817 ], [ 106.7946853, -6.2920551 ], [ 106.7948355, -6.2918938 ], [ 106.7949723, -6.2917165 ], [ 106.7950822, -6.2915125 ], [ 106.7951654, -6.2912953 ], [ 106.7952164, -6.2910913 ], [ 106.7952445, -6.290866 ], [ 106.7953585, -6.2897569 ], [ 106.795388, -6.289325 ], [ 106.795392, -6.2888731 ], [ 106.7953706, -6.2883666 ], [ 106.7954041, -6.288028 ], [ 106.7954167, -6.2878769 ], [ 106.7954357, -6.2877277 ], [ 106.7954642, -6.287582 ], [ 106.7954995, -6.2874051 ], [ 106.7956696, -6.2866175 ], [ 106.7957751, -6.2860123 ], [ 106.7958476, -6.2854603 ], [ 106.7959307, -6.2847708 ], [ 106.7959796, -6.2841352 ], [ 106.7960836, -6.2823792 ], [ 106.7961093, -6.2821011 ], [ 106.7961692, -6.2818209 ], [ 106.7963824, -6.2810617 ], [ 106.7964684, -6.2807771 ], [ 106.7965644, -6.2804974 ], [ 106.7966283, -6.2803536 ], [ 106.7969646, -6.2796151 ], [ 106.7970381, -6.2794275 ], [ 106.7971131, -6.2791926 ] ] } },
{ "type": "Feature", "properties": { "bridge": "yes", "covered": null, "electrified": "contact_line", "frequency": "0", "gauge": "1067", "layer": "3", "maxspeed": "90", "name": "MRT Jakarta Jalur Utara-Selatan", "name:en": "Jakarta MRT North-South Line", "network": "MRT Jakarta", "operator": "PT MRT Jakarta (Perseroda)", "railway": "subway", "start_date": "2019-03-24", "tracks": null, "voltage": "1500", "wikidata": "Q3333785", "wikipedia": "id:MRT Jakarta", "osm_type": "way", "osm_id": 898547118, "name:id": null, "tunnel": null, "usage": null, "network:wikidata": null, "opening_date": null, "website": null, "line": null, "service": "MRT Jakarta", "alt_name": null, "railway:track_ref": null, "check_date": null, "description": null, "source": null, "embankment": null }, "geometry": { "type": "LineString", "coordinates": [ [ 106.7975549, -6.2776319 ], [ 106.79765, -6.2772738 ], [ 106.7977045, -6.2770081 ], [ 106.7977415, -6.2767378 ], [ 106.7977561, -6.27657 ], [ 106.7977595, -6.2763661 ], [ 106.7977337, -6.2748869 ], [ 106.797703, -6.2740123 ], [ 106.7976708, -6.2732009 ], [ 106.7976547, -6.2728463 ], [ 106.7975928, -6.271819 ], [ 106.7974823, -6.2701847 ], [ 106.7974683, -6.2700099 ], [ 106.7974411, -6.2696841 ], [ 106.7973318, -6.2682515 ], [ 106.797309, -6.2676417 ], [ 106.7973107, -6.2674231 ], [ 106.7973445, -6.2666958 ], [ 106.7973902, -6.2658742 ], [ 106.7974004, -6.2654988 ], [ 106.7973946, -6.2651621 ], [ 106.797384, -6.2647055 ], [ 106.7973678, -6.2645003 ], [ 106.7973341, -6.2643021 ], [ 106.7972424, -6.2639376 ], [ 106.7970055, -6.2631778 ], [ 106.7967414, -6.2623132 ], [ 106.7966721, -6.2620431 ], [ 106.7966363, -6.2617505 ], [ 106.7966325, -6.2615394 ], [ 106.7966421, -6.2612262 ], [ 106.7967447, -6.2601742 ], [ 106.796958, -6.2578122 ], [ 106.7970024, -6.2573587 ], [ 106.7970614, -6.2567823 ], [ 106.7971718, -6.2557872 ], [ 106.7972954, -6.25448 ], [ 106.7973676, -6.2534206 ], [ 106.7974954, -6.2511031 ], [ 106.7975555, -6.2497736 ], [ 106.7975804, -6.2495007 ], [ 106.7976277, -6.2491107 ], [ 106.7978044, -6.2477806 ], [ 106.7979333, -6.2468744 ], [ 106.7979754, -6.2465874 ], [ 106.7981448, -6.2457317 ], [ 106.798203, -6.245424 ], [ 106.7982379, -6.2449172 ], [ 106.7982388, -6.2444226 ], [ 106.7982399, -6.24382 ], [ 106.7982384, -6.2435284 ], [ 106.7982383, -6.243223 ], [ 106.7982576, -6.24304 ], [ 106.7983145, -6.2426644 ], [ 106.7983501, -6.2425149 ], [ 106.7984475, -6.2420456 ], [ 106.7984735, -6.2417242 ], [ 106.7984715, -6.2399069 ], [ 106.7984696, -6.2387709 ], [ 106.798472, -6.2379225 ], [ 106.7984725, -6.2366177 ], [ 106.7984807, -6.2352631 ], [ 106.7984838, -6.2336668 ] ] } },
{ "type": "Feature", "properties": { "bridge": null, "covered": null, "electrified": "rail", "frequency": "0", "gauge": "1435", "layer": null, "maxspeed": "40", "name": null, "name:en": null, "network": null, "operator": null, "railway": "light_rail", "start_date": null, "tracks": null, "voltage": "750", "wikidata": null, "wikipedia": null, "osm_type": "way", "osm_id": 914866238, "name:id": null, "tunnel": null, "usage": null, "network:wikidata": null, "opening_date": "2023-07-01", "website": null, "line": null, "service": "LRT (perlu verifikasi operator)", "alt_name": null, "railway:track_ref": null, "check_date": "2023-03-19", "description": null, "source": null, "embankment": null }, "geometry": { "type": "LineString", "coordinates": [ [ 107.0270318, -6.2657765 ], [ 107.0273938, -6.2658253 ] ] } },
{ "type": "Feature", "properties": { "bridge": null, "covered": null, "electrified": "rail", "frequency": "0", "gauge": "1435", "layer": null, "maxspeed": "40", "name": null, "name:en": null, "network": null, "operator": null, "railway": "light_rail", "start_date": null, "tracks": null, "voltage": "750", "wikidata": null, "wikipedia": null, "osm_type": "way", "osm_id": 914866239, "name:id": null, "tunnel": null, "usage": null, "network:wikidata": null, "opening_date": "2023-07-01", "website": null, "line": null, "service": "LRT (perlu verifikasi operator)", "alt_name": null, "railway:track_ref": null, "check_date": "2023-03-19", "description": null, "source": null, "embankment": null }, "geometry": { "type": "LineString", "coordinates": [ [ 107.0260663, -6.2653223 ], [ 107.0271831, -6.2656748 ], [ 107.0274465, -6.2657131 ] ] } },
{ "type": "Feature", "properties": { "bridge": null, "covered": null, "electrified": "rail", "frequency": "0", "gauge": "1435", "layer": null, "maxspeed": "40", "name": null, "name:en": null, "network": null, "operator": null, "railway": "light_rail", "start_date": null, "tracks": null, "voltage": "750", "wikidata": null, "wikipedia": null, "osm_type": "way", "osm_id": 914869674, "name:id": null, "tunnel": null, "usage": null, "network:wikidata": null, "opening_date": "2023-07-01", "website": null, "line": null, "service": "LRT (perlu verifikasi operator)", "alt_name": null, "railway:track_ref": null, "check_date": "2023-03-19", "description": null, "source": null, "embankment": null }, "geometry": { "type": "LineString", "coordinates": [ [ 107.0265002, -6.2655463 ], [ 107.0268207, -6.2657091 ] ] } },
{ "type": "Feature", "properties": { "bridge": null, "covered": null, "electrified": "rail", "frequency": "0", "gauge": "1435", "layer": null, "maxspeed": "40", "name": null, "name:en": null, "network": null, "operator": null, "railway": "light_rail", "start_date": null, "tracks": null, "voltage": "750", "wikidata": null, "wikipedia": null, "osm_type": "way", "osm_id": 914869675, "name:id": null, "tunnel": null, "usage": null, "network:wikidata": null, "opening_date": "2023-07-01", "website": null, "line": null, "service": "LRT (perlu verifikasi operator)", "alt_name": null, "railway:track_ref": null, "check_date": "2023-03-19", "description": null, "source": null, "embankment": null }, "geometry": { "type": "LineString", "coordinates": [ [ 107.0279639, -6.2660583 ], [ 107.028531, -6.2661375 ], [ 107.0286342, -6.2661404 ], [ 107.0288129, -6.2661101 ], [ 107.0290945, -6.2660481 ], [ 107.0291778, -6.266038 ], [ 107.0292846, -6.2660347 ], [ 107.0293742, -6.2660407 ], [ 107.0294642, -6.2660554 ], [ 107.0297796, -6.2661674 ], [ 107.0298406, -6.2661896 ] ] } },
{ "type": "Feature", "properties": { "bridge": null, "covered": null, "electrified": "rail", "frequency": "0", "gauge": "1435", "layer": null, "maxspeed": "40", "name": null, "name:en": null, "network": null, "operator": null, "railway": "light_rail", "start_date": null, "tracks": null, "voltage": "750", "wikidata": null, "wikipedia": null, "osm_type": "way", "osm_id": 917271033, "name:id": null, "tunnel": null, "usage": null, "network:wikidata": null, "opening_date": "2023-07-01", "website": null, "line": null, "service": "LRT (perlu verifikasi operator)", "alt_name": null, "railway:track_ref": null, "check_date": "2023-03-19", "description": null, "source": null, "embankment": null }, "geometry": { "type": "LineString", "coordinates": [ [ 107.0290947, -6.2654409 ], [ 107.0288838, -6.2654296 ], [ 107.0287181, -6.265441 ], [ 107.0286332, -6.2654546 ], [ 107.0285011, -6.2654838 ], [ 107.0284034, -6.2655156 ], [ 107.0282543, -6.2655797 ], [ 107.0281286, -6.265656 ], [ 107.0280247, -6.2657329 ], [ 107.0279355, -6.2657732 ], [ 107.0278416, -6.265792 ], [ 107.0277438, -6.2657871 ], [ 107.0276264, -6.2657696 ], [ 107.0274465, -6.2657131 ], [ 107.0260734, -6.2652797 ] ] } },
{ "type": "Feature", "properties": { "bridge": null, "covered": null, "electrified": "rail", "frequency": "0", "gauge": "1435", "layer": null, "maxspeed": "40", "name": null, "name:en": null, "network": null, "operator": null, "railway": "light_rail", "start_date": null, "tracks": null, "voltage": "750", "wikidata": null, "wikipedia": null, "osm_type": "way", "osm_id": 917281054, "name:id": null, "tunnel": null, "usage": null, "network:wikidata": null, "opening_date": "2023-07-01", "website": null, "line": null, "service": "LRT (perlu verifikasi operator)", "alt_name": null, "railway:track_ref": null, "check_date": "2023-03-19", "description": null, "source": null, "embankment": null }, "geometry": { "type": "LineString", "coordinates": [ [ 107.0258578, -6.2654072 ], [ 107.0268207, -6.2657091 ], [ 107.0270318, -6.2657765 ], [ 107.0279639, -6.2660583 ], [ 107.0282733, -6.2661518 ], [ 107.0286275, -6.2662588 ], [ 107.028928, -6.2663498 ], [ 107.0291408, -6.2664167 ], [ 107.0294252, -6.2665031 ], [ 107.0297422, -6.2666327 ], [ 107.0299429, -6.266704 ], [ 107.0303935, -6.2668762 ], [ 107.0307759, -6.267013 ], [ 107.0310486, -6.2670894 ], [ 107.0311159, -6.2671007 ], [ 107.0312712, -6.2671292 ], [ 107.0314653, -6.2671657 ], [ 107.0315666, -6.2671721 ], [ 107.0319823, -6.2671615 ] ] } },
{ "type": "Feature", "properties": { "bridge": null, "covered": null, "electrified": "rail", "frequency": "0", "gauge": "1435", "layer": null, "maxspeed": "40", "name": null, "name:en": null, "network": null, "operator": null, "railway": "light_rail", "start_date": null, "tracks": null, "voltage": "750", "wikidata": null, "wikipedia": null, "osm_type": "way", "osm_id": 949997539, "name:id": null, "tunnel": null, "usage": null, "network:wikidata": null, "opening_date": "2023-07-01", "website": null, "line": null, "service": "LRT (perlu verifikasi operator)", "alt_name": null, "railway:track_ref": null, "check_date": "2023-03-19", "description": null, "source": null, "embankment": null }, "geometry": { "type": "LineString", "coordinates": [ [ 107.0297992, -6.2663003 ], [ 107.0297415, -6.2662793 ], [ 107.0295897, -6.2662268 ], [ 107.0295004, -6.2662054 ], [ 107.0294052, -6.2661957 ], [ 107.0293062, -6.2661916 ], [ 107.0287555, -6.2662078 ], [ 107.0286576, -6.2662032 ] ] } },
{ "type": "Feature", "properties": { "bridge": null, "covered": null, "electrified": "rail", "frequency": "0", "gauge": "1435", "layer": null, "maxspeed": "40", "name": null, "name:en": null, "network": null, "operator": null, "railway": "light_rail", "start_date": null, "tracks": null, "voltage": "750", "wikidata": null, "wikipedia": null, "osm_type": "way", "osm_id": 972458075, "name:id": null, "tunnel": null, "usage": null, "network:wikidata": null, "opening_date": "2023-07-01", "website": null, "line": null, "service": "LRT (perlu verifikasi operator)", "alt_name": null, "railway:track_ref": null, "check_date": "2023-03-19", "description": null, "source": null, "embankment": null }, "geometry": { "type": "LineString", "coordinates": [ [ 107.0282733, -6.2661518 ], [ 107.0284634, -6.2661797 ], [ 107.0286576, -6.2662032 ], [ 107.0289368, -6.2662412 ], [ 107.0290434, -6.2662481 ], [ 107.0293731, -6.2662463 ], [ 107.0294705, -6.2662499 ], [ 107.029561, -6.2662631 ], [ 107.0296277, -6.2662799 ], [ 107.0297295, -6.2663148 ], [ 107.0297861, -6.2663354 ] ] } },
{ "type": "Feature", "properties": { "bridge": "yes", "covered": null, "electrified": "yes", "frequency": "0", "gauge": "1435", "layer": "3", "maxspeed": "40", "name": "LRT Jabodebek", "name:en": "Jabodebek LRT", "network": null, "operator": null, "railway": "light_rail", "start_date": null, "tracks": null, "voltage": "750", "wikidata": null, "wikipedia": null, "osm_type": "way", "osm_id": 974999493, "name:id": null, "tunnel": null, "usage": "main", "network:wikidata": null, "opening_date": "2023-07-12", "website": null, "line": null, "service": "LRT Jabodebek", "alt_name": null, "railway:track_ref": null, "check_date": null, "description": null, "source": null, "embankment": null }, "geometry": { "type": "LineString", "coordinates": [ [ 107.0258578, -6.2654072 ], [ 107.0250972, -6.2651684 ], [ 107.0247019, -6.2650369 ], [ 107.0235865, -6.2646488 ], [ 107.0234657, -6.2646125 ], [ 107.0233163, -6.2645777 ], [ 107.0229456, -6.2645349 ] ] } },
{ "type": "Feature", "properties": { "bridge": "yes", "covered": null, "electrified": "yes", "frequency": null, "gauge": "1435", "layer": "3", "maxspeed": "100", "name": "LRT Jabodebek", "name:en": "Jabodebek LRT", "network": null, "operator": "PT Kereta Api Indonesia (Persero), Divisi LRT Jabodebek", "railway": "light_rail", "start_date": null, "tracks": null, "voltage": null, "wikidata": "Q20427104", "wikipedia": "id:LRT Jabodebek", "osm_type": "way", "osm_id": 974999494, "name:id": null, "tunnel": null, "usage": "main", "network:wikidata": "Q20427104", "opening_date": "2023-07-12", "website": "https://adhi.co.id/projects/lrt-jabodebek/", "line": null, "service": "LRT Jabodebek", "alt_name": null, "railway:track_ref": null, "check_date": null, "description": null, "source": null, "embankment": null }, "geometry": { "type": "LineString", "coordinates": [ [ 107.022784, -6.2644782 ], [ 107.0224146, -6.2643895 ] ] } },
{ "type": "Feature", "properties": { "bridge": "yes", "covered": null, "electrified": "yes", "frequency": "0", "gauge": "1435", "layer": "3", "maxspeed": "40", "name": "LRT Jabodebek", "name:en": "Jabodebek LRT", "network": null, "operator": null, "railway": "light_rail", "start_date": null, "tracks": null, "voltage": "750", "wikidata": null, "wikipedia": null, "osm_type": "way", "osm_id": 974999496, "name:id": null, "tunnel": null, "usage": "main", "network:wikidata": null, "opening_date": "2023-07-12", "website": null, "line": null, "service": "LRT Jabodebek", "alt_name": null, "railway:track_ref": null, "check_date": null, "description": null, "source": null, "embankment": null }, "geometry": { "type": "LineString", "coordinates": [ [ 107.0223845, -6.2643381 ], [ 107.0229773, -6.2644115 ], [ 107.0231675, -6.2644612 ], [ 107.0233303, -6.2645091 ], [ 107.0245127, -6.2649295 ], [ 107.0247134, -6.2649953 ], [ 107.0258782, -6.2653505 ] ] } },
{ "type": "Feature", "properties": { "bridge": "yes", "covered": null, "electrified": "yes", "frequency": null, "gauge": "1435", "layer": "3", "maxspeed": "60", "name": "LRT Jabodebek", "name:en": "Jabodebek LRT", "network": null, "operator": null, "railway": "light_rail", "start_date": null, "tracks": null, "voltage": null, "wikidata": null, "wikipedia": null, "osm_type": "way", "osm_id": 974999497, "name:id": null, "tunnel": null, "usage": "main", "network:wikidata": null, "opening_date": "2023-07-12", "website": null, "line": null, "service": "LRT Jabodebek", "alt_name": null, "railway:track_ref": null, "check_date": null, "description": null, "source": null, "embankment": null }, "geometry": { "type": "LineString", "coordinates": [ [ 107.0209381, -6.2638307 ], [ 107.0205491, -6.2637343 ] ] } },
{ "type": "Feature", "properties": { "bridge": null, "covered": null, "electrified": "rail", "frequency": "0", "gauge": "1435", "layer": null, "maxspeed": "40", "name": null, "name:en": null, "network": null, "operator": null, "railway": "light_rail", "start_date": null, "tracks": null, "voltage": "750", "wikidata": null, "wikipedia": null, "osm_type": "way", "osm_id": 974999498, "name:id": null, "tunnel": null, "usage": null, "network:wikidata": null, "opening_date": "2023-07-01", "website": null, "line": null, "service": "LRT (perlu verifikasi operator)", "alt_name": null, "railway:track_ref": null, "check_date": "2023-03-19", "description": null, "source": null, "embankment": null }, "geometry": { "type": "LineString", "coordinates": [ [ 107.028928, -6.2663498 ], [ 107.0290365, -6.2663613 ], [ 107.0295004, -6.2664227 ], [ 107.0296066, -6.2664432 ], [ 107.0296773, -6.2664683 ], [ 107.0297294, -6.2664873 ] ] } },
{ "type": "Feature", "properties": { "bridge": "yes", "covered": null, "electrified": "yes", "frequency": null, "gauge": "1435", "layer": "3", "maxspeed": null, "name": "LRT Jabodebek", "name:en": "Jabodebek LRT", "network": null, "operator": "PT Kereta Api Indonesia (Persero), Divisi LRT Jabodebek", "railway": "light_rail", "start_date": null, "tracks": "1", "voltage": null, "wikidata": "Q20427104", "wikipedia": "id:LRT Jabodebek", "osm_type": "way", "osm_id": 987145645, "name:id": null, "tunnel": null, "usage": "main", "network:wikidata": "Q20427104", "opening_date": "2023-07-12", "website": "https://adhi.co.id/projects/lrt-jabodebek/", "line": null, "service": "LRT Jabodebek", "alt_name": null, "railway:track_ref": null, "check_date": null, "description": null, "source": null, "embankment": null }, "geometry": { "type": "LineString", "coordinates": [ [ 106.8244223, -6.2046204 ], [ 106.8247519, -6.204641 ] ] } },
{ "type": "Feature", "properties": { "bridge": "yes", "covered": null, "electrified": "yes", "frequency": null, "gauge": "1435", "layer": "3", "maxspeed": null, "name": "LRT Jabodebek", "name:en": "Jabodebek LRT", "network": null, "operator": null, "railway": "light_rail", "start_date": null, "tracks": "1", "voltage": null, "wikidata": null, "wikipedia": null, "osm_type": "way", "osm_id": 987145646, "name:id": null, "tunnel": null, "usage": "main", "network:wikidata": null, "opening_date": "2023-07-12", "website": null, "line": null, "service": "LRT Jabodebek", "alt_name": null, "railway:track_ref": null, "check_date": null, "description": null, "source": null, "embankment": null }, "geometry": { "type": "LineString", "coordinates": [ [ 106.8324916, -6.2225336 ], [ 106.8325308, -6.2228859 ] ] } },
{ "type": "Feature", "properties": { "bridge": "yes", "covered": null, "electrified": "yes", "frequency": null, "gauge": "1435", "layer": "3", "maxspeed": null, "name": "LRT Jabodebek", "name:en": "Jabodebek LRT", "network": null, "operator": null, "railway": "light_rail", "start_date": null, "tracks": "1", "voltage": null, "wikidata": null, "wikipedia": null, "osm_type": "way", "osm_id": 987145647, "name:id": null, "tunnel": null, "usage": "main", "network:wikidata": null, "opening_date": "2023-07-12", "website": null, "line": null, "service": "LRT Jabodebek", "alt_name": null, "railway:track_ref": null, "check_date": null, "description": null, "source": null, "embankment": null }, "geometry": { "type": "LineString", "coordinates": [ [ 106.826757, -6.2050605 ], [ 106.826366, -6.2050271 ] ] } },
{ "type": "Feature", "properties": { "bridge": "yes", "covered": null, "electrified": "yes", "frequency": null, "gauge": "1435", "layer": "3", "maxspeed": null, "name": "LRT Jabodebek", "name:en": "Jabodebek LRT", "network": null, "operator": null, "railway": "light_rail", "start_date": null, "tracks": "1", "voltage": null, "wikidata": null, "wikipedia": null, "osm_type": "way", "osm_id": 987145648, "name:id": null, "tunnel": null, "usage": "main", "network:wikidata": null, "opening_date": "2023-07-12", "website": null, "line": null, "service": "LRT Jabodebek", "alt_name": null, "railway:track_ref": null, "check_date": null, "description": null, "source": null, "embankment": null }, "geometry": { "type": "LineString", "coordinates": [ [ 106.8365386, -6.2416029 ], [ 106.8361917, -6.2415527 ] ] } },
{ "type": "Feature", "properties": { "bridge": "yes", "covered": null, "electrified": "yes", "frequency": null, "gauge": "1435", "layer": "3", "maxspeed": null, "name": "LRT Jabodebek", "name:en": "Jabodebek LRT", "network": null, "operator": null, "railway": "light_rail", "start_date": null, "tracks": "1", "voltage": null, "wikidata": null, "wikipedia": null, "osm_type": "way", "osm_id": 987145649, "name:id": null, "tunnel": null, "usage": "main", "network:wikidata": null, "opening_date": "2023-07-12", "website": null, "line": null, "service": "LRT Jabodebek", "alt_name": null, "railway:track_ref": null, "check_date": null, "description": null, "source": null, "embankment": null }, "geometry": { "type": "LineString", "coordinates": [ [ 106.8733144, -6.2464281 ], [ 106.8729611, -6.2463786 ] ] } },
{ "type": "Feature", "properties": { "bridge": "yes", "covered": null, "electrified": "yes", "frequency": "0", "gauge": "1435", "layer": "3", "maxspeed": null, "name": "LRT Jabodebek", "name:en": "Jabodebek LRT", "network": null, "operator": null, "railway": "light_rail", "start_date": null, "tracks": "1", "voltage": "750", "wikidata": null, "wikipedia": null, "osm_type": "way", "osm_id": 987145650, "name:id": null, "tunnel": null, "usage": "main", "network:wikidata": null, "opening_date": "2023-07-12", "website": null, "line": null, "service": "LRT Jabodebek", "alt_name": null, "railway:track_ref": null, "check_date": null, "description": null, "source": null, "embankment": null }, "geometry": { "type": "LineString", "coordinates": [ [ 106.869225, -6.245178 ], [ 106.8695594, -6.2453671 ] ] } },
{ "type": "Feature", "properties": { "bridge": "yes", "covered": null, "electrified": "yes", "frequency": "0", "gauge": "1435", "layer": "3", "maxspeed": null, "name": "LRT Jabodebek", "name:en": "Jabodebek LRT", "network": null, "operator": null, "railway": "light_rail", "start_date": null, "tracks": "1", "voltage": "750", "wikidata": null, "wikipedia": null, "osm_type": "way", "osm_id": 987145651, "name:id": null, "tunnel": null, "usage": "main", "network:wikidata": null, "opening_date": "2023-07-12", "website": null, "line": null, "service": "LRT Jabodebek", "alt_name": null, "railway:track_ref": null, "check_date": null, "description": null, "source": null, "embankment": null }, "geometry": { "type": "LineString", "coordinates": [ [ 106.8719864, -6.2460909 ], [ 106.8723757, -6.2462225 ] ] } },
{ "type": "Feature", "properties": { "bridge": null, "covered": null, "electrified": "rail", "frequency": "0", "gauge": "1435", "layer": null, "maxspeed": "40", "name": null, "name:en": null, "network": null, "operator": null, "railway": "light_rail", "start_date": null, "tracks": null, "voltage": "750", "wikidata": null, "wikipedia": null, "osm_type": "way", "osm_id": 1062948017, "name:id": null, "tunnel": null, "usage": null, "network:wikidata": null, "opening_date": "2023-07-01", "website": null, "line": null, "service": "LRT (perlu verifikasi operator)", "alt_name": null, "railway:track_ref": null, "check_date": "2023-03-19", "description": null, "source": null, "embankment": null }, "geometry": { "type": "LineString", "coordinates": [ [ 107.0278544, -6.2650634 ], [ 107.0279493, -6.2650982 ], [ 107.0283702, -6.2651961 ], [ 107.0285933, -6.2652493 ], [ 107.0287561, -6.2652923 ], [ 107.0289394, -6.2653596 ], [ 107.0291749, -6.265428 ] ] } },
{ "type": "Feature", "properties": { "bridge": null, "covered": null, "electrified": "rail", "frequency": "0", "gauge": "1435", "layer": null, "maxspeed": "40", "name": null, "name:en": null, "network": null, "operator": null, "railway": "light_rail", "start_date": null, "tracks": null, "voltage": "750", "wikidata": null, "wikipedia": null, "osm_type": "way", "osm_id": 1062948018, "name:id": null, "tunnel": null, "usage": null, "network:wikidata": null, "opening_date": "2023-07-01", "website": null, "line": null, "service": "LRT (perlu verifikasi operator)", "alt_name": null, "railway:track_ref": null, "check_date": "2023-03-19", "description": null, "source": null, "embankment": null }, "geometry": { "type": "LineString", "coordinates": [ [ 107.0286342, -6.2661404 ], [ 107.0291332, -6.2660963 ], [ 107.0292489, -6.2660894 ], [ 107.0293674, -6.2660902 ], [ 107.0294514, -6.2661026 ], [ 107.0295449, -6.2661302 ], [ 107.0297635, -6.2662096 ], [ 107.0298248, -6.2662319 ] ] } },
{ "type": "Feature", "properties": { "bridge": null, "covered": null, "electrified": "rail", "frequency": "0", "gauge": "1435", "layer": null, "maxspeed": "40", "name": null, "name:en": null, "network": null, "operator": null, "railway": "light_rail", "start_date": null, "tracks": null, "voltage": "750", "wikidata": null, "wikipedia": null, "osm_type": "way", "osm_id": 1062948019, "name:id": null, "tunnel": null, "usage": null, "network:wikidata": null, "opening_date": "2023-07-01", "website": null, "line": null, "service": "LRT (perlu verifikasi operator)", "alt_name": null, "railway:track_ref": null, "check_date": "2023-03-19", "description": null, "source": null, "embankment": null }, "geometry": { "type": "LineString", "coordinates": [ [ 107.0285715, -6.265365 ], [ 107.0281211, -6.2654174 ], [ 107.0280268, -6.2654184 ], [ 107.0279267, -6.2654029 ], [ 107.0278171, -6.2653747 ], [ 107.0277499, -6.2653497 ] ] } },
{ "type": "Feature", "properties": { "bridge": null, "covered": null, "electrified": "rail", "frequency": "0", "gauge": "1435", "layer": null, "maxspeed": "40", "name": null, "name:en": null, "network": null, "operator": null, "railway": "light_rail", "start_date": null, "tracks": null, "voltage": "750", "wikidata": null, "wikipedia": null, "osm_type": "way", "osm_id": 1062948020, "name:id": null, "tunnel": null, "usage": null, "network:wikidata": null, "opening_date": "2023-07-01", "website": null, "line": null, "service": "LRT (perlu verifikasi operator)", "alt_name": null, "railway:track_ref": null, "check_date": "2023-03-19", "description": null, "source": null, "embankment": null }, "geometry": { "type": "LineString", "coordinates": [ [ 107.0307759, -6.267013 ], [ 107.0310338, -6.2671077 ], [ 107.0311435, -6.2671398 ], [ 107.0313551, -6.2672234 ], [ 107.0316821, -6.2673464 ], [ 107.0317845, -6.2673722 ], [ 107.0319107, -6.2673928 ], [ 107.0319865, -6.2674059 ] ] } },
{ "type": "Feature", "properties": { "bridge": null, "covered": null, "electrified": "rail", "frequency": "0", "gauge": "1435", "layer": null, "maxspeed": "40", "name": null, "name:en": null, "network": null, "operator": null, "railway": "light_rail", "start_date": null, "tracks": null, "voltage": "750", "wikidata": null, "wikipedia": null, "osm_type": "way", "osm_id": 1062948021, "name:id": null, "tunnel": null, "usage": null, "network:wikidata": null, "opening_date": "2023-07-01", "website": null, "line": null, "service": "LRT (perlu verifikasi operator)", "alt_name": null, "railway:track_ref": null, "check_date": "2023-03-19", "description": null, "source": null, "embankment": null }, "geometry": { "type": "LineString", "coordinates": [ [ 107.0289051, -6.2660125 ], [ 107.0291815, -6.2659525 ], [ 107.0292693, -6.2659501 ], [ 107.0293698, -6.2659614 ], [ 107.0294524, -6.2659771 ], [ 107.0298015, -6.2661029 ], [ 107.0298644, -6.2661258 ] ] } },
{ "type": "Feature", "properties": { "bridge": null, "covered": null, "electrified": "rail", "frequency": "0", "gauge": "1435", "layer": null, "maxspeed": "40", "name": null, "name:en": null, "network": null, "operator": null, "railway": "light_rail", "start_date": null, "tracks": null, "voltage": "750", "wikidata": null, "wikipedia": null, "osm_type": "way", "osm_id": 1062948022, "name:id": null, "tunnel": null, "usage": null, "network:wikidata": null, "opening_date": "2023-07-01", "website": null, "line": null, "service": "LRT (perlu verifikasi operator)", "alt_name": null, "railway:track_ref": null, "check_date": "2023-03-19", "description": null, "source": null, "embankment": null }, "geometry": { "type": "LineString", "coordinates": [ [ 107.0311159, -6.2671007 ], [ 107.0313436, -6.2671758 ], [ 107.031441, -6.2671998 ], [ 107.0315527, -6.2672167 ], [ 107.0316559, -6.2672256 ], [ 107.0319833, -6.2672197 ] ] } },
{ "type": "Feature", "properties": { "bridge": null, "covered": null, "electrified": "rail", "frequency": "0", "gauge": "1435", "layer": null, "maxspeed": "40", "name": null, "name:en": null, "network": null, "operator": null, "railway": "light_rail", "start_date": null, "tracks": null, "voltage": "750", "wikidata": null, "wikipedia": null, "osm_type": "way", "osm_id": 1062948023, "name:id": null, "tunnel": null, "usage": null, "network:wikidata": null, "opening_date": "2023-07-01", "website": null, "line": null, "service": "LRT (perlu verifikasi operator)", "alt_name": null, "railway:track_ref": null, "check_date": "2023-03-19", "description": null, "source": null, "embankment": null }, "geometry": { "type": "LineString", "coordinates": [ [ 107.0299303, -6.2659493 ], [ 107.0298621, -6.2659244 ], [ 107.0293427, -6.2657297 ], [ 107.0292302, -6.2657068 ], [ 107.0291331, -6.265701 ], [ 107.02903, -6.2657148 ], [ 107.0289346, -6.2657357 ], [ 107.0287129, -6.2658198 ] ] } },
{ "type": "Feature", "properties": { "bridge": null, "covered": null, "electrified": "rail", "frequency": "0", "gauge": "1435", "layer": null, "maxspeed": "40", "name": null, "name:en": null, "network": null, "operator": null, "railway": "light_rail", "start_date": null, "tracks": null, "voltage": "750", "wikidata": null, "wikipedia": null, "osm_type": "way", "osm_id": 1062948024, "name:id": null, "tunnel": null, "usage": null, "network:wikidata": null, "opening_date": "2023-07-01", "website": null, "line": null, "service": "LRT (perlu verifikasi operator)", "alt_name": null, "railway:track_ref": null, "check_date": "2023-03-19", "description": null, "source": null, "embankment": null }, "geometry": { "type": "LineString", "coordinates": [ [ 107.029902, -6.2660253 ], [ 107.029836, -6.2660012 ], [ 107.0293573, -6.265825 ], [ 107.0292579, -6.2658107 ], [ 107.0291605, -6.2658064 ], [ 107.0290759, -6.2658174 ], [ 107.0289538, -6.2658542 ], [ 107.0287934, -6.2659102 ] ] } },
{ "type": "Feature", "properties": { "bridge": null, "covered": null, "electrified": "rail", "frequency": "0", "gauge": "1435", "layer": null, "maxspeed": "40", "name": null, "name:en": null, "network": null, "operator": null, "railway": "light_rail", "start_date": null, "tracks": null, "voltage": "750", "wikidata": null, "wikipedia": null, "osm_type": "way", "osm_id": 1062948025, "name:id": null, "tunnel": null, "usage": null, "network:wikidata": null, "opening_date": "2023-07-01", "website": null, "line": null, "service": "LRT (perlu verifikasi operator)", "alt_name": null, "railway:track_ref": null, "check_date": "2023-03-19", "description": null, "source": null, "embankment": null }, "geometry": { "type": "LineString", "coordinates": [ [ 107.0277988, -6.2652159 ], [ 107.027924, -6.2652481 ], [ 107.0280327, -6.2652507 ], [ 107.0281641, -6.2652339 ], [ 107.0282704, -6.2652258 ], [ 107.0283897, -6.2652261 ], [ 107.0285933, -6.2652493 ] ] } },
{ "type": "Feature", "properties": { "bridge": null, "covered": null, "electrified": "rail", "frequency": "0", "gauge": "1435", "layer": null, "maxspeed": "40", "name": null, "name:en": null, "network": null, "operator": null, "railway": "light_rail", "start_date": null, "tracks": null, "voltage": "750", "wikidata": null, "wikipedia": null, "osm_type": "way", "osm_id": 1062948026, "name:id": null, "tunnel": null, "usage": null, "network:wikidata": null, "opening_date": "2023-07-01", "website": null, "line": null, "service": "LRT (perlu verifikasi operator)", "alt_name": null, "railway:track_ref": null, "check_date": "2023-03-19", "description": null, "source": null, "embankment": null }, "geometry": { "type": "LineString", "coordinates": [ [ 107.0287918, -6.2659791 ], [ 107.0290648, -6.2658777 ], [ 107.0291424, -6.265858 ], [ 107.0292211, -6.265851 ], [ 107.0293109, -6.2658533 ], [ 107.029404, -6.265875 ], [ 107.0298254, -6.2660325 ], [ 107.0298904, -6.2660563 ] ] } },
{ "type": "Feature", "properties": { "bridge": null, "covered": null, "electrified": "rail", "frequency": "0", "gauge": "1435", "layer": null, "maxspeed": "40", "name": null, "name:en": null, "network": null, "operator": null, "railway": "light_rail", "start_date": null, "tracks": null, "voltage": "750", "wikidata": null, "wikipedia": null, "osm_type": "way", "osm_id": 1062948027, "name:id": null, "tunnel": null, "usage": null, "network:wikidata": null, "opening_date": "2023-07-01", "website": null, "line": null, "service": "LRT (perlu verifikasi operator)", "alt_name": null, "railway:track_ref": null, "check_date": "2023-03-19", "description": null, "source": null, "embankment": null }, "geometry": { "type": "LineString", "coordinates": [ [ 107.029851, -6.2661616 ], [ 107.0297892, -6.2661391 ], [ 107.0294554, -6.2660189 ], [ 107.0293607, -6.2660005 ], [ 107.02924, -6.265996 ], [ 107.0291357, -6.2659973 ], [ 107.0289051, -6.2660125 ] ] } },
{ "type": "Feature", "properties": { "bridge": null, "covered": null, "electrified": "rail", "frequency": "0", "gauge": "1435", "layer": null, "maxspeed": "40", "name": null, "name:en": null, "network": null, "operator": null, "railway": "light_rail", "start_date": null, "tracks": null, "voltage": "750", "wikidata": null, "wikipedia": null, "osm_type": "way", "osm_id": 1062948028, "name:id": null, "tunnel": null, "usage": null, "network:wikidata": null, "opening_date": "2023-07-01", "website": null, "line": null, "service": "LRT (perlu verifikasi operator)", "alt_name": null, "railway:track_ref": null, "check_date": "2023-03-19", "description": null, "source": null, "embankment": null }, "geometry": { "type": "LineString", "coordinates": [ [ 107.0299554, -6.2658823 ], [ 107.0298852, -6.2658567 ], [ 107.0292779, -6.2656363 ], [ 107.0292005, -6.2656218 ], [ 107.0290966, -6.2656199 ], [ 107.0289998, -6.2656347 ], [ 107.0289144, -6.2656627 ], [ 107.0288403, -6.2657004 ], [ 107.0285726, -6.2658604 ] ] } },
{ "type": "Feature", "properties": { "bridge": null, "covered": null, "electrified": "rail", "frequency": "0", "gauge": "1435", "layer": null, "maxspeed": "40", "name": null, "name:en": null, "network": null, "operator": null, "railway": "light_rail", "start_date": null, "tracks": null, "voltage": "750", "wikidata": null, "wikipedia": null, "osm_type": "way", "osm_id": 1062948029, "name:id": null, "tunnel": null, "usage": null, "network:wikidata": null, "opening_date": "2023-07-01", "website": null, "line": null, "service": "LRT (perlu verifikasi operator)", "alt_name": null, "railway:track_ref": null, "check_date": "2023-03-19", "description": null, "source": null, "embankment": null }, "geometry": { "type": "LineString", "coordinates": [ [ 107.0277029, -6.2654786 ], [ 107.02781, -6.2655187 ], [ 107.0279262, -6.2655409 ], [ 107.0280254, -6.265531 ], [ 107.0283407, -6.2654595 ] ] } },
{ "type": "Feature", "properties": { "bridge": null, "covered": null, "electrified": "rail", "frequency": "0", "gauge": "1435", "layer": null, "maxspeed": "40", "name": null, "name:en": null, "network": null, "operator": null, "railway": "light_rail", "start_date": null, "tracks": null, "voltage": "750", "wikidata": null, "wikipedia": null, "osm_type": "way", "osm_id": 1062948030, "name:id": null, "tunnel": null, "usage": null, "network:wikidata": null, "opening_date": "2023-07-01", "website": null, "line": null, "service": "LRT (perlu verifikasi operator)", "alt_name": null, "railway:track_ref": null, "check_date": "2023-03-19", "description": null, "source": null, "embankment": null }, "geometry": { "type": "LineString", "coordinates": [ [ 107.0284034, -6.2655156 ], [ 107.0282305, -6.2655533 ], [ 107.0280194, -6.2656027 ], [ 107.0279435, -6.265611 ], [ 107.0278416, -6.2655925 ], [ 107.0277595, -6.2655663 ], [ 107.0276815, -6.2655372 ] ] } },
{ "type": "Feature", "properties": { "bridge": null, "covered": null, "electrified": "rail", "frequency": "0", "gauge": "1435", "layer": null, "maxspeed": "40", "name": null, "name:en": null, "network": null, "operator": null, "railway": "light_rail", "start_date": null, "tracks": null, "voltage": "750", "wikidata": null, "wikipedia": null, "osm_type": "way", "osm_id": 1062948031, "name:id": null, "tunnel": null, "usage": null, "network:wikidata": null, "opening_date": "2023-07-01", "website": null, "line": null, "service": "LRT (perlu verifikasi operator)", "alt_name": null, "railway:track_ref": null, "check_date": "2023-03-19", "description": null, "source": null, "embankment": null }, "geometry": { "type": "LineString", "coordinates": [ [ 107.0265456, -6.265295 ], [ 107.0276954, -6.2657217 ], [ 107.0278141, -6.2657344 ], [ 107.0279174, -6.265718 ], [ 107.0280169, -6.265688 ], [ 107.0282543, -6.2655797 ] ] } },
{ "type": "Feature", "properties": { "bridge": null, "covered": null, "electrified": "rail", "frequency": "0", "gauge": "1435", "layer": null, "maxspeed": "40", "name": null, "name:en": null, "network": null, "operator": null, "railway": "light_rail", "start_date": null, "tracks": null, "voltage": "750", "wikidata": null, "wikipedia": null, "osm_type": "way", "osm_id": 1062948032, "name:id": null, "tunnel": null, "usage": null, "network:wikidata": null, "opening_date": "2023-07-01", "website": null, "line": null, "service": "LRT (perlu verifikasi operator)", "alt_name": null, "railway:track_ref": null, "check_date": "2023-03-19", "description": null, "source": null, "embankment": null }, "geometry": { "type": "LineString", "coordinates": [ [ 107.0293777, -6.2655064 ], [ 107.0290947, -6.2654409 ], [ 107.028906, -6.2653965 ], [ 107.0287534, -6.2653775 ], [ 107.0285715, -6.265365 ], [ 107.0284091, -6.2653624 ], [ 107.0280995, -6.2653411 ], [ 107.0279503, -6.2653256 ], [ 107.0278383, -6.2652968 ], [ 107.0277774, -6.2652744 ] ] } },
{ "type": "Feature", "properties": { "bridge": null, "covered": null, "electrified": "rail", "frequency": "0", "gauge": "1435", "layer": null, "maxspeed": "40", "name": null, "name:en": null, "network": null, "operator": null, "railway": "light_rail", "start_date": null, "tracks": null, "voltage": "750", "wikidata": null, "wikipedia": null, "osm_type": "way", "osm_id": 1062948033, "name:id": null, "tunnel": null, "usage": null, "network:wikidata": null, "opening_date": "2023-07-01", "website": null, "line": null, "service": "LRT (perlu verifikasi operator)", "alt_name": null, "railway:track_ref": null, "check_date": "2023-03-19", "description": null, "source": null, "embankment": null }, "geometry": { "type": "LineString", "coordinates": [ [ 107.0277304, -6.2654031 ], [ 107.0278897, -6.2654616 ], [ 107.0280143, -6.2654809 ], [ 107.0281211, -6.2654805 ], [ 107.0283407, -6.2654595 ], [ 107.0284518, -6.2654239 ], [ 107.0285432, -6.2654145 ], [ 107.0288838, -6.2654296 ] ] } },
{ "type": "Feature", "properties": { "bridge": null, "covered": null, "electrified": "rail", "frequency": "0", "gauge": "1435", "layer": null, "maxspeed": "40", "name": null, "name:en": null, "network": null, "operator": null, "railway": "light_rail", "start_date": null, "tracks": null, "voltage": "750", "wikidata": null, "wikipedia": null, "osm_type": "way", "osm_id": 1062948034, "name:id": null, "tunnel": null, "usage": null, "network:wikidata": null, "opening_date": "2023-07-01", "website": null, "line": null, "service": "LRT (perlu verifikasi operator)", "alt_name": null, "railway:track_ref": null, "check_date": "2023-03-19", "description": null, "source": null, "embankment": null }, "geometry": { "type": "LineString", "coordinates": [ [ 107.0282704, -6.2652258 ], [ 107.028123, -6.2652158 ], [ 107.0280049, -6.2652107 ], [ 107.0279191, -6.2651988 ], [ 107.0278163, -6.2651679 ] ] } },
{ "type": "Feature", "properties": { "bridge": null, "covered": null, "electrified": "rail", "frequency": "0", "gauge": "1435", "layer": null, "maxspeed": "40", "name": null, "name:en": null, "network": null, "operator": null, "railway": "light_rail", "start_date": null, "tracks": null, "voltage": "750", "wikidata": null, "wikipedia": null, "osm_type": "way", "osm_id": 1062948035, "name:id": null, "tunnel": null, "usage": null, "network:wikidata": null, "opening_date": "2023-07-01", "website": null, "line": null, "service": "LRT (perlu verifikasi operator)", "alt_name": null, "railway:track_ref": null, "check_date": "2023-03-19", "description": null, "source": null, "embankment": null }, "geometry": { "type": "LineString", "coordinates": [ [ 107.027598, -6.2658812 ], [ 107.0278035, -6.2659148 ], [ 107.028128, -6.2659892 ], [ 107.0282231, -6.2659933 ], [ 107.0283328, -6.2659713 ], [ 107.0284292, -6.2659377 ], [ 107.028524, -6.2658951 ], [ 107.0285726, -6.2658604 ], [ 107.0288536, -6.2656597 ], [ 107.0289119, -6.2656289 ], [ 107.029007, -6.2655881 ], [ 107.0290969, -6.2655703 ], [ 107.0291928, -6.2655693 ], [ 107.0292875, -6.2655923 ], [ 107.0298985, -6.2658176 ], [ 107.0299698, -6.2658437 ] ] } },
{ "type": "Feature", "properties": { "bridge": null, "covered": null, "electrified": "rail", "frequency": "0", "gauge": "1435", "layer": null, "maxspeed": "40", "name": null, "name:en": null, "network": null, "operator": null, "railway": "light_rail", "start_date": null, "tracks": null, "voltage": "750", "wikidata": null, "wikipedia": null, "osm_type": "way", "osm_id": 1062948036, "name:id": null, "tunnel": null, "usage": null, "network:wikidata": null, "opening_date": "2023-07-01", "website": null, "line": null, "service": "LRT (perlu verifikasi operator)", "alt_name": null, "railway:track_ref": null, "check_date": "2023-03-19", "description": null, "source": null, "embankment": null }, "geometry": { "type": "LineString", "coordinates": [ [ 107.0284368, -6.2660215 ], [ 107.0285956, -6.2659896 ], [ 107.0287157, -6.2659431 ], [ 107.0287934, -6.2659102 ], [ 107.028906, -6.26584 ], [ 107.0290032, -6.2657876 ], [ 107.0290922, -6.2657612 ], [ 107.0291855, -6.2657542 ], [ 107.0292819, -6.2657623 ], [ 107.0293618, -6.2657799 ], [ 107.0298508, -6.2659578 ], [ 107.029918, -6.2659823 ] ] } },
{ "type": "Feature", "properties": { "bridge": null, "covered": null, "electrified": "rail", "frequency": "0", "gauge": "1435", "layer": null, "maxspeed": "40", "name": null, "name:en": null, "network": null, "operator": null, "railway": "light_rail", "start_date": null, "tracks": null, "voltage": "750", "wikidata": null, "wikipedia": null, "osm_type": "way", "osm_id": 1062948037, "name:id": null, "tunnel": null, "usage": null, "network:wikidata": null, "opening_date": "2023-07-01", "website": null, "line": null, "service": "LRT (perlu verifikasi operator)", "alt_name": null, "railway:track_ref": null, "check_date": "2023-03-19", "description": null, "source": null, "embankment": null }, "geometry": { "type": "LineString", "coordinates": [ [ 107.0308848, -6.2660701 ], [ 107.0296493, -6.2656115 ], [ 107.0293777, -6.2655064 ], [ 107.0291749, -6.265428 ], [ 107.0290008, -6.2653606 ], [ 107.0288933, -6.2653105 ], [ 107.0287954, -6.2652583 ], [ 107.0279017, -6.264934 ] ] } },
{ "type": "Feature", "properties": { "bridge": null, "covered": null, "electrified": "rail", "frequency": "0", "gauge": "1435", "layer": null, "maxspeed": "40", "name": null, "name:en": null, "network": null, "operator": null, "railway": "light_rail", "start_date": null, "tracks": null, "voltage": "750", "wikidata": null, "wikipedia": null, "osm_type": "way", "osm_id": 1062948038, "name:id": null, "tunnel": null, "usage": null, "network:wikidata": null, "opening_date": "2023-07-01", "website": null, "line": null, "service": "LRT (perlu verifikasi operator)", "alt_name": null, "railway:track_ref": null, "check_date": "2023-03-19", "description": null, "source": null, "embankment": null }, "geometry": { "type": "LineString", "coordinates": [ [ 107.0296493, -6.2656115 ], [ 107.0292946, -6.2655371 ], [ 107.0291779, -6.265525 ], [ 107.0291002, -6.2655272 ], [ 107.0289847, -6.2655519 ], [ 107.0288911, -6.2655899 ], [ 107.0283428, -6.2659023 ], [ 107.0282481, -6.2659387 ], [ 107.0281596, -6.2659534 ], [ 107.0280548, -6.2659466 ], [ 107.0278035, -6.2659148 ] ] } },
{ "type": "Feature", "properties": { "bridge": null, "covered": null, "electrified": "rail", "frequency": "0", "gauge": "1435", "layer": null, "maxspeed": "40", "name": null, "name:en": null, "network": null, "operator": null, "railway": "light_rail", "start_date": null, "tracks": null, "voltage": "750", "wikidata": null, "wikipedia": null, "osm_type": "way", "osm_id": 1062948039, "name:id": null, "tunnel": null, "usage": null, "network:wikidata": null, "opening_date": "2023-07-01", "website": null, "line": null, "service": "LRT (perlu verifikasi operator)", "alt_name": null, "railway:track_ref": null, "check_date": "2023-03-19", "description": null, "source": null, "embankment": null }, "geometry": { "type": "LineString", "coordinates": [ [ 107.0278356, -6.2651149 ], [ 107.0279182, -6.2651455 ], [ 107.0280141, -6.2651676 ], [ 107.0281852, -6.2651837 ], [ 107.0283702, -6.2651961 ] ] } },
{ "type": "Feature", "properties": { "bridge": null, "covered": null, "electrified": "rail", "frequency": "0", "gauge": "1435", "layer": null, "maxspeed": "40", "name": null, "name:en": null, "network": null, "operator": null, "railway": "light_rail", "start_date": null, "tracks": null, "voltage": "750", "wikidata": null, "wikipedia": null, "osm_type": "way", "osm_id": 1062948040, "name:id": null, "tunnel": null, "usage": null, "network:wikidata": null, "opening_date": "2023-07-01", "website": null, "line": null, "service": "LRT (perlu verifikasi operator)", "alt_name": null, "railway:track_ref": null, "check_date": "2023-03-19", "description": null, "source": null, "embankment": null }, "geometry": { "type": "LineString", "coordinates": [ [ 107.028524, -6.2658951 ], [ 107.0287129, -6.2658198 ], [ 107.0288599, -6.2657333 ], [ 107.0289555, -6.2656855 ], [ 107.0290332, -6.2656636 ], [ 107.0291195, -6.2656535 ], [ 107.0292171, -6.2656568 ], [ 107.0292897, -6.2656732 ], [ 107.0298753, -6.2658857 ], [ 107.0299447, -6.265911 ] ] } },
{ "type": "Feature", "properties": { "bridge": null, "covered": null, "electrified": "rail", "frequency": "0", "gauge": "1435", "layer": null, "maxspeed": "40", "name": null, "name:en": null, "network": null, "operator": null, "railway": "light_rail", "start_date": null, "tracks": null, "voltage": "750", "wikidata": null, "wikipedia": null, "osm_type": "way", "osm_id": 1155403065, "name:id": null, "tunnel": null, "usage": null, "network:wikidata": null, "opening_date": "2023-07-01", "website": null, "line": null, "service": "LRT (perlu verifikasi operator)", "alt_name": null, "railway:track_ref": null, "check_date": "2023-03-19", "description": null, "source": null, "embankment": null }, "geometry": { "type": "LineString", "coordinates": [ [ 107.0313551, -6.2672234 ], [ 107.0316222, -6.2672829 ], [ 107.0317255, -6.2672949 ], [ 107.0318475, -6.2672962 ], [ 107.0319846, -6.2672934 ] ] } },
{ "type": "Feature", "properties": { "bridge": null, "covered": null, "electrified": "rail", "frequency": "0", "gauge": "1435", "layer": null, "maxspeed": "40", "name": null, "name:en": null, "network": null, "operator": null, "railway": "light_rail", "start_date": null, "tracks": null, "voltage": "750", "wikidata": null, "wikipedia": null, "osm_type": "way", "osm_id": 1155403068, "name:id": null, "tunnel": null, "usage": null, "network:wikidata": null, "opening_date": "2023-07-01", "website": null, "line": null, "service": "LRT (perlu verifikasi operator)", "alt_name": null, "railway:track_ref": null, "check_date": "2023-03-19", "description": null, "source": null, "embankment": null }, "geometry": { "type": "LineString", "coordinates": [ [ 107.0319107, -6.2673928 ], [ 107.0317335, -6.2673895 ], [ 107.0316491, -6.2673789 ], [ 107.0315753, -6.2673535 ], [ 107.0313916, -6.2672802 ], [ 107.0312025, -6.2672082 ], [ 107.0309356, -6.2671056 ], [ 107.0298748, -6.266707 ], [ 107.0296575, -6.2666283 ], [ 107.029274, -6.266507 ], [ 107.0288005, -6.266367 ], [ 107.0281099, -6.2661511 ], [ 107.0272864, -6.2659031 ], [ 107.0263839, -6.2656432 ] ] } },
{ "type": "Feature", "properties": { "bridge": null, "covered": "yes", "electrified": "rail", "frequency": "0", "gauge": "1435", "layer": null, "maxspeed": "40", "name": null, "name:en": null, "network": null, "operator": null, "railway": "light_rail", "start_date": null, "tracks": null, "voltage": "750", "wikidata": null, "wikipedia": null, "osm_type": "way", "osm_id": 1155404865, "name:id": null, "tunnel": null, "usage": null, "network:wikidata": null, "opening_date": "2023-07-01", "website": null, "line": null, "service": "LRT (perlu verifikasi operator)", "alt_name": null, "railway:track_ref": null, "check_date": "2023-03-19", "description": null, "source": null, "embankment": null }, "geometry": { "type": "LineString", "coordinates": [ [ 107.0266898, -6.2644943 ], [ 107.0265351, -6.2644381 ] ] } },
{ "type": "Feature", "properties": { "bridge": null, "covered": "yes", "electrified": "rail", "frequency": "0", "gauge": "1435", "layer": null, "maxspeed": "40", "name": null, "name:en": null, "network": null, "operator": null, "railway": "light_rail", "start_date": null, "tracks": null, "voltage": "750", "wikidata": null, "wikipedia": null, "osm_type": "way", "osm_id": 1155404866, "name:id": null, "tunnel": null, "usage": null, "network:wikidata": null, "opening_date": "2023-07-01", "website": null, "line": null, "service": "LRT (perlu verifikasi operator)", "alt_name": null, "railway:track_ref": null, "check_date": "2023-03-19", "description": null, "source": null, "embankment": null }, "geometry": { "type": "LineString", "coordinates": [ [ 107.0279017, -6.264934 ], [ 107.0275328, -6.2648001 ] ] } },
{ "type": "Feature", "properties": { "bridge": null, "covered": null, "electrified": "rail", "frequency": "0", "gauge": "1435", "layer": null, "maxspeed": "40", "name": null, "name:en": null, "network": null, "operator": null, "railway": "light_rail", "start_date": null, "tracks": null, "voltage": "750", "wikidata": null, "wikipedia": null, "osm_type": "way", "osm_id": 1155404867, "name:id": null, "tunnel": null, "usage": null, "network:wikidata": null, "opening_date": "2023-07-01", "website": null, "line": null, "service": "LRT (perlu verifikasi operator)", "alt_name": null, "railway:track_ref": null, "check_date": "2023-03-19", "description": null, "source": null, "embankment": null }, "geometry": { "type": "LineString", "coordinates": [ [ 107.0275328, -6.2648001 ], [ 107.0266898, -6.2644943 ] ] } },
{ "type": "Feature", "properties": { "bridge": null, "covered": "yes", "electrified": "rail", "frequency": "0", "gauge": "1435", "layer": null, "maxspeed": "40", "name": null, "name:en": null, "network": null, "operator": null, "railway": "light_rail", "start_date": null, "tracks": null, "voltage": "750", "wikidata": null, "wikipedia": null, "osm_type": "way", "osm_id": 1155404868, "name:id": null, "tunnel": null, "usage": null, "network:wikidata": null, "opening_date": "2023-07-01", "website": null, "line": null, "service": "LRT (perlu verifikasi operator)", "alt_name": null, "railway:track_ref": null, "check_date": "2023-03-19", "description": null, "source": null, "embankment": null }, "geometry": { "type": "LineString", "coordinates": [ [ 107.0276815, -6.2655372 ], [ 107.026606, -6.2651367 ] ] } },
{ "type": "Feature", "properties": { "bridge": null, "covered": "yes", "electrified": "rail", "frequency": "0", "gauge": "1435", "layer": null, "maxspeed": "40", "name": null, "name:en": null, "network": null, "operator": null, "railway": "light_rail", "start_date": null, "tracks": null, "voltage": "750", "wikidata": null, "wikipedia": null, "osm_type": "way", "osm_id": 1155404869, "name:id": null, "tunnel": null, "usage": null, "network:wikidata": null, "opening_date": "2023-07-01", "website": null, "line": null, "service": "LRT (perlu verifikasi operator)", "alt_name": null, "railway:track_ref": null, "check_date": "2023-03-19", "description": null, "source": null, "embankment": null }, "geometry": { "type": "LineString", "coordinates": [ [ 107.0266289, -6.2650766 ], [ 107.0277029, -6.2654786 ] ] } },
{ "type": "Feature", "properties": { "bridge": null, "covered": "yes", "electrified": "rail", "frequency": "0", "gauge": "1435", "layer": null, "maxspeed": "40", "name": null, "name:en": null, "network": null, "operator": null, "railway": "light_rail", "start_date": null, "tracks": null, "voltage": "750", "wikidata": null, "wikipedia": null, "osm_type": "way", "osm_id": 1155404870, "name:id": null, "tunnel": null, "usage": null, "network:wikidata": null, "opening_date": "2023-07-01", "website": null, "line": null, "service": "LRT (perlu verifikasi operator)", "alt_name": null, "railway:track_ref": null, "check_date": "2023-03-19", "description": null, "source": null, "embankment": null }, "geometry": { "type": "LineString", "coordinates": [ [ 107.026655, -6.2650084 ], [ 107.0277304, -6.2654031 ] ] } },
{ "type": "Feature", "properties": { "bridge": null, "covered": "yes", "electrified": "rail", "frequency": "0", "gauge": "1435", "layer": null, "maxspeed": "40", "name": null, "name:en": null, "network": null, "operator": null, "railway": "light_rail", "start_date": null, "tracks": null, "voltage": "750", "wikidata": null, "wikipedia": null, "osm_type": "way", "osm_id": 1155404871, "name:id": null, "tunnel": null, "usage": null, "network:wikidata": null, "opening_date": "2023-07-01", "website": null, "line": null, "service": "LRT (perlu verifikasi operator)", "alt_name": null, "railway:track_ref": null, "check_date": "2023-03-19", "description": null, "source": null, "embankment": null }, "geometry": { "type": "LineString", "coordinates": [ [ 107.0277499, -6.2653497 ], [ 107.026677, -6.2649506 ] ] } },
{ "type": "Feature", "properties": { "bridge": null, "covered": "yes", "electrified": "rail", "frequency": "0", "gauge": "1435", "layer": null, "maxspeed": "40", "name": null, "name:en": null, "network": null, "operator": null, "railway": "light_rail", "start_date": null, "tracks": null, "voltage": "750", "wikidata": null, "wikipedia": null, "osm_type": "way", "osm_id": 1155404872, "name:id": null, "tunnel": null, "usage": null, "network:wikidata": null, "opening_date": "2023-07-01", "website": null, "line": null, "service": "LRT (perlu verifikasi operator)", "alt_name": null, "railway:track_ref": null, "check_date": "2023-03-19", "description": null, "source": null, "embankment": null }, "geometry": { "type": "LineString", "coordinates": [ [ 107.0277774, -6.2652744 ], [ 107.0267044, -6.2648788 ] ] } },
{ "type": "Feature", "properties": { "bridge": null, "covered": "yes", "electrified": "rail", "frequency": "0", "gauge": "1435", "layer": null, "maxspeed": "40", "name": null, "name:en": null, "network": null, "operator": null, "railway": "light_rail", "start_date": null, "tracks": null, "voltage": "750", "wikidata": null, "wikipedia": null, "osm_type": "way", "osm_id": 1155404873, "name:id": null, "tunnel": null, "usage": null, "network:wikidata": null, "opening_date": "2023-07-01", "website": null, "line": null, "service": "LRT (perlu verifikasi operator)", "alt_name": null, "railway:track_ref": null, "check_date": "2023-03-19", "description": null, "source": null, "embankment": null }, "geometry": { "type": "LineString", "coordinates": [ [ 107.0267838, -6.2646707 ], [ 107.0278544, -6.2650634 ] ] } },
{ "type": "Feature", "properties": { "bridge": null, "covered": "yes", "electrified": "rail", "frequency": "0", "gauge": "1435", "layer": null, "maxspeed": "40", "name": null, "name:en": null, "network": null, "operator": null, "railway": "light_rail", "start_date": null, "tracks": null, "voltage": "750", "wikidata": null, "wikipedia": null, "osm_type": "way", "osm_id": 1155404874, "name:id": null, "tunnel": null, "usage": null, "network:wikidata": null, "opening_date": "2023-07-01", "website": null, "line": null, "service": "LRT (perlu verifikasi operator)", "alt_name": null, "railway:track_ref": null, "check_date": "2023-03-19", "description": null, "source": null, "embankment": null }, "geometry": { "type": "LineString", "coordinates": [ [ 107.0267654, -6.2647187 ], [ 107.0278356, -6.2651149 ] ] } },
{ "type": "Feature", "properties": { "bridge": null, "covered": "yes", "electrified": "rail", "frequency": "0", "gauge": "1435", "layer": null, "maxspeed": "40", "name": null, "name:en": null, "network": null, "operator": null, "railway": "light_rail", "start_date": null, "tracks": null, "voltage": "750", "wikidata": null, "wikipedia": null, "osm_type": "way", "osm_id": 1155404875, "name:id": null, "tunnel": null, "usage": null, "network:wikidata": null, "opening_date": "2023-07-01", "website": null, "line": null, "service": "LRT (perlu verifikasi operator)", "alt_name": null, "railway:track_ref": null, "check_date": "2023-03-19", "description": null, "source": null, "embankment": null }, "geometry": { "type": "LineString", "coordinates": [ [ 107.0278163, -6.2651679 ], [ 107.0267462, -6.2647692 ] ] } },
{ "type": "Feature", "properties": { "bridge": null, "covered": "yes", "electrified": "rail", "frequency": "0", "gauge": "1435", "layer": null, "maxspeed": "40", "name": null, "name:en": null, "network": null, "operator": null, "railway": "light_rail", "start_date": null, "tracks": null, "voltage": "750", "wikidata": null, "wikipedia": null, "osm_type": "way", "osm_id": 1155404876, "name:id": null, "tunnel": null, "usage": null, "network:wikidata": null, "opening_date": "2023-07-01", "website": null, "line": null, "service": "LRT (perlu verifikasi operator)", "alt_name": null, "railway:track_ref": null, "check_date": "2023-03-19", "description": null, "source": null, "embankment": null }, "geometry": { "type": "LineString", "coordinates": [ [ 107.0267244, -6.2648263 ], [ 107.0277988, -6.2652159 ] ] } },
{ "type": "Feature", "properties": { "bridge": null, "covered": "yes", "electrified": "rail", "frequency": "0", "gauge": "1435", "layer": null, "maxspeed": "40", "name": null, "name:en": null, "network": null, "operator": null, "railway": "light_rail", "start_date": null, "tracks": null, "voltage": "750", "wikidata": null, "wikipedia": null, "osm_type": "way", "osm_id": 1155404877, "name:id": null, "tunnel": null, "usage": null, "network:wikidata": null, "opening_date": "2023-07-01", "website": null, "line": null, "service": "LRT (perlu verifikasi operator)", "alt_name": null, "railway:track_ref": null, "check_date": "2023-03-19", "description": null, "source": null, "embankment": null }, "geometry": { "type": "LineString", "coordinates": [ [ 107.0319865, -6.2674059 ], [ 107.0330132, -6.2675844 ] ] } },
{ "type": "Feature", "properties": { "bridge": null, "covered": "yes", "electrified": "rail", "frequency": "0", "gauge": "1435", "layer": null, "maxspeed": "40", "name": null, "name:en": null, "network": null, "operator": null, "railway": "light_rail", "start_date": null, "tracks": null, "voltage": "750", "wikidata": null, "wikipedia": null, "osm_type": "way", "osm_id": 1155404878, "name:id": null, "tunnel": null, "usage": null, "network:wikidata": null, "opening_date": "2023-07-01", "website": null, "line": null, "service": "LRT (perlu verifikasi operator)", "alt_name": null, "railway:track_ref": null, "check_date": "2023-03-19", "description": null, "source": null, "embankment": null }, "geometry": { "type": "LineString", "coordinates": [ [ 107.0319846, -6.2672934 ], [ 107.033135, -6.2672695 ] ] } },
{ "type": "Feature", "properties": { "bridge": null, "covered": "yes", "electrified": "rail", "frequency": "0", "gauge": "1435", "layer": null, "maxspeed": "40", "name": null, "name:en": null, "network": null, "operator": null, "railway": "light_rail", "start_date": null, "tracks": null, "voltage": "750", "wikidata": null, "wikipedia": null, "osm_type": "way", "osm_id": 1155404879, "name:id": null, "tunnel": null, "usage": null, "network:wikidata": null, "opening_date": "2023-07-01", "website": null, "line": null, "service": "LRT (perlu verifikasi operator)", "alt_name": null, "railway:track_ref": null, "check_date": "2023-03-19", "description": null, "source": null, "embankment": null }, "geometry": { "type": "LineString", "coordinates": [ [ 107.0319833, -6.2672197 ], [ 107.0331251, -6.2671989 ] ] } },
{ "type": "Feature", "properties": { "bridge": null, "covered": "yes", "electrified": "rail", "frequency": "0", "gauge": "1435", "layer": null, "maxspeed": "40", "name": null, "name:en": null, "network": null, "operator": null, "railway": "light_rail", "start_date": null, "tracks": null, "voltage": "750", "wikidata": null, "wikipedia": null, "osm_type": "way", "osm_id": 1155404880, "name:id": null, "tunnel": null, "usage": null, "network:wikidata": null, "opening_date": "2023-07-01", "website": null, "line": null, "service": "LRT (perlu verifikasi operator)", "alt_name": null, "railway:track_ref": null, "check_date": "2023-03-19", "description": null, "source": null, "embankment": null }, "geometry": { "type": "LineString", "coordinates": [ [ 107.0319823, -6.2671615 ], [ 107.0331258, -6.2671323 ] ] } },
{ "type": "Feature", "properties": { "bridge": null, "covered": "yes", "electrified": "rail", "frequency": "0", "gauge": "1435", "layer": null, "maxspeed": "40", "name": null, "name:en": null, "network": null, "operator": null, "railway": "light_rail", "start_date": null, "tracks": null, "voltage": "750", "wikidata": null, "wikipedia": null, "osm_type": "way", "osm_id": 1155404881, "name:id": null, "tunnel": null, "usage": null, "network:wikidata": null, "opening_date": "2023-07-01", "website": null, "line": null, "service": "LRT (perlu verifikasi operator)", "alt_name": null, "railway:track_ref": null, "check_date": "2023-03-19", "description": null, "source": null, "embankment": null }, "geometry": { "type": "LineString", "coordinates": [ [ 107.0305354, -6.2668203 ], [ 107.0297159, -6.2665233 ] ] } },
{ "type": "Feature", "properties": { "bridge": null, "covered": "yes", "electrified": "rail", "frequency": "0", "gauge": "1435", "layer": null, "maxspeed": "40", "name": null, "name:en": null, "network": null, "operator": null, "railway": "light_rail", "start_date": null, "tracks": null, "voltage": "750", "wikidata": null, "wikipedia": null, "osm_type": "way", "osm_id": 1155404882, "name:id": null, "tunnel": null, "usage": null, "network:wikidata": null, "opening_date": "2023-07-01", "website": null, "line": null, "service": "LRT (perlu verifikasi operator)", "alt_name": null, "railway:track_ref": null, "check_date": "2023-03-19", "description": null, "source": null, "embankment": null }, "geometry": { "type": "LineString", "coordinates": [ [ 107.0297294, -6.2664873 ], [ 107.0305479, -6.2667854 ] ] } },
{ "type": "Feature", "properties": { "bridge": null, "covered": "yes", "electrified": "rail", "frequency": "0", "gauge": "1435", "layer": null, "maxspeed": "40", "name": null, "name:en": null, "network": null, "operator": null, "railway": "light_rail", "start_date": null, "tracks": null, "voltage": "750", "wikidata": null, "wikipedia": null, "osm_type": "way", "osm_id": 1155404883, "name:id": null, "tunnel": null, "usage": null, "network:wikidata": null, "opening_date": "2023-07-01", "website": null, "line": null, "service": "LRT (perlu verifikasi operator)", "alt_name": null, "railway:track_ref": null, "check_date": "2023-03-19", "description": null, "source": null, "embankment": null }, "geometry": { "type": "LineString", "coordinates": [ [ 107.0305631, -6.2667445 ], [ 107.0297441, -6.2664478 ] ] } },
{ "type": "Feature", "properties": { "bridge": null, "covered": "yes", "electrified": "rail", "frequency": "0", "gauge": "1435", "layer": null, "maxspeed": "40", "name": null, "name:en": null, "network": null, "operator": null, "railway": "light_rail", "start_date": null, "tracks": null, "voltage": "750", "wikidata": null, "wikipedia": null, "osm_type": "way", "osm_id": 1155404884, "name:id": null, "tunnel": null, "usage": null, "network:wikidata": null, "opening_date": "2023-07-01", "website": null, "line": null, "service": "LRT (perlu verifikasi operator)", "alt_name": null, "railway:track_ref": null, "check_date": "2023-03-19", "description": null, "source": null, "embankment": null }, "geometry": { "type": "LineString", "coordinates": [ [ 107.0297595, -6.2664067 ], [ 107.0305781, -6.2667041 ] ] } },
{ "type": "Feature", "properties": { "bridge": null, "covered": "yes", "electrified": "rail", "frequency": "0", "gauge": "1435", "layer": null, "maxspeed": "40", "name": null, "name:en": null, "network": null, "operator": null, "railway": "light_rail", "start_date": null, "tracks": null, "voltage": "750", "wikidata": null, "wikipedia": null, "osm_type": "way", "osm_id": 1155404885, "name:id": null, "tunnel": null, "usage": null, "network:wikidata": null, "opening_date": "2023-07-01", "website": null, "line": null, "service": "LRT (perlu verifikasi operator)", "alt_name": null, "railway:track_ref": null, "check_date": "2023-03-19", "description": null, "source": null, "embankment": null }, "geometry": { "type": "LineString", "coordinates": [ [ 107.0305912, -6.2666673 ], [ 107.0297732, -6.2663699 ] ] } },
{ "type": "Feature", "properties": { "bridge": null, "covered": "yes", "electrified": "rail", "frequency": "0", "gauge": "1435", "layer": null, "maxspeed": "40", "name": null, "name:en": null, "network": null, "operator": null, "railway": "light_rail", "start_date": null, "tracks": null, "voltage": "750", "wikidata": null, "wikipedia": null, "osm_type": "way", "osm_id": 1155404886, "name:id": null, "tunnel": null, "usage": null, "network:wikidata": null, "opening_date": "2023-07-01", "website": null, "line": null, "service": "LRT (perlu verifikasi operator)", "alt_name": null, "railway:track_ref": null, "check_date": "2023-03-19", "description": null, "source": null, "embankment": null }, "geometry": { "type": "LineString", "coordinates": [ [ 107.0297861, -6.2663354 ], [ 107.0306043, -6.2666334 ] ] } },
{ "type": "Feature", "properties": { "bridge": null, "covered": "yes", "electrified": "rail", "frequency": "0", "gauge": "1435", "layer": null, "maxspeed": "40", "name": null, "name:en": null, "network": null, "operator": null, "railway": "light_rail", "start_date": null, "tracks": null, "voltage": "750", "wikidata": null, "wikipedia": null, "osm_type": "way", "osm_id": 1155404887, "name:id": null, "tunnel": null, "usage": null, "network:wikidata": null, "opening_date": "2023-07-01", "website": null, "line": null, "service": "LRT (perlu verifikasi operator)", "alt_name": null, "railway:track_ref": null, "check_date": "2023-03-19", "description": null, "source": null, "embankment": null }, "geometry": { "type": "LineString", "coordinates": [ [ 107.0306175, -6.2665979 ], [ 107.0297992, -6.2663003 ] ] } },
{ "type": "Feature", "properties": { "bridge": null, "covered": "yes", "electrified": "rail", "frequency": "0", "gauge": "1435", "layer": null, "maxspeed": "40", "name": null, "name:en": null, "network": null, "operator": null, "railway": "light_rail", "start_date": null, "tracks": null, "voltage": "750", "wikidata": null, "wikipedia": null, "osm_type": "way", "osm_id": 1155404888, "name:id": null, "tunnel": null, "usage": null, "network:wikidata": null, "opening_date": "2023-07-01", "website": null, "line": null, "service": "LRT (perlu verifikasi operator)", "alt_name": null, "railway:track_ref": null, "check_date": "2023-03-19", "description": null, "source": null, "embankment": null }, "geometry": { "type": "LineString", "coordinates": [ [ 107.0298134, -6.2662624 ], [ 107.0306305, -6.2665599 ] ] } },
{ "type": "Feature", "properties": { "bridge": null, "covered": "yes", "electrified": "rail", "frequency": "0", "gauge": "1435", "layer": null, "maxspeed": "40", "name": null, "name:en": null, "network": null, "operator": null, "railway": "light_rail", "start_date": null, "tracks": null, "voltage": "750", "wikidata": null, "wikipedia": null, "osm_type": "way", "osm_id": 1155404889, "name:id": null, "tunnel": null, "usage": null, "network:wikidata": null, "opening_date": "2023-07-01", "website": null, "line": null, "service": "LRT (perlu verifikasi operator)", "alt_name": null, "railway:track_ref": null, "check_date": "2023-03-19", "description": null, "source": null, "embankment": null }, "geometry": { "type": "LineString", "coordinates": [ [ 107.0298248, -6.2662319 ], [ 107.0306425, -6.2665292 ] ] } },
{ "type": "Feature", "properties": { "bridge": null, "covered": "yes", "electrified": "rail", "frequency": "0", "gauge": "1435", "layer": null, "maxspeed": "40", "name": null, "name:en": null, "network": null, "operator": null, "railway": "light_rail", "start_date": null, "tracks": null, "voltage": "750", "wikidata": null, "wikipedia": null, "osm_type": "way", "osm_id": 1155404890, "name:id": null, "tunnel": null, "usage": null, "network:wikidata": null, "opening_date": "2023-07-01", "website": null, "line": null, "service": "LRT (perlu verifikasi operator)", "alt_name": null, "railway:track_ref": null, "check_date": "2023-03-19", "description": null, "source": null, "embankment": null }, "geometry": { "type": "LineString", "coordinates": [ [ 107.0298406, -6.2661896 ], [ 107.0306577, -6.2664875 ] ] } },
{ "type": "Feature", "properties": { "bridge": null, "covered": "yes", "electrified": "rail", "frequency": "0", "gauge": "1435", "layer": null, "maxspeed": "40", "name": null, "name:en": null, "network": null, "operator": null, "railway": "light_rail", "start_date": null, "tracks": null, "voltage": "750", "wikidata": null, "wikipedia": null, "osm_type": "way", "osm_id": 1155404891, "name:id": null, "tunnel": null, "usage": null, "network:wikidata": null, "opening_date": "2023-07-01", "website": null, "line": null, "service": "LRT (perlu verifikasi operator)", "alt_name": null, "railway:track_ref": null, "check_date": "2023-03-19", "description": null, "source": null, "embankment": null }, "geometry": { "type": "LineString", "coordinates": [ [ 107.0306679, -6.2664595 ], [ 107.029851, -6.2661616 ] ] } },
{ "type": "Feature", "properties": { "bridge": null, "covered": "yes", "electrified": "rail", "frequency": "0", "gauge": "1435", "layer": null, "maxspeed": "40", "name": null, "name:en": null, "network": null, "operator": null, "railway": "light_rail", "start_date": null, "tracks": null, "voltage": "750", "wikidata": null, "wikipedia": null, "osm_type": "way", "osm_id": 1155404892, "name:id": null, "tunnel": null, "usage": null, "network:wikidata": null, "opening_date": "2023-07-01", "website": null, "line": null, "service": "LRT (perlu verifikasi operator)", "alt_name": null, "railway:track_ref": null, "check_date": "2023-03-19", "description": null, "source": null, "embankment": null }, "geometry": { "type": "LineString", "coordinates": [ [ 107.0298644, -6.2661258 ], [ 107.030681, -6.2664237 ] ] } },
{ "type": "Feature", "properties": { "bridge": null, "covered": "yes", "electrified": "rail", "frequency": "0", "gauge": "1435", "layer": null, "maxspeed": "40", "name": null, "name:en": null, "network": null, "operator": null, "railway": "light_rail", "start_date": null, "tracks": null, "voltage": "750", "wikidata": null, "wikipedia": null, "osm_type": "way", "osm_id": 1155404893, "name:id": null, "tunnel": null, "usage": null, "network:wikidata": null, "opening_date": "2023-07-01", "website": null, "line": null, "service": "LRT (perlu verifikasi operator)", "alt_name": null, "railway:track_ref": null, "check_date": "2023-03-19", "description": null, "source": null, "embankment": null }, "geometry": { "type": "LineString", "coordinates": [ [ 107.0298749, -6.2660976 ], [ 107.0306911, -6.2663958 ] ] } },
{ "type": "Feature", "properties": { "bridge": null, "covered": "yes", "electrified": "rail", "frequency": "0", "gauge": "1435", "layer": null, "maxspeed": "40", "name": null, "name:en": null, "network": null, "operator": null, "railway": "light_rail", "start_date": null, "tracks": null, "voltage": "750", "wikidata": null, "wikipedia": null, "osm_type": "way", "osm_id": 1155404894, "name:id": null, "tunnel": null, "usage": null, "network:wikidata": null, "opening_date": "2023-07-01", "website": null, "line": null, "service": "LRT (perlu verifikasi operator)", "alt_name": null, "railway:track_ref": null, "check_date": "2023-03-19", "description": null, "source": null, "embankment": null }, "geometry": { "type": "LineString", "coordinates": [ [ 107.0298904, -6.2660563 ], [ 107.0307064, -6.2663544 ] ] } },
{ "type": "Feature", "properties": { "bridge": null, "covered": "yes", "electrified": "rail", "frequency": "0", "gauge": "1435", "layer": null, "maxspeed": "40", "name": null, "name:en": null, "network": null, "operator": null, "railway": "light_rail", "start_date": null, "tracks": null, "voltage": "750", "wikidata": null, "wikipedia": null, "osm_type": "way", "osm_id": 1155404895, "name:id": null, "tunnel": null, "usage": null, "network:wikidata": null, "opening_date": "2023-07-01", "website": null, "line": null, "service": "LRT (perlu verifikasi operator)", "alt_name": null, "railway:track_ref": null, "check_date": "2023-03-19", "description": null, "source": null, "embankment": null }, "geometry": { "type": "LineString", "coordinates": [ [ 107.0307178, -6.2663232 ], [ 107.029902, -6.2660253 ] ] } },
{ "type": "Feature", "properties": { "bridge": null, "covered": "yes", "electrified": "rail", "frequency": "0", "gauge": "1435", "layer": null, "maxspeed": "40", "name": null, "name:en": null, "network": null, "operator": null, "railway": "light_rail", "start_date": null, "tracks": null, "voltage": "750", "wikidata": null, "wikipedia": null, "osm_type": "way", "osm_id": 1155404896, "name:id": null, "tunnel": null, "usage": null, "network:wikidata": null, "opening_date": "2023-07-01", "website": null, "line": null, "service": "LRT (perlu verifikasi operator)", "alt_name": null, "railway:track_ref": null, "check_date": "2023-03-19", "description": null, "source": null, "embankment": null }, "geometry": { "type": "LineString", "coordinates": [ [ 107.029918, -6.2659823 ], [ 107.0307337, -6.2662799 ] ] } },
{ "type": "Feature", "properties": { "bridge": null, "covered": "yes", "electrified": "rail", "frequency": "0", "gauge": "1435", "layer": null, "maxspeed": "40", "name": null, "name:en": null, "network": null, "operator": null, "railway": "light_rail", "start_date": null, "tracks": null, "voltage": "750", "wikidata": null, "wikipedia": null, "osm_type": "way", "osm_id": 1155404897, "name:id": null, "tunnel": null, "usage": null, "network:wikidata": null, "opening_date": "2023-07-01", "website": null, "line": null, "service": "LRT (perlu verifikasi operator)", "alt_name": null, "railway:track_ref": null, "check_date": "2023-03-19", "description": null, "source": null, "embankment": null }, "geometry": { "type": "LineString", "coordinates": [ [ 107.0307456, -6.2662472 ], [ 107.0299303, -6.2659493 ] ] } },
{ "type": "Feature", "properties": { "bridge": null, "covered": "yes", "electrified": "rail", "frequency": "0", "gauge": "1435", "layer": null, "maxspeed": "40", "name": null, "name:en": null, "network": null, "operator": null, "railway": "light_rail", "start_date": null, "tracks": null, "voltage": "750", "wikidata": null, "wikipedia": null, "osm_type": "way", "osm_id": 1155404898, "name:id": null, "tunnel": null, "usage": null, "network:wikidata": null, "opening_date": "2023-07-01", "website": null, "line": null, "service": "LRT (perlu verifikasi operator)", "alt_name": null, "railway:track_ref": null, "check_date": "2023-03-19", "description": null, "source": null, "embankment": null }, "geometry": { "type": "LineString", "coordinates": [ [ 107.0299447, -6.265911 ], [ 107.0307599, -6.2662083 ] ] } },
{ "type": "Feature", "properties": { "bridge": null, "covered": "yes", "electrified": "rail", "frequency": "0", "gauge": "1435", "layer": null, "maxspeed": "40", "name": null, "name:en": null, "network": null, "operator": null, "railway": "light_rail", "start_date": null, "tracks": null, "voltage": "750", "wikidata": null, "wikipedia": null, "osm_type": "way", "osm_id": 1155404899, "name:id": null, "tunnel": null, "usage": null, "network:wikidata": null, "opening_date": "2023-07-01", "website": null, "line": null, "service": "LRT (perlu verifikasi operator)", "alt_name": null, "railway:track_ref": null, "check_date": "2023-03-19", "description": null, "source": null, "embankment": null }, "geometry": { "type": "LineString", "coordinates": [ [ 107.0307704, -6.2661796 ], [ 107.0299554, -6.2658823 ] ] } },
{ "type": "Feature", "properties": { "bridge": null, "covered": "yes", "electrified": "rail", "frequency": "0", "gauge": "1435", "layer": null, "maxspeed": "40", "name": null, "name:en": null, "network": null, "operator": null, "railway": "light_rail", "start_date": null, "tracks": null, "voltage": "750", "wikidata": null, "wikipedia": null, "osm_type": "way", "osm_id": 1155404900, "name:id": null, "tunnel": null, "usage": null, "network:wikidata": null, "opening_date": "2023-07-01", "website": null, "line": null, "service": "LRT (perlu verifikasi operator)", "alt_name": null, "railway:track_ref": null, "check_date": "2023-03-19", "description": null, "source": null, "embankment": null }, "geometry": { "type": "LineString", "coordinates": [ [ 107.0299698, -6.2658437 ], [ 107.0307843, -6.2661414 ] ] } },
{ "type": "Feature", "properties": { "bridge": "yes", "covered": null, "electrified": null, "frequency": null, "gauge": "1435", "layer": "3", "maxspeed": null, "name": null, "name:en": null, "network": null, "operator": null, "railway": "light_rail", "start_date": null, "tracks": null, "voltage": null, "wikidata": null, "wikipedia": null, "osm_type": "way", "osm_id": 1207677244, "name:id": null, "tunnel": null, "usage": null, "network:wikidata": null, "opening_date": null, "website": null, "line": null, "service": "LRT (perlu verifikasi operator)", "alt_name": null, "railway:track_ref": null, "check_date": null, "description": null, "source": null, "embankment": null }, "geometry": { "type": "LineString", "coordinates": [ [ 106.9492415, -6.2566946 ], [ 106.94972, -6.2567197 ] ] } },
{ "type": "Feature", "properties": { "bridge": "yes", "covered": null, "electrified": null, "frequency": null, "gauge": "1435", "layer": "3", "maxspeed": null, "name": null, "name:en": null, "network": null, "operator": null, "railway": "light_rail", "start_date": null, "tracks": null, "voltage": null, "wikidata": null, "wikipedia": null, "osm_type": "way", "osm_id": 1207677245, "name:id": null, "tunnel": null, "usage": null, "network:wikidata": null, "opening_date": null, "website": null, "line": null, "service": "LRT (perlu verifikasi operator)", "alt_name": null, "railway:track_ref": null, "check_date": null, "description": null, "source": null, "embankment": null }, "geometry": { "type": "LineString", "coordinates": [ [ 106.9481606, -6.2567931 ], [ 106.9485767, -6.2567314 ] ] } },
{ "type": "Feature", "properties": { "bridge": null, "covered": null, "electrified": "contact_line", "frequency": "0", "gauge": "1067", "layer": "-2", "maxspeed": "80", "name": "MRT Jakarta Jalur Utara-Selatan", "name:en": "Jakarta MRT North-South Line", "network": "MRT Jakarta", "operator": "PT MRT Jakarta (Perseroda)", "railway": "subway", "start_date": "2019-03-24", "tracks": null, "voltage": "1500", "wikidata": null, "wikipedia": null, "osm_type": "way", "osm_id": 1295734398, "name:id": "MRT Jakarta Jalur Utara-Selatan", "tunnel": "yes", "usage": "main", "network:wikidata": null, "opening_date": null, "website": null, "line": null, "service": "MRT Jakarta", "alt_name": null, "railway:track_ref": null, "check_date": null, "description": null, "source": null, "embankment": null }, "geometry": { "type": "LineString", "coordinates": [ [ 106.8231554, -6.1959949 ], [ 106.823094, -6.1958159 ], [ 106.8230295, -6.1955924 ] ] } },
{ "type": "Feature", "properties": { "bridge": null, "covered": null, "electrified": "contact_line", "frequency": "0", "gauge": "1067", "layer": "-2", "maxspeed": "80", "name": "MRT Jakarta Jalur Utara-Selatan", "name:en": "Jakarta MRT North-South Line", "network": "MRT Jakarta", "operator": "PT MRT Jakarta (Perseroda)", "railway": "subway", "start_date": "2019-03-24", "tracks": null, "voltage": "1500", "wikidata": null, "wikipedia": null, "osm_type": "way", "osm_id": 1295734399, "name:id": "MRT Jakarta Jalur Utara-Selatan", "tunnel": "yes", "usage": "main", "network:wikidata": null, "opening_date": null, "website": null, "line": null, "service": "MRT Jakarta", "alt_name": null, "railway:track_ref": null, "check_date": null, "description": null, "source": null, "embankment": null }, "geometry": { "type": "LineString", "coordinates": [ [ 106.8230342, -6.1959917 ], [ 106.823094, -6.1958159 ], [ 106.8231495, -6.1956292 ] ] } },
{ "type": "Feature", "properties": { "bridge": "yes", "covered": null, "electrified": "rail", "frequency": "0", "gauge": "1435", "layer": "3", "maxspeed": "80", "name": "LRT Jabodebek", "name:en": "Jabodebek LRT", "network": null, "operator": "PT Kereta Api Indonesia (Persero), Divisi LRT Jabodebek", "railway": "light_rail", "start_date": null, "tracks": null, "voltage": "750", "wikidata": "Q20427104", "wikipedia": "id:LRT Jabodebek", "osm_type": "way", "osm_id": 1332161173, "name:id": null, "tunnel": null, "usage": "main", "network:wikidata": "Q20427104", "opening_date": "2023-07-12", "website": "https://adhi.co.id/projects/lrt-jabodebek/", "line": null, "service": "LRT Jabodebek", "alt_name": null, "railway:track_ref": null, "check_date": null, "description": null, "source": null, "embankment": null }, "geometry": { "type": "LineString", "coordinates": [ [ 106.8753787, -6.2479302 ], [ 106.8756075, -6.2481763 ], [ 106.8756923, -6.2482944 ], [ 106.8757494, -6.248405 ], [ 106.8757853, -6.2485474 ], [ 106.8757993, -6.2486511 ], [ 106.8757944, -6.2487643 ], [ 106.8757754, -6.2488776 ], [ 106.8757415, -6.2489837 ], [ 106.8756797, -6.2491157 ], [ 106.8756205, -6.249209 ], [ 106.8754184, -6.2494703 ], [ 106.8752415, -6.2496576 ], [ 106.875052, -6.2498315 ], [ 106.8746329, -6.2502285 ], [ 106.8743025, -6.2505561 ], [ 106.8737892, -6.2510396 ], [ 106.8734274, -6.2513899 ], [ 106.8731529, -6.2516714 ], [ 106.8730056, -6.2518847 ], [ 106.8728515, -6.2521266 ], [ 106.8726264, -6.2525391 ], [ 106.8725238, -6.252803 ], [ 106.8717152, -6.2548851 ], [ 106.8716553, -6.2550751 ], [ 106.8716305, -6.2552796 ], [ 106.871633, -6.2554469 ], [ 106.8716626, -6.2555989 ], [ 106.8717307, -6.2557789 ], [ 106.8718149, -6.2559277 ], [ 106.871864, -6.2559952 ], [ 106.8719832, -6.2561288 ], [ 106.8727702, -6.2567197 ], [ 106.8729187, -6.2568919 ], [ 106.8730285, -6.2570493 ], [ 106.8730837, -6.2571881 ], [ 106.8731257, -6.2573379 ], [ 106.8733856, -6.2587398 ], [ 106.8734434, -6.2591176 ], [ 106.8734608, -6.2595883 ], [ 106.8734615, -6.259937 ], [ 106.8732285, -6.2637481 ], [ 106.8731994, -6.2642754 ], [ 106.8732343, -6.2646738 ], [ 106.8733567, -6.2655787 ], [ 106.8734088, -6.2661673 ], [ 106.8734137, -6.266723 ], [ 106.8733787, -6.2670748 ], [ 106.8730544, -6.2689035 ], [ 106.8729896, -6.2695442 ], [ 106.8729639, -6.2701652 ], [ 106.8729673, -6.2707431 ], [ 106.87298, -6.271269 ] ] } },
{ "type": "Feature", "properties": { "bridge": "yes", "covered": null, "electrified": "rail", "frequency": "0", "gauge": "1435", "layer": "3", "maxspeed": "80", "name": "LRT Jabodebek", "name:en": "Jabodebek LRT", "network": null, "operator": "PT Kereta Api Indonesia (Persero), Divisi LRT Jabodebek", "railway": "light_rail", "start_date": null, "tracks": null, "voltage": "750", "wikidata": "Q20427104", "wikipedia": "id:LRT Jabodebek", "osm_type": "way", "osm_id": 1332161174, "name:id": null, "tunnel": null, "usage": "main", "network:wikidata": "Q20427104", "opening_date": "2023-07-12", "website": "https://adhi.co.id/projects/lrt-jabodebek/", "line": null, "service": "LRT Jabodebek", "alt_name": null, "railway:track_ref": null, "check_date": null, "description": null, "source": null, "embankment": null }, "geometry": { "type": "LineString", "coordinates": [ [ 106.8730216, -6.271269 ], [ 106.8730061, -6.2707352 ], [ 106.8730048, -6.2701664 ], [ 106.8730311, -6.2695478 ], [ 106.8730866, -6.2689179 ], [ 106.8734218, -6.2670921 ], [ 106.8734631, -6.2667235 ], [ 106.8734615, -6.2661761 ], [ 106.8733881, -6.2655681 ], [ 106.8732756, -6.2646721 ], [ 106.8732458, -6.2642629 ], [ 106.8732721, -6.2637519 ], [ 106.8735074, -6.2599309 ], [ 106.8735128, -6.2595942 ], [ 106.8734991, -6.2591172 ], [ 106.8734406, -6.2587391 ], [ 106.8731738, -6.2573513 ], [ 106.8731318, -6.2571753 ], [ 106.8730749, -6.25703 ], [ 106.8729535, -6.2568734 ], [ 106.8728077, -6.2567091 ], [ 106.8720212, -6.2561218 ], [ 106.871946, -6.2560329 ], [ 106.8718465, -6.2558893 ], [ 106.8717716, -6.2557515 ], [ 106.8717063, -6.2555883 ], [ 106.8716809, -6.2554247 ], [ 106.8716784, -6.255281 ], [ 106.8716966, -6.2550871 ], [ 106.8717562, -6.2548982 ], [ 106.8725575, -6.2528437 ], [ 106.8726699, -6.2525489 ], [ 106.8728888, -6.2521485 ], [ 106.8730426, -6.251902 ], [ 106.8731686, -6.251725 ], [ 106.8734505, -6.2514108 ], [ 106.8738158, -6.2510625 ], [ 106.8743244, -6.2505793 ], [ 106.8746515, -6.2502622 ], [ 106.8750043, -6.2499307 ], [ 106.8752826, -6.2496741 ], [ 106.8754614, -6.2494846 ], [ 106.8756651, -6.2492283 ], [ 106.8757204, -6.2491267 ], [ 106.8757818, -6.2490026 ], [ 106.8758185, -6.2488841 ], [ 106.8758372, -6.2487678 ], [ 106.8758346, -6.2486485 ], [ 106.8758239, -6.2485384 ], [ 106.8757875, -6.2484064 ], [ 106.8757319, -6.2482974 ], [ 106.8756518, -6.2481571 ], [ 106.8754023, -6.2479146 ] ] } },
{ "type": "Feature", "properties": { "bridge": null, "covered": null, "electrified": "rail", "frequency": "0", "gauge": "1435", "layer": null, "maxspeed": "80", "name": "LRT Jabodebek", "name:en": "Jabodebek LRT", "network": null, "operator": "PT Kereta Api Indonesia (Persero), Divisi LRT Jabodebek", "railway": "light_rail", "start_date": null, "tracks": null, "voltage": "750", "wikidata": "Q20427104", "wikipedia": "id:LRT Jabodebek", "osm_type": "way", "osm_id": 1332161175, "name:id": null, "tunnel": null, "usage": "main", "network:wikidata": "Q20427104", "opening_date": "2023-07-12", "website": "https://adhi.co.id/projects/lrt-jabodebek/", "line": null, "service": "LRT Jabodebek", "alt_name": null, "railway:track_ref": null, "check_date": null, "description": null, "source": null, "embankment": null }, "geometry": { "type": "LineString", "coordinates": [ [ 106.87298, -6.271269 ], [ 106.8730125, -6.2720567 ], [ 106.8730675, -6.2729144 ], [ 106.8730769, -6.2732497 ], [ 106.8731117, -6.2735244 ], [ 106.8731612, -6.2737689 ], [ 106.8733035, -6.2744162 ], [ 106.8736709, -6.2760225 ], [ 106.8738594, -6.2766391 ], [ 106.8741021, -6.2773465 ] ] } },
{ "type": "Feature", "properties": { "bridge": null, "covered": null, "electrified": "rail", "frequency": "0", "gauge": "1435", "layer": null, "maxspeed": "80", "name": "LRT Jabodebek", "name:en": "Jabodebek LRT", "network": null, "operator": "PT Kereta Api Indonesia (Persero), Divisi LRT Jabodebek", "railway": "light_rail", "start_date": null, "tracks": null, "voltage": "750", "wikidata": "Q20427104", "wikipedia": "id:LRT Jabodebek", "osm_type": "way", "osm_id": 1332161176, "name:id": null, "tunnel": null, "usage": "main", "network:wikidata": "Q20427104", "opening_date": "2023-07-12", "website": "https://adhi.co.id/projects/lrt-jabodebek/", "line": null, "service": "LRT Jabodebek", "alt_name": null, "railway:track_ref": null, "check_date": null, "description": null, "source": null, "embankment": null }, "geometry": { "type": "LineString", "coordinates": [ [ 106.8741531, -6.2773504 ], [ 106.8736951, -6.2759626 ], [ 106.8733424, -6.2744109 ], [ 106.8731975, -6.2737633 ], [ 106.8731493, -6.2735244 ], [ 106.8731171, -6.2732444 ], [ 106.873107, -6.2729125 ], [ 106.8730447, -6.2720513 ], [ 106.8730216, -6.271269 ] ] } },
{ "type": "Feature", "properties": { "bridge": "yes", "covered": null, "electrified": "yes", "frequency": "0", "gauge": "1435", "layer": "3", "maxspeed": "80", "name": "LRT Jabodebek", "name:en": "Jabodebek LRT", "network": null, "operator": "PT Kereta Api Indonesia (Persero), Divisi LRT Jabodebek", "railway": "light_rail", "start_date": null, "tracks": null, "voltage": "750", "wikidata": "Q20427104", "wikipedia": "id:LRT Jabodebek", "osm_type": "way", "osm_id": 1361150068, "name:id": null, "tunnel": null, "usage": "main", "network:wikidata": "Q20427104", "opening_date": "2023-07-12", "website": "https://adhi.co.id/projects/lrt-jabodebek/", "line": null, "service": "LRT Jabodebek", "alt_name": null, "railway:track_ref": null, "check_date": null, "description": null, "source": null, "embankment": null }, "geometry": { "type": "LineString", "coordinates": [ [ 106.8958161, -6.3747823 ], [ 106.8959276, -6.3751825 ] ] } },
{ "type": "Feature", "properties": { "bridge": "yes", "covered": null, "electrified": "yes", "frequency": "0", "gauge": "1435", "layer": "3", "maxspeed": "80", "name": "LRT Jabodebek", "name:en": null, "network": null, "operator": "PT Kereta Api Indonesia (Persero), Divisi LRT Jabodebek", "railway": "light_rail", "start_date": null, "tracks": null, "voltage": "750", "wikidata": "Q20427104", "wikipedia": "id:LRT Jabodebek", "osm_type": "way", "osm_id": 1361642970, "name:id": null, "tunnel": null, "usage": "main", "network:wikidata": "Q20427104", "opening_date": "2023-07-12", "website": "https://adhi.co.id/projects/lrt-jabodebek/", "line": null, "service": "LRT Jabodebek", "alt_name": null, "railway:track_ref": null, "check_date": null, "description": null, "source": null, "embankment": null }, "geometry": { "type": "LineString", "coordinates": [ [ 106.8255247, -6.2048511 ], [ 106.826366, -6.2050271 ], [ 106.8268403, -6.2051263 ], [ 106.8271736, -6.2051909 ], [ 106.8273892, -6.2052263 ], [ 106.8277938, -6.205282 ], [ 106.8279233, -6.2053061 ], [ 106.8280454, -6.2053412 ], [ 106.8281601, -6.2053871 ], [ 106.8282735, -6.2054525 ], [ 106.8283672, -6.2055283 ], [ 106.8284462, -6.2056141 ], [ 106.8285338, -6.2057505 ], [ 106.828604, -6.2058894 ], [ 106.8286647, -6.2060228 ], [ 106.8287298, -6.2061401 ], [ 106.8288455, -6.2063054 ], [ 106.8289857, -6.2064723 ], [ 106.8291178, -6.2066157 ], [ 106.8292152, -6.2067403 ], [ 106.8293211, -6.2069201 ], [ 106.8295218, -6.207332 ], [ 106.8296866, -6.2076933 ], [ 106.8298133, -6.2079986 ], [ 106.8299156, -6.2082785 ], [ 106.830015, -6.2085742 ], [ 106.8300791, -6.2087958 ], [ 106.8301381, -6.2090399 ], [ 106.8302046, -6.2093481 ], [ 106.8302686, -6.2097029 ], [ 106.830309, -6.2099764 ], [ 106.8303605, -6.2104851 ], [ 106.8304011, -6.2110213 ], [ 106.8304172, -6.2112923 ], [ 106.8304229, -6.2118348 ], [ 106.8304043, -6.2126844 ], [ 106.8304122, -6.2129547 ], [ 106.8304295, -6.2132301 ], [ 106.8306742, -6.21618 ], [ 106.830701, -6.216442 ], [ 106.8307497, -6.2167327 ], [ 106.8308398, -6.2171773 ], [ 106.8310379, -6.218067 ], [ 106.8312024, -6.2186473 ], [ 106.8314742, -6.2194958 ], [ 106.8316174, -6.2198349 ], [ 106.8319067, -6.220487 ], [ 106.8319797, -6.2206608 ], [ 106.8320321, -6.2208728 ], [ 106.8320557, -6.2209883 ], [ 106.83222, -6.2216446 ], [ 106.8325308, -6.2228859 ], [ 106.8327514, -6.2236436 ], [ 106.8328049, -6.2238598 ], [ 106.8328431, -6.2240561 ], [ 106.8328676, -6.2242356 ], [ 106.8328863, -6.2244439 ], [ 106.8329738, -6.2257292 ], [ 106.8329951, -6.2260267 ], [ 106.8331817, -6.2287874 ], [ 106.8332254, -6.2293488 ], [ 106.833227, -6.229665 ], [ 106.8332142, -6.229855 ], [ 106.8331923, -6.2300416 ], [ 106.8331567, -6.2302196 ], [ 106.8330997, -6.2304165 ], [ 106.8329555, -6.2309151 ], [ 106.8328837, -6.2311294 ], [ 106.8328284, -6.2312843 ], [ 106.8327679, -6.2314389 ], [ 106.8326883, -6.2315974 ], [ 106.8325262, -6.2319284 ], [ 106.8324567, -6.2320546 ], [ 106.8323768, -6.2321871 ], [ 106.8322841, -6.2323316 ], [ 106.8321676, -6.2324932 ], [ 106.8319988, -6.2326938 ], [ 106.831824, -6.2329033 ], [ 106.8316473, -6.2330993 ], [ 106.8314811, -6.2332698 ], [ 106.8311815, -6.2335322 ], [ 106.8308596, -6.2337675 ], [ 106.8305917, -6.2339454 ], [ 106.8302687, -6.2341245 ], [ 106.8292535, -6.234585 ], [ 106.8289902, -6.2347189 ], [ 106.8288647, -6.2347951 ], [ 106.8287577, -6.2348654 ], [ 106.828619, -6.2349704 ], [ 106.8285054, -6.2350629 ], [ 106.8284166, -6.2351426 ], [ 106.8281995, -6.2353633 ], [ 106.8280426, -6.2355389 ], [ 106.8279165, -6.2356999 ], [ 106.8278251, -6.2358343 ] ] } },
{ "type": "Feature", "properties": { "bridge": "yes", "covered": null, "electrified": "yes", "frequency": "0", "gauge": "1435", "layer": "3", "maxspeed": "80", "name": "LRT Jabodebek", "name:en": "Jabodebek LRT", "network": null, "operator": "PT Kereta Api Indonesia (Persero), Divisi LRT Jabodebek", "railway": "light_rail", "start_date": null, "tracks": null, "voltage": "750", "wikidata": "Q20427104", "wikipedia": "id:LRT Jabodebek", "osm_type": "way", "osm_id": 1361642971, "name:id": null, "tunnel": null, "usage": "main", "network:wikidata": "Q20427104", "opening_date": "2023-07-12", "website": "https://adhi.co.id/projects/lrt-jabodebek/", "line": null, "service": "LRT Jabodebek", "alt_name": null, "railway:track_ref": null, "check_date": null, "description": null, "source": null, "embankment": null }, "geometry": { "type": "LineString", "coordinates": [ [ 106.8278649, -6.2358603 ], [ 106.827955, -6.2357277 ], [ 106.8280792, -6.2355692 ], [ 106.8282343, -6.2353956 ], [ 106.8284496, -6.2351767 ], [ 106.8285364, -6.2350988 ], [ 106.8286485, -6.2350075 ], [ 106.8287853, -6.234904 ], [ 106.8288902, -6.234835 ], [ 106.8290135, -6.2347602 ], [ 106.8292742, -6.2346276 ], [ 106.8302902, -6.2341667 ], [ 106.8306165, -6.2339858 ], [ 106.8308869, -6.2338062 ], [ 106.8312114, -6.2335691 ], [ 106.831514, -6.2333041 ], [ 106.8316821, -6.2331316 ], [ 106.83186, -6.2329342 ], [ 106.8320363, -6.2327229 ], [ 106.8321925, -6.2325111 ], [ 106.8323136, -6.2323469 ], [ 106.8324047, -6.2322059 ], [ 106.8324897, -6.2320724 ], [ 106.8325672, -6.2319399 ], [ 106.8327163, -6.2315998 ], [ 106.8327909, -6.2314511 ], [ 106.8328602, -6.2312938 ], [ 106.8329136, -6.2311363 ], [ 106.8329858, -6.2309218 ], [ 106.8331398, -6.2304245 ], [ 106.8331948, -6.2302234 ], [ 106.8332275, -6.2300428 ], [ 106.8332533, -6.2298558 ], [ 106.8332711, -6.2296635 ], [ 106.8332601, -6.2293378 ], [ 106.8332233, -6.2287823 ], [ 106.8330363, -6.226066 ], [ 106.8330108, -6.2257328 ], [ 106.8329184, -6.2244418 ], [ 106.8329027, -6.2242321 ], [ 106.8328769, -6.2240428 ], [ 106.8328364, -6.2238536 ], [ 106.8327855, -6.2236297 ], [ 106.8324916, -6.2225336 ], [ 106.8322652, -6.2216294 ], [ 106.8321016, -6.2209757 ], [ 106.8320722, -6.2208631 ], [ 106.8320128, -6.2206456 ], [ 106.8319361, -6.2204639 ], [ 106.8316419, -6.2198103 ], [ 106.8315048, -6.2194837 ], [ 106.8312145, -6.2185842 ], [ 106.8310751, -6.2180519 ], [ 106.8308783, -6.217141 ], [ 106.8308018, -6.2167275 ], [ 106.8307502, -6.2164452 ], [ 106.8307216, -6.2161745 ], [ 106.830477, -6.2132268 ], [ 106.8304597, -6.2129525 ], [ 106.8304519, -6.2126842 ], [ 106.8304705, -6.2118351 ], [ 106.8304648, -6.2112907 ], [ 106.8304486, -6.2110181 ], [ 106.8304079, -6.210481 ], [ 106.8303562, -6.2099706 ], [ 106.8303156, -6.2096953 ], [ 106.8302513, -6.209339 ], [ 106.8301845, -6.2090294 ], [ 106.8301251, -6.2087837 ], [ 106.8300605, -6.2085602 ], [ 106.8299605, -6.2082629 ], [ 106.8298577, -6.2079815 ], [ 106.8297303, -6.2076745 ], [ 106.8295649, -6.2073119 ], [ 106.8293631, -6.2068978 ], [ 106.8292547, -6.2067137 ], [ 106.8291542, -6.2065852 ], [ 106.8290215, -6.2064411 ], [ 106.8288834, -6.2062767 ], [ 106.8287703, -6.2061151 ], [ 106.8287073, -6.2060016 ], [ 106.828647, -6.205869 ], [ 106.8285752, -6.2057271 ], [ 106.8284841, -6.2055852 ], [ 106.8283999, -6.2054938 ], [ 106.8283006, -6.2054135 ], [ 106.828181, -6.2053445 ], [ 106.8280609, -6.2052964 ], [ 106.8279343, -6.20526 ], [ 106.8278014, -6.2052353 ], [ 106.8273963, -6.2051795 ], [ 106.827182, -6.2051443 ], [ 106.8268498, -6.2050799 ], [ 106.826757, -6.2050605 ], [ 106.8255355, -6.2048049 ] ] } },
{ "type": "Feature", "properties": { "bridge": "yes", "covered": null, "electrified": "yes", "frequency": "0", "gauge": "1435", "layer": "3", "maxspeed": "30", "name": "LRT Jabodebek", "name:en": "Jabodebek LRT", "network": null, "operator": "PT Kereta Api Indonesia (Persero), Divisi LRT Jabodebek", "railway": "light_rail", "start_date": null, "tracks": null, "voltage": "750", "wikidata": "Q20427104", "wikipedia": "id:LRT Jabodebek", "osm_type": "way", "osm_id": 1361642972, "name:id": null, "tunnel": null, "usage": "main", "network:wikidata": "Q20427104", "opening_date": "2023-07-12", "website": "https://adhi.co.id/projects/lrt-jabodebek/", "line": null, "service": "LRT Jabodebek", "alt_name": null, "railway:track_ref": null, "check_date": null, "description": null, "source": null, "embankment": null }, "geometry": { "type": "LineString", "coordinates": [ [ 106.8279738, -6.2377422 ], [ 106.8278467, -6.2376568 ], [ 106.8277467, -6.2375775 ], [ 106.8276567, -6.2374811 ], [ 106.8275866, -6.237382 ], [ 106.8275291, -6.2372821 ], [ 106.8274813, -6.2371637 ], [ 106.8274492, -6.237055 ], [ 106.8274279, -6.2369145 ], [ 106.8274278, -6.2368115 ], [ 106.8274404, -6.2366832 ], [ 106.8274714, -6.2365614 ], [ 106.8275125, -6.2364475 ], [ 106.8275617, -6.2363427 ] ] } },
{ "type": "Feature", "properties": { "bridge": "yes", "covered": null, "electrified": "yes", "frequency": "0", "gauge": "1435", "layer": "3", "maxspeed": "30", "name": "LRT Jabodebek", "name:en": null, "network": null, "operator": "PT Kereta Api Indonesia (Persero), Divisi LRT Jabodebek", "railway": "light_rail", "start_date": null, "tracks": null, "voltage": "750", "wikidata": "Q20427104", "wikipedia": "id:LRT Jabodebek", "osm_type": "way", "osm_id": 1361642973, "name:id": null, "tunnel": null, "usage": "main", "network:wikidata": "Q20427104", "opening_date": "2023-07-12", "website": "https://adhi.co.id/projects/lrt-jabodebek/", "line": null, "service": "LRT Jabodebek", "alt_name": null, "railway:track_ref": null, "check_date": null, "description": null, "source": null, "embankment": null }, "geometry": { "type": "LineString", "coordinates": [ [ 106.8279479, -6.2377813 ], [ 106.8278186, -6.237695 ], [ 106.8277142, -6.2376123 ], [ 106.8276196, -6.2375109 ], [ 106.8275464, -6.2374074 ], [ 106.8274862, -6.2373028 ], [ 106.8274363, -6.2371792 ], [ 106.8274026, -6.2370652 ], [ 106.8273803, -6.2369181 ], [ 106.8273802, -6.2368092 ], [ 106.8273934, -6.2366751 ], [ 106.8274258, -6.2365476 ], [ 106.8274685, -6.2364294 ], [ 106.8275183, -6.2363239 ] ] } },
{ "type": "Feature", "properties": { "bridge": "yes", "covered": null, "electrified": "rail", "frequency": "0", "gauge": "1435", "layer": "3", "maxspeed": "80", "name": "LRT Jabodebek", "name:en": "Jabodebek LRT", "network": null, "operator": "PT Kereta Api Indonesia (Persero), Divisi LRT Jabodebek", "railway": "light_rail", "start_date": null, "tracks": null, "voltage": "750", "wikidata": "Q20427104", "wikipedia": "id:LRT Jabodebek", "osm_type": "way", "osm_id": 1364419051, "name:id": null, "tunnel": null, "usage": "main", "network:wikidata": "Q20427104", "opening_date": "2023-07-12", "website": "https://adhi.co.id/projects/lrt-jabodebek/", "line": null, "service": "LRT Jabodebek", "alt_name": null, "railway:track_ref": null, "check_date": null, "description": null, "source": null, "embankment": null }, "geometry": { "type": "LineString", "coordinates": [ [ 106.8754023, -6.2479146 ], [ 106.8745597, -6.247212 ], [ 106.8739294, -6.2466628 ], [ 106.8738902, -6.2466305 ], [ 106.8738307, -6.246592 ], [ 106.8737619, -6.2465602 ], [ 106.8736799, -6.2465303 ], [ 106.8735983, -6.2465044 ], [ 106.8733144, -6.2464281 ], [ 106.8729055, -6.2463331 ] ] } },
{ "type": "Feature", "properties": { "bridge": "yes", "covered": null, "electrified": "rail", "frequency": "0", "gauge": "1435", "layer": "3", "maxspeed": "80", "name": "LRT Jabodebek", "name:en": null, "network": null, "operator": "PT Kereta Api Indonesia (Persero), Divisi LRT Jabodebek", "railway": "light_rail", "start_date": null, "tracks": null, "voltage": "750", "wikidata": "Q20427104", "wikipedia": "id:LRT Jabodebek", "osm_type": "way", "osm_id": 1364419052, "name:id": null, "tunnel": null, "usage": "main", "network:wikidata": "Q20427104", "opening_date": "2023-07-12", "website": "https://adhi.co.id/projects/lrt-jabodebek/", "line": null, "service": "LRT Jabodebek", "alt_name": null, "railway:track_ref": null, "check_date": null, "description": null, "source": null, "embankment": null }, "geometry": { "type": "LineString", "coordinates": [ [ 106.8753787, -6.2479302 ], [ 106.8745395, -6.2472439 ], [ 106.8738866, -6.2466837 ], [ 106.8738151, -6.2466425 ], [ 106.873739, -6.2466068 ], [ 106.8736716, -6.2465753 ], [ 106.87358, -6.2465401 ], [ 106.8733116, -6.2464611 ], [ 106.8729611, -6.2463786 ], [ 106.872859, -6.2463535 ] ] } },
{ "type": "Feature", "properties": { "bridge": "yes", "covered": null, "electrified": "yes", "frequency": "0", "gauge": "1435", "layer": "3", "maxspeed": "80", "name": "LRT Jabodebek", "name:en": "Jabodebek LRT", "network": null, "operator": "PT Kereta Api Indonesia (Persero), Divisi LRT Jabodebek", "railway": "light_rail", "start_date": null, "tracks": null, "voltage": "750", "wikidata": "Q20427104", "wikipedia": "id:LRT Jabodebek", "osm_type": "way", "osm_id": 1364419053, "name:id": null, "tunnel": null, "usage": "main", "network:wikidata": "Q20427104", "opening_date": "2023-07-12", "website": "https://adhi.co.id/projects/lrt-jabodebek/", "line": null, "service": "LRT Jabodebek", "alt_name": null, "railway:track_ref": "1", "check_date": null, "description": null, "source": null, "embankment": null }, "geometry": { "type": "LineString", "coordinates": [ [ 106.8729055, -6.2463331 ], [ 106.8719864, -6.2460909 ], [ 106.8712341, -6.2458886 ], [ 106.8705942, -6.2457114 ], [ 106.8704111, -6.2456578 ], [ 106.8703003, -6.2456251 ], [ 106.8701188, -6.2455629 ], [ 106.8699691, -6.2455068 ], [ 106.8697843, -6.2454314 ] ] } },
{ "type": "Feature", "properties": { "bridge": "yes", "covered": null, "electrified": "yes", "frequency": "0", "gauge": "1435", "layer": "3", "maxspeed": "80", "name": "LRT Jabodebek", "name:en": null, "network": null, "operator": "PT Kereta Api Indonesia (Persero), Divisi LRT Jabodebek", "railway": "light_rail", "start_date": null, "tracks": null, "voltage": "750", "wikidata": "Q20427104", "wikipedia": "id:LRT Jabodebek", "osm_type": "way", "osm_id": 1364419054, "name:id": null, "tunnel": null, "usage": "main", "network:wikidata": "Q20427104", "opening_date": "2023-07-12", "website": "https://adhi.co.id/projects/lrt-jabodebek/", "line": null, "service": "LRT Jabodebek", "alt_name": null, "railway:track_ref": "2", "check_date": null, "description": null, "source": null, "embankment": null }, "geometry": { "type": "LineString", "coordinates": [ [ 106.872859, -6.2463535 ], [ 106.8723757, -6.2462225 ], [ 106.8712235, -6.245926 ], [ 106.8707509, -6.2457963 ], [ 106.8705317, -6.245735 ], [ 106.8703778, -6.2456861 ], [ 106.8701555, -6.2456107 ], [ 106.8700338, -6.2455669 ], [ 106.8697709, -6.2454609 ] ] } },
{ "type": "Feature", "properties": { "bridge": "yes", "covered": null, "electrified": "yes", "frequency": "0", "gauge": "1435", "layer": "3", "maxspeed": "50", "name": "LRT Jabodebek", "name:en": null, "network": null, "operator": "PT Kereta Api Indonesia (Persero), Divisi LRT Jabodebek", "railway": "light_rail", "start_date": null, "tracks": null, "voltage": "750", "wikidata": "Q20427104", "wikipedia": "id:LRT Jabodebek", "osm_type": "way", "osm_id": 1367621436, "name:id": null, "tunnel": null, "usage": "main", "network:wikidata": "Q20427104", "opening_date": "2023-07-12", "website": "https://adhi.co.id/projects/lrt-jabodebek/", "line": null, "service": "LRT Jabodebek", "alt_name": null, "railway:track_ref": null, "check_date": null, "description": null, "source": null, "embankment": null }, "geometry": { "type": "LineString", "coordinates": [ [ 106.8275183, -6.2363239 ], [ 106.827583, -6.2362119 ], [ 106.8278251, -6.2358343 ] ] } },
{ "type": "Feature", "properties": { "bridge": "yes", "covered": null, "electrified": "yes", "frequency": "0", "gauge": "1435", "layer": "3", "maxspeed": "50", "name": "LRT Jabodebek", "name:en": "Jabodebek LRT", "network": null, "operator": "PT Kereta Api Indonesia (Persero), Divisi LRT Jabodebek", "railway": "light_rail", "start_date": null, "tracks": null, "voltage": "750", "wikidata": "Q20427104", "wikipedia": "id:LRT Jabodebek", "osm_type": "way", "osm_id": 1367621437, "name:id": null, "tunnel": null, "usage": "main", "network:wikidata": "Q20427104", "opening_date": "2023-07-12", "website": "https://adhi.co.id/projects/lrt-jabodebek/", "line": null, "service": "LRT Jabodebek", "alt_name": null, "railway:track_ref": null, "check_date": null, "description": null, "source": null, "embankment": null }, "geometry": { "type": "LineString", "coordinates": [ [ 106.8275617, -6.2363427 ], [ 106.8276237, -6.2362364 ], [ 106.8278649, -6.2358603 ] ] } },
{ "type": "Feature", "properties": { "bridge": "yes", "covered": null, "electrified": "yes", "frequency": "0", "gauge": "1435", "layer": "3", "maxspeed": "50", "name": "LRT Jabodebek", "name:en": null, "network": null, "operator": "PT Kereta Api Indonesia (Persero), Divisi LRT Jabodebek", "railway": "light_rail", "start_date": null, "tracks": null, "voltage": "750", "wikidata": "Q20427104", "wikipedia": "id:LRT Jabodebek", "osm_type": "way", "osm_id": 1367621438, "name:id": null, "tunnel": null, "usage": "main", "network:wikidata": "Q20427104", "opening_date": "2023-07-12", "website": "https://adhi.co.id/projects/lrt-jabodebek/", "line": null, "service": "LRT Jabodebek", "alt_name": null, "railway:track_ref": null, "check_date": null, "description": null, "source": null, "embankment": null }, "geometry": { "type": "LineString", "coordinates": [ [ 106.8283399, -6.2380214 ], [ 106.8279479, -6.2377813 ] ] } },
{ "type": "Feature", "properties": { "bridge": "yes", "covered": null, "electrified": "yes", "frequency": "0", "gauge": "1435", "layer": "3", "maxspeed": "50", "name": "LRT Jabodebek", "name:en": "Jabodebek LRT", "network": null, "operator": "PT Kereta Api Indonesia (Persero), Divisi LRT Jabodebek", "railway": "light_rail", "start_date": null, "tracks": null, "voltage": "750", "wikidata": "Q20427104", "wikipedia": "id:LRT Jabodebek", "osm_type": "way", "osm_id": 1367621439, "name:id": null, "tunnel": null, "usage": "main", "network:wikidata": "Q20427104", "opening_date": "2023-07-12", "website": "https://adhi.co.id/projects/lrt-jabodebek/", "line": null, "service": "LRT Jabodebek", "alt_name": null, "railway:track_ref": null, "check_date": null, "description": null, "source": null, "embankment": null }, "geometry": { "type": "LineString", "coordinates": [ [ 106.8283643, -6.2379801 ], [ 106.8280826, -6.23781 ], [ 106.8279738, -6.2377422 ] ] } },
{ "type": "Feature", "properties": { "bridge": "yes", "covered": null, "electrified": "yes", "frequency": "0", "gauge": "1435", "layer": "3", "maxspeed": "80", "name": "LRT Jabodebek", "name:en": "Jabodebek LRT", "network": null, "operator": "PT Kereta Api Indonesia (Persero), Divisi LRT Jabodebek", "railway": "light_rail", "start_date": null, "tracks": null, "voltage": "750", "wikidata": "Q20427104", "wikipedia": "id:LRT Jabodebek", "osm_type": "way", "osm_id": 1368205128, "name:id": null, "tunnel": null, "usage": "main", "network:wikidata": "Q20427104", "opening_date": "2023-07-12", "website": "https://adhi.co.id/projects/lrt-jabodebek/", "line": null, "service": "LRT Jabodebek", "alt_name": null, "railway:track_ref": null, "check_date": null, "description": null, "source": null, "embankment": null }, "geometry": { "type": "LineString", "coordinates": [ [ 107.0247566, -6.2651701 ], [ 107.0229456, -6.2645349 ], [ 107.022784, -6.2644782 ], [ 107.0223845, -6.2643381 ], [ 107.0216705, -6.2640876 ] ] } },
{ "type": "Feature", "properties": { "bridge": "yes", "covered": null, "electrified": "yes", "frequency": "0", "gauge": "1435", "layer": "3", "maxspeed": "80", "name": "LRT Jabodebek", "name:en": "Jabodebek LRT", "network": null, "operator": "PT Kereta Api Indonesia (Persero), Divisi LRT Jabodebek", "railway": "light_rail", "start_date": null, "tracks": null, "voltage": "750", "wikidata": "Q20427104", "wikipedia": "id:LRT Jabodebek", "osm_type": "way", "osm_id": 1368205129, "name:id": null, "tunnel": null, "usage": "main", "network:wikidata": "Q20427104", "opening_date": "2023-07-12", "website": "https://adhi.co.id/projects/lrt-jabodebek/", "line": null, "service": "LRT Jabodebek", "alt_name": null, "railway:track_ref": null, "check_date": null, "description": "Perbatasan Kabupaten Bekasi dan Kota Bekasi", "source": "Permendagri No. 49 Tahun 2015", "embankment": null }, "geometry": { "type": "LineString", "coordinates": [ [ 107.0200631, -6.2635238 ], [ 107.0197705, -6.2634197 ], [ 107.0180315, -6.2628055 ], [ 107.0179613, -6.2627809 ] ] } },
{ "type": "Feature", "properties": { "bridge": null, "covered": null, "electrified": "contact_line", "frequency": "0", "gauge": "1067", "layer": null, "maxspeed": "90", "name": "MRT Jakarta Jalur Utara-Selatan", "name:en": "Jakarta MRT North-South Line", "network": "MRT Jakarta", "operator": "PT MRT Jakarta (Perseroda)", "railway": "subway", "start_date": "2019-03-24", "tracks": null, "voltage": "1500", "wikidata": "Q3333785", "wikipedia": "id:MRT Jakarta", "osm_type": "way", "osm_id": 1374743104, "name:id": null, "tunnel": null, "usage": null, "network:wikidata": null, "opening_date": null, "website": null, "line": null, "service": "MRT Jakarta", "alt_name": null, "railway:track_ref": null, "check_date": null, "description": null, "source": null, "embankment": null }, "geometry": { "type": "LineString", "coordinates": [ [ 106.7984838, -6.2336668 ], [ 106.7984838, -6.2330242 ] ] } },
{ "type": "Feature", "properties": { "bridge": null, "covered": null, "electrified": "contact_line", "frequency": "0", "gauge": "1067", "layer": null, "maxspeed": "90", "name": "MRT Jakarta Jalur Utara-Selatan", "name:en": "Jakarta MRT North-South Line", "network": "MRT Jakarta", "operator": "PT MRT Jakarta (Perseroda)", "railway": "subway", "start_date": "2019-03-24", "tracks": "1", "voltage": "1500", "wikidata": "Q3333785", "wikipedia": "id:MRT Jakarta", "osm_type": "way", "osm_id": 1374743105, "name:id": null, "tunnel": null, "usage": null, "network:wikidata": null, "opening_date": null, "website": null, "line": null, "service": "MRT Jakarta", "alt_name": null, "railway:track_ref": null, "check_date": null, "description": null, "source": null, "embankment": null }, "geometry": { "type": "LineString", "coordinates": [ [ 106.798432, -6.2330243 ], [ 106.7984328, -6.2336678 ] ] } },
{ "type": "Feature", "properties": { "bridge": null, "covered": "yes", "electrified": "contact_line", "frequency": "0", "gauge": "1067", "layer": null, "maxspeed": null, "name": null, "name:en": null, "network": null, "operator": null, "railway": "subway", "start_date": null, "tracks": null, "voltage": "1500", "wikidata": null, "wikipedia": null, "osm_type": "way", "osm_id": 1408710949, "name:id": null, "tunnel": null, "usage": null, "network:wikidata": null, "opening_date": null, "website": null, "line": null, "service": "MRT Jakarta", "alt_name": null, "railway:track_ref": null, "check_date": null, "description": null, "source": null, "embankment": null }, "geometry": { "type": "LineString", "coordinates": [ [ 106.7756792, -6.290103 ], [ 106.7769336, -6.2901321 ] ] } },
{ "type": "Feature", "properties": { "bridge": null, "covered": "yes", "electrified": "contact_line", "frequency": "0", "gauge": "1067", "layer": null, "maxspeed": null, "name": null, "name:en": null, "network": null, "operator": null, "railway": "subway", "start_date": null, "tracks": null, "voltage": "1500", "wikidata": null, "wikipedia": null, "osm_type": "way", "osm_id": 1408710950, "name:id": null, "tunnel": null, "usage": null, "network:wikidata": null, "opening_date": null, "website": null, "line": null, "service": "MRT Jakarta", "alt_name": null, "railway:track_ref": null, "check_date": null, "description": null, "source": null, "embankment": null }, "geometry": { "type": "LineString", "coordinates": [ [ 106.7769337, -6.2901919 ], [ 106.7756766, -6.2901542 ] ] } },
{ "type": "Feature", "properties": { "bridge": null, "covered": null, "electrified": "contact_line", "frequency": "0", "gauge": "1067", "layer": null, "maxspeed": null, "name": null, "name:en": null, "network": null, "operator": null, "railway": "subway", "start_date": null, "tracks": null, "voltage": "1500", "wikidata": null, "wikipedia": null, "osm_type": "way", "osm_id": 1408710951, "name:id": null, "tunnel": null, "usage": null, "network:wikidata": null, "opening_date": null, "website": null, "line": null, "service": "MRT Jakarta", "alt_name": null, "railway:track_ref": null, "check_date": null, "description": null, "source": null, "embankment": null }, "geometry": { "type": "LineString", "coordinates": [ [ 106.7756642, -6.2902162 ], [ 106.7752338, -6.2901942 ], [ 106.7751246, -6.2901831 ], [ 106.7749631, -6.2901482 ], [ 106.7747456, -6.2900765 ] ] } },
{ "type": "Feature", "properties": { "bridge": null, "covered": null, "electrified": "contact_line", "frequency": "0", "gauge": "1067", "layer": null, "maxspeed": null, "name": null, "name:en": null, "network": null, "operator": null, "railway": "subway", "start_date": null, "tracks": null, "voltage": "1500", "wikidata": null, "wikipedia": null, "osm_type": "way", "osm_id": 1408710952, "name:id": null, "tunnel": null, "usage": null, "network:wikidata": null, "opening_date": null, "website": null, "line": null, "service": "MRT Jakarta", "alt_name": null, "railway:track_ref": null, "check_date": null, "description": null, "source": null, "embankment": null }, "geometry": { "type": "LineString", "coordinates": [ [ 106.7754324, -6.2902764 ], [ 106.7752956, -6.2902731 ], [ 106.7751515, -6.2902512 ], [ 106.7750219, -6.2902224 ], [ 106.774814, -6.2901512 ], [ 106.7745455, -6.2900418 ] ] } },
{ "type": "Feature", "properties": { "bridge": null, "covered": null, "electrified": "contact_line", "frequency": "0", "gauge": "1067", "layer": null, "maxspeed": null, "name": null, "name:en": null, "network": null, "operator": null, "railway": "subway", "start_date": null, "tracks": null, "voltage": "1500", "wikidata": null, "wikipedia": null, "osm_type": "way", "osm_id": 1408710953, "name:id": null, "tunnel": null, "usage": null, "network:wikidata": null, "opening_date": null, "website": null, "line": null, "service": "MRT Jakarta", "alt_name": null, "railway:track_ref": null, "check_date": null, "description": null, "source": null, "embankment": null }, "geometry": { "type": "LineString", "coordinates": [ [ 106.7758325, -6.289916 ], [ 106.7772839, -6.28995 ] ] } },
{ "type": "Feature", "properties": { "bridge": null, "covered": "yes", "electrified": "contact_line", "frequency": "0", "gauge": "1067", "layer": null, "maxspeed": null, "name": null, "name:en": null, "network": null, "operator": null, "railway": "subway", "start_date": null, "tracks": null, "voltage": "1500", "wikidata": null, "wikipedia": null, "osm_type": "way", "osm_id": 1408710954, "name:id": null, "tunnel": null, "usage": null, "network:wikidata": null, "opening_date": null, "website": null, "line": null, "service": "MRT Jakarta", "alt_name": null, "railway:track_ref": null, "check_date": null, "description": null, "source": null, "embankment": null }, "geometry": { "type": "LineString", "coordinates": [ [ 106.7754951, -6.2899095 ], [ 106.7758325, -6.289916 ] ] } },
{ "type": "Feature", "properties": { "bridge": null, "covered": null, "electrified": "contact_line", "frequency": "0", "gauge": "1067", "layer": null, "maxspeed": null, "name": null, "name:en": null, "network": null, "operator": null, "railway": "subway", "start_date": null, "tracks": null, "voltage": "1500", "wikidata": null, "wikipedia": null, "osm_type": "way", "osm_id": 1408710955, "name:id": null, "tunnel": null, "usage": null, "network:wikidata": null, "opening_date": null, "website": null, "line": null, "service": "MRT Jakarta", "alt_name": null, "railway:track_ref": null, "check_date": null, "description": null, "source": null, "embankment": null }, "geometry": { "type": "LineString", "coordinates": [ [ 106.7763539, -6.2900086 ], [ 106.7773083, -6.2900314 ] ] } },
{ "type": "Feature", "properties": { "bridge": null, "covered": "yes", "electrified": "contact_line", "frequency": "0", "gauge": "1067", "layer": null, "maxspeed": null, "name": null, "name:en": null, "network": null, "operator": null, "railway": "subway", "start_date": null, "tracks": null, "voltage": "1500", "wikidata": null, "wikipedia": null, "osm_type": "way", "osm_id": 1408710956, "name:id": null, "tunnel": null, "usage": null, "network:wikidata": null, "opening_date": null, "website": null, "line": null, "service": "MRT Jakarta", "alt_name": null, "railway:track_ref": null, "check_date": null, "description": null, "source": null, "embankment": null }, "geometry": { "type": "LineString", "coordinates": [ [ 106.7754931, -6.289986 ], [ 106.7763539, -6.2900086 ] ] } },
{ "type": "Feature", "properties": { "bridge": null, "covered": null, "electrified": "contact_line", "frequency": "0", "gauge": "1067", "layer": null, "maxspeed": null, "name": null, "name:en": null, "network": null, "operator": null, "railway": "subway", "start_date": null, "tracks": null, "voltage": "1500", "wikidata": null, "wikipedia": null, "osm_type": "way", "osm_id": 1408710957, "name:id": null, "tunnel": null, "usage": null, "network:wikidata": null, "opening_date": null, "website": null, "line": null, "service": "MRT Jakarta", "alt_name": null, "railway:track_ref": null, "check_date": null, "description": null, "source": null, "embankment": null }, "geometry": { "type": "LineString", "coordinates": [ [ 106.7754922, -6.2900525 ], [ 106.7751558, -6.2900463 ], [ 106.774903, -6.290021 ], [ 106.7743413, -6.2899262 ] ] } },
{ "type": "Feature", "properties": { "bridge": null, "covered": null, "electrified": "contact_line", "frequency": "0", "gauge": "1067", "layer": null, "maxspeed": null, "name": null, "name:en": null, "network": null, "operator": null, "railway": "subway", "start_date": null, "tracks": null, "voltage": "1500", "wikidata": null, "wikipedia": null, "osm_type": "way", "osm_id": 1408710992, "name:id": null, "tunnel": null, "usage": null, "network:wikidata": null, "opening_date": null, "website": null, "line": null, "service": "MRT Jakarta", "alt_name": null, "railway:track_ref": null, "check_date": null, "description": null, "source": null, "embankment": null }, "geometry": { "type": "LineString", "coordinates": [ [ 106.7747952, -6.2901813 ], [ 106.7752038, -6.2904109 ], [ 106.7753283, -6.2904588 ], [ 106.7754768, -6.290495 ], [ 106.7756452, -6.2905063 ] ] } },
{ "type": "Feature", "properties": { "bridge": null, "covered": null, "electrified": "contact_line", "frequency": "0", "gauge": "1067", "layer": null, "maxspeed": null, "name": null, "name:en": null, "network": null, "operator": null, "railway": "subway", "start_date": null, "tracks": null, "voltage": "1500", "wikidata": null, "wikipedia": null, "osm_type": "way", "osm_id": 1408710993, "name:id": null, "tunnel": null, "usage": null, "network:wikidata": null, "opening_date": null, "website": null, "line": null, "service": "MRT Jakarta", "alt_name": null, "railway:track_ref": null, "check_date": null, "description": null, "source": null, "embankment": null }, "geometry": { "type": "LineString", "coordinates": [ [ 106.7745455, -6.2900418 ], [ 106.7747952, -6.2901813 ], [ 106.775187, -6.2903467 ], [ 106.7753666, -6.2903951 ], [ 106.7755081, -6.2904204 ], [ 106.7756442, -6.2904263 ] ] } },
{ "type": "Feature", "properties": { "bridge": null, "covered": null, "electrified": "contact_line", "frequency": "0", "gauge": "1067", "layer": null, "maxspeed": null, "name": null, "name:en": null, "network": null, "operator": null, "railway": "subway", "start_date": null, "tracks": null, "voltage": "1500", "wikidata": null, "wikipedia": null, "osm_type": "way", "osm_id": 1408710994, "name:id": null, "tunnel": null, "usage": null, "network:wikidata": null, "opening_date": null, "website": null, "line": null, "service": "MRT Jakarta", "alt_name": null, "railway:track_ref": null, "check_date": null, "description": null, "source": null, "embankment": null }, "geometry": { "type": "LineString", "coordinates": [ [ 106.774814, -6.2901512 ], [ 106.7749725, -6.2902244 ], [ 106.7751864, -6.2903002 ], [ 106.7754176, -6.2903395 ], [ 106.7756461, -6.2903557 ] ] } },
{ "type": "Feature", "properties": { "bridge": null, "covered": null, "electrified": "contact_line", "frequency": "0", "gauge": "1067", "layer": null, "maxspeed": null, "name": null, "name:en": null, "network": null, "operator": null, "railway": "subway", "start_date": null, "tracks": null, "voltage": "1500", "wikidata": null, "wikipedia": null, "osm_type": "way", "osm_id": 1408710995, "name:id": null, "tunnel": null, "usage": null, "network:wikidata": null, "opening_date": null, "website": null, "line": null, "service": "MRT Jakarta", "alt_name": null, "railway:track_ref": null, "check_date": null, "description": null, "source": null, "embankment": null }, "geometry": { "type": "LineString", "coordinates": [ [ 106.7734716, -6.2894752 ], [ 106.7737609, -6.2895152 ] ] } },
{ "type": "Feature", "properties": { "bridge": null, "covered": null, "electrified": "contact_line", "frequency": "0", "gauge": "1067", "layer": null, "maxspeed": null, "name": null, "name:en": null, "network": null, "operator": null, "railway": "subway", "start_date": null, "tracks": null, "voltage": "1500", "wikidata": null, "wikipedia": null, "osm_type": "way", "osm_id": 1408710996, "name:id": null, "tunnel": null, "usage": null, "network:wikidata": null, "opening_date": null, "website": null, "line": null, "service": "MRT Jakarta", "alt_name": null, "railway:track_ref": null, "check_date": null, "description": null, "source": null, "embankment": "yes" }, "geometry": { "type": "LineString", "coordinates": [ [ 106.7721173, -6.289446 ], [ 106.7723056, -6.289451 ], [ 106.7726588, -6.2894598 ] ] } },
{ "type": "Feature", "properties": { "bridge": null, "covered": null, "electrified": "contact_line", "frequency": "0", "gauge": "1067", "layer": null, "maxspeed": null, "name": null, "name:en": null, "network": null, "operator": null, "railway": "subway", "start_date": null, "tracks": null, "voltage": "1500", "wikidata": null, "wikipedia": null, "osm_type": "way", "osm_id": 1408710997, "name:id": null, "tunnel": null, "usage": null, "network:wikidata": null, "opening_date": null, "website": null, "line": null, "service": "MRT Jakarta", "alt_name": null, "railway:track_ref": null, "check_date": null, "description": null, "source": null, "embankment": null }, "geometry": { "type": "LineString", "coordinates": [ [ 106.7711315, -6.2896203 ], [ 106.7713987, -6.2896256 ], [ 106.7715403, -6.2896221 ], [ 106.7716712, -6.2896098 ], [ 106.771857, -6.289596 ] ] } },
{ "type": "Feature", "properties": { "bridge": null, "covered": null, "electrified": "contact_line", "frequency": "0", "gauge": "1067", "layer": null, "maxspeed": null, "name": null, "name:en": null, "network": null, "operator": null, "railway": "subway", "start_date": null, "tracks": null, "voltage": "1500", "wikidata": null, "wikipedia": null, "osm_type": "way", "osm_id": 1408710998, "name:id": null, "tunnel": null, "usage": null, "network:wikidata": null, "opening_date": null, "website": null, "line": null, "service": "MRT Jakarta", "alt_name": null, "railway:track_ref": null, "check_date": null, "description": null, "source": null, "embankment": null }, "geometry": { "type": "LineString", "coordinates": [ [ 106.771857, -6.289596 ], [ 106.7720681, -6.2895968 ], [ 106.7723057, -6.2895732 ], [ 106.7725134, -6.2895575 ] ] } },
{ "type": "Feature", "properties": { "bridge": "yes", "covered": null, "electrified": "yes", "frequency": "0", "gauge": "1435", "layer": "3", "maxspeed": "80", "name": "LRT Jabodebek", "name:en": "Jabodebek LRT", "network": null, "operator": "PT Kereta Api Indonesia (Persero), Divisi LRT Jabodebek", "railway": "light_rail", "start_date": null, "tracks": null, "voltage": "750", "wikidata": "Q20427104", "wikipedia": "id:LRT Jabodebek", "osm_type": "way", "osm_id": 1422433000, "name:id": null, "tunnel": null, "usage": "main", "network:wikidata": "Q20427104", "opening_date": "2023-07-12", "website": "https://adhi.co.id/projects/lrt-jabodebek/", "line": null, "service": "LRT Jabodebek", "alt_name": null, "railway:track_ref": null, "check_date": null, "description": null, "source": null, "embankment": null }, "geometry": { "type": "LineString", "coordinates": [ [ 107.0216652, -6.2641263 ], [ 107.0224146, -6.2643895 ], [ 107.0247536, -6.2652111 ] ] } },
{ "type": "Feature", "properties": { "bridge": "yes", "covered": null, "electrified": "yes", "frequency": "0", "gauge": "1435", "layer": "3", "maxspeed": "80", "name": "LRT Jabodebek", "name:en": "Jabodebek LRT", "network": null, "operator": "PT Kereta Api Indonesia (Persero), Divisi LRT Jabodebek", "railway": "light_rail", "start_date": null, "tracks": null, "voltage": "750", "wikidata": "Q20427104", "wikipedia": "id:LRT Jabodebek", "osm_type": "way", "osm_id": 1422433001, "name:id": null, "tunnel": null, "usage": "main", "network:wikidata": "Q20427104", "opening_date": "2023-07-12", "website": "https://adhi.co.id/projects/lrt-jabodebek/", "line": null, "service": "LRT Jabodebek", "alt_name": null, "railway:track_ref": null, "check_date": null, "description": null, "source": null, "embankment": null }, "geometry": { "type": "LineString", "coordinates": [ [ 107.0216705, -6.2640876 ], [ 107.0209381, -6.2638307 ], [ 107.0200631, -6.2635238 ] ] } },
{ "type": "Feature", "properties": { "bridge": "yes", "covered": null, "electrified": "yes", "frequency": "0", "gauge": "1435", "layer": "3", "maxspeed": "80", "name": "LRT Jabodebek", "name:en": "Jabodebek LRT", "network": null, "operator": "PT Kereta Api Indonesia (Persero), Divisi LRT Jabodebek", "railway": "light_rail", "start_date": null, "tracks": null, "voltage": "750", "wikidata": "Q20427104", "wikipedia": "id:LRT Jabodebek", "osm_type": "way", "osm_id": 1422433002, "name:id": null, "tunnel": null, "usage": "main", "network:wikidata": "Q20427104", "opening_date": "2023-07-12", "website": "https://adhi.co.id/projects/lrt-jabodebek/", "line": null, "service": "LRT Jabodebek", "alt_name": null, "railway:track_ref": null, "check_date": null, "description": null, "source": null, "embankment": null }, "geometry": { "type": "LineString", "coordinates": [ [ 106.8956519, -6.3738957 ], [ 106.8957737, -6.3745508 ], [ 106.8958161, -6.3747823 ], [ 106.8959695, -6.3756197 ], [ 106.8960151, -6.375881 ], [ 106.8960392, -6.3761395 ], [ 106.8960527, -6.3763994 ], [ 106.8960527, -6.3770352 ] ] } },
{ "type": "Feature", "properties": { "bridge": "yes", "covered": null, "electrified": "yes", "frequency": "0", "gauge": "1435", "layer": "3", "maxspeed": "80", "name": "LRT Jabodebek", "name:en": "Jabodebek LRT", "network": null, "operator": "PT Kereta Api Indonesia (Persero), Divisi LRT Jabodebek", "railway": "light_rail", "start_date": null, "tracks": null, "voltage": "750", "wikidata": "Q20427104", "wikipedia": "id:LRT Jabodebek", "osm_type": "way", "osm_id": 1422433003, "name:id": null, "tunnel": null, "usage": "main", "network:wikidata": "Q20427104", "opening_date": "2023-07-12", "website": "https://adhi.co.id/projects/lrt-jabodebek/", "line": null, "service": "LRT Jabodebek", "alt_name": null, "railway:track_ref": null, "check_date": null, "description": null, "source": null, "embankment": null }, "geometry": { "type": "LineString", "coordinates": [ [ 106.8961009, -6.3770378 ], [ 106.8960929, -6.3763954 ], [ 106.8960795, -6.3761342 ], [ 106.89605, -6.3758783 ], [ 106.8960097, -6.3756224 ], [ 106.8959276, -6.3751825 ], [ 106.8958113, -6.3745588 ], [ 106.8956864, -6.3738897 ] ] } },
{ "type": "Feature", "properties": { "bridge": "yes", "covered": null, "electrified": "yes", "frequency": "0", "gauge": "1435", "layer": "3", "maxspeed": "80", "name": "LRT Jabodebek", "name:en": "Jabodebek LRT", "network": null, "operator": "PT Kereta Api Indonesia (Persero), Divisi LRT Jabodebek", "railway": "light_rail", "start_date": null, "tracks": null, "voltage": "750", "wikidata": "Q20427104", "wikipedia": "id:LRT Jabodebek", "osm_type": "way", "osm_id": 1422433004, "name:id": null, "tunnel": null, "usage": "main", "network:wikidata": "Q20427104", "opening_date": "2023-07-12", "website": "https://adhi.co.id/projects/lrt-jabodebek/", "line": null, "service": "LRT Jabodebek", "alt_name": null, "railway:track_ref": null, "check_date": null, "description": null, "source": null, "embankment": null }, "geometry": { "type": "LineString", "coordinates": [ [ 106.8255355, -6.2048049 ], [ 106.8247519, -6.204641 ], [ 106.8229363, -6.2042612 ] ] } },
{ "type": "Feature", "properties": { "bridge": "yes", "covered": null, "electrified": "yes", "frequency": "0", "gauge": "1435", "layer": "3", "maxspeed": "80", "name": "LRT Jabodebek", "name:en": null, "network": null, "operator": "PT Kereta Api Indonesia (Persero), Divisi LRT Jabodebek", "railway": "light_rail", "start_date": null, "tracks": null, "voltage": "750", "wikidata": "Q20427104", "wikipedia": "id:LRT Jabodebek", "osm_type": "way", "osm_id": 1422433005, "name:id": null, "tunnel": null, "usage": "main", "network:wikidata": "Q20427104", "opening_date": "2023-07-12", "website": "https://adhi.co.id/projects/lrt-jabodebek/", "line": null, "service": "LRT Jabodebek", "alt_name": null, "railway:track_ref": null, "check_date": null, "description": null, "source": null, "embankment": null }, "geometry": { "type": "LineString", "coordinates": [ [ 106.8229296, -6.204308 ], [ 106.8244223, -6.2046204 ], [ 106.8255247, -6.2048511 ] ] } },
{ "type": "Feature", "properties": { "bridge": "yes", "covered": null, "electrified": "rail", "frequency": null, "gauge": null, "layer": "3", "maxspeed": null, "name": null, "name:en": null, "network": null, "operator": null, "railway": "light_rail", "start_date": null, "tracks": null, "voltage": null, "wikidata": null, "wikipedia": null, "osm_type": "way", "osm_id": 1466131968, "name:id": null, "tunnel": null, "usage": null, "network:wikidata": null, "opening_date": null, "website": null, "line": null, "service": "LRT (perlu verifikasi operator)", "alt_name": null, "railway:track_ref": null, "check_date": null, "description": null, "source": null, "embankment": null }, "geometry": { "type": "LineString", "coordinates": [ [ 106.8746329, -6.2502285 ], [ 106.8750043, -6.2499307 ] ] } },
{ "type": "Feature", "properties": { "bridge": "yes", "covered": null, "electrified": null, "frequency": null, "gauge": null, "layer": "3", "maxspeed": null, "name": null, "name:en": null, "network": null, "operator": null, "railway": "light_rail", "start_date": null, "tracks": null, "voltage": null, "wikidata": null, "wikipedia": null, "osm_type": "way", "osm_id": 1479373688, "name:id": null, "tunnel": null, "usage": null, "network:wikidata": null, "opening_date": null, "website": null, "line": null, "service": "LRT (perlu verifikasi operator)", "alt_name": null, "railway:track_ref": null, "check_date": null, "description": null, "source": null, "embankment": null }, "geometry": { "type": "LineString", "coordinates": [ [ 106.8866815, -6.3269284 ], [ 106.8867192, -6.3264524 ] ] } }
]
}
